Steps,Policy/Entropy,Policy/Extrinsic Value Estimate,Losses/Value Loss,Losses/Policy Loss,Policy/Learning Rate,Environment/Episode Length,Environment/Cumulative Reward,Policy/Extrinsic Reward,Is Training
100000,1.4266104,-0.10265217,0.013637219,0.02890105,0.0002950848,1902.2307692307693,-1.7403003239072858,-1.7403003239072858,1.0
110000,None,-0.118537165,0.004425461,0.02584045,0.00029455387,1999.0,-3.545454905791716,-3.545454905791716,1.0
120000,None,-0.19232564,None,None,None,1999.0,-3.238095690806707,-3.238095690806707,1.0
130000,1.4244208,-0.05764673,0.0033482236,0.02531496,0.00029362575,0.0,-0.7016884065323884,-0.7016884065323884,1.0
140000,None,-0.17650266,0.013407744,0.02431592,0.00029300837,None,None,None,1.0
150000,None,-0.12245852,None,None,None,None,None,None,1.0
160000,1.4238418,-0.10906339,None,None,None,None,None,None,1.0
170000,1.4268808,-0.21074523,0.009785914,0.021678872,0.0002919844,None,None,None,1.0
180000,None,-0.17254901,0.005149379,0.025316335,0.00029136997,None,None,None,1.0
190000,1.4271338,-0.13079976,None,None,None,None,None,None,1.0
200000,1.427099,-0.17997482,0.0066461703,0.021688938,0.00029034595,None,None,None,1.0
210000,None,-0.18166304,0.0032359692,0.017008875,0.0002897316,None,None,None,1.0
220000,1.4271927,-0.15524292,None,None,None,None,None,None,1.0
230000,1.4247756,-0.17947192,0.00420998,0.022305194,0.00028870767,1999.0,-2.8730003274977207,-2.8730003274977207,1.0
240000,None,-0.20912276,0.0025452191,0.018216204,0.00028815083,1999.0,-3.316182118925181,-3.316182118925181,1.0
250000,1.4241382,-0.17527682,None,None,None,1999.0,-3.588909411972219,-3.588909411972219,1.0
260000,1.4218502,-0.18665478,0.0026243234,0.025008725,0.0002872228,None,-3.248000311354796,-3.248000311354796,1.0
270000,None,-0.1550333,0.021414913,0.02408069,0.00028660835,None,None,None,1.0
280000,1.4220904,-0.14756924,None,None,None,None,None,None,1.0
290000,1.4205494,-0.14376456,0.017212814,0.02618133,0.00028558445,588.2,0.5869998013561902,0.5869998013561902,1.0
300000,1.4202482,-0.18073569,None,None,None,None,-0.9980001747608185,-0.9980001747608185,1.0
310000,1.4232653,-0.16149332,0.0072074365,0.024198981,0.00028495697,None,None,None,1.0
320000,1.4222572,-0.18010914,0.009411084,0.025623625,0.000284061,867.8,-0.17130020777694882,-0.17130020777694882,1.0
330000,1.4218687,-0.1388009,None,None,None,833.4,-0.1849501089658588,-0.1849501089658588,1.0
340000,None,-0.19694087,0.009169906,0.022303175,0.00028311939,None,None,None,1.0
350000,1.4180975,-0.16485582,0.0028940104,0.028664453,0.00028250497,1585.0,1.0354997515678406,1.0354997515678406,1.0
360000,1.417413,-0.16462563,None,None,None,1210.4285714285713,-1.3689708035535124,-1.3689708035535124,1.0
370000,1.4182252,-0.14899494,0.01780829,0.024142675,0.0002819542,1999.0,-3.4190529490772046,-3.4190529490772046,1.0
380000,1.4164947,-0.12997873,0.003551544,0.026389346,0.00028111902,None,-3.3509414599222294,-3.3509414599222294,1.0
390000,1.415756,-0.13283396,0.012741324,0.02681113,0.00028050467,None,None,None,1.0
400000,1.4142945,-0.058837317,None,None,None,367.0,1.0819999503088185,1.0819999503088185,1.0
410000,1.4129522,-0.021942455,0.017808003,0.030159654,0.00027979823,None,None,None,1.0
420000,1.4099522,-0.0815581,0.013231366,0.026065711,0.00027927005,1154.142857142857,-0.8295386959709083,-0.8295386959709083,1.0
430000,1.4093698,-0.10763194,0.0114682345,0.023341333,0.00027868242,None,-2.6235001385211945,-2.6235001385211945,1.0
440000,1.4094659,-0.11580964,None,None,None,None,None,None,1.0
450000,1.4098114,-0.107710846,0.0050604073,0.020504411,0.0002779656,1017.8571428571429,-0.7548001980292611,-0.7548001980292611,1.0
460000,1.4087806,-0.098309234,0.008319609,0.022536835,0.00027735482,1252.0666666666666,-0.6837779937130917,-0.6837779937130917,1.0
470000,1.40845,-0.13713881,None,None,None,1129.0,-1.0113002357073129,-1.0113002357073129,1.0
480000,1.4046477,-0.11265742,0.0061085206,0.031199703,0.00027639387,1832.3333333333333,-2.873500522226095,-2.873500522226095,1.0
490000,1.403855,-0.052255932,0.011405272,0.029418956,0.0002758004,1012.7777777777778,-0.5051001269835979,-0.5051001269835979,1.0
500000,1.4037,-0.10133449,None,None,None,1999.0,-3.074923416742912,-3.074923416742912,1.0
510000,1.4044696,-0.06903629,0.010739606,0.02708718,0.00027494621,None,-2.9980003337065377,-2.9980003337065377,1.0
520000,1.4041367,-0.038025096,0.014803492,0.025186738,0.00027433186,283.8,1.288499874668196,1.288499874668196,1.0
530000,1.4037158,-0.10307559,0.010941858,0.020822423,0.00027374862,None,None,None,1.0
540000,1.4044485,-0.08650542,0.010763344,0.019749094,0.000273216,771.3333333333334,0.2377499322562168,0.2377499322562168,1.0
550000,1.4044105,-0.044991933,0.003789509,0.01914717,0.00027267064,1715.6666666666667,-1.5892815188199165,-1.5892815188199165,1.0
560000,1.4040962,-0.088272154,0.0072546275,0.026214957,0.00027214302,None,None,None,1.0
570000,1.4035553,-0.095884725,0.0039905524,0.022481682,0.0002716268,1579.888888888889,-1.839444771299087,-1.839444771299087,1.0
580000,1.4024148,-0.06293382,0.011039158,0.028047118,0.00027106082,1657.4615384615386,-2.080863981126723,-2.080863981126723,1.0
590000,1.4005756,-0.06055188,None,None,None,1736.7777777777778,-2.809250339725986,-2.809250339725986,1.0
600000,1.3992157,-0.08695632,0.008155474,0.03085389,0.0002704932,None,0.001499265432357788,0.001499265432357788,1.0
610000,1.3997303,-0.05363541,0.008863975,0.028148256,0.00026987877,852.0,0.36912480741739273,0.36912480741739273,1.0
620000,1.3986473,-0.07180728,0.011621924,0.026623674,0.0002691962,None,None,None,1.0
630000,1.3951734,-0.0763966,0.011823446,0.026643576,0.00026862003,1481.2222222222222,-1.5371113832031067,-1.5371113832031067,1.0
640000,1.3934425,-0.092997424,0.008266108,0.02711911,0.0002680671,None,None,None,1.0
650000,1.3912117,-0.16465156,None,None,None,1484.0,-1.4620003923773766,-1.4620003923773766,1.0
660000,1.3899516,-0.05156784,0.006334325,0.025192305,0.00026747302,None,None,None,1.0
670000,1.3903136,-0.12430968,0.013211358,0.022946278,0.00026686824,1459.888888888889,-1.6504447242736608,-1.6504447242736608,1.0
680000,1.3914901,-0.12692106,0.0025153486,0.02883646,0.0002663132,1712.6470588235295,-2.1652651761439357,-2.1652651761439357,1.0
690000,1.3918568,-0.11532279,0.00885506,0.031233888,0.00026576864,1999.0,-3.4980002492666245,-3.4980002492666245,1.0
700000,1.3929446,-0.097586505,0.006452921,0.022962682,0.0002651734,1512.3333333333333,-1.6150836342324812,-1.6150836342324812,1.0
710000,1.3933299,-0.054251153,0.017475361,0.029323785,0.0002646502,1063.0,-1.327000223333016,-1.327000223333016,1.0
720000,1.393938,-0.12542985,0.009416378,0.024885394,0.000264036,991.0,-0.6789002098375931,-0.6789002098375931,1.0
730000,1.391761,-0.016309258,None,None,None,711.0,0.7789998650550842,0.7789998650550842,1.0
740000,1.389606,-0.021143792,0.012254328,0.029643813,0.00026347494,321.4,0.7999544994302348,0.7999544994302348,1.0
750000,1.387308,-0.11715343,0.013108032,0.019516166,0.00026294976,1551.923076923077,-0.8440386958805343,-0.8440386958805343,1.0
760000,1.3861942,-0.047466837,0.0019910117,0.023479322,0.00026235962,1336.7777777777778,-2.2031002888223155,-2.2031002888223155,1.0
770000,1.3863511,-0.09723477,0.014683126,0.026576482,0.00026182685,1196.6,-0.7152144918135102,-0.7152144918135102,1.0
780000,1.387246,-0.06826028,0.0059160753,0.031081572,0.00026125342,1656.2307692307693,-2.1425772652101633,-2.1425772652101633,1.0
790000,1.388264,-0.08042216,0.01457032,0.018648526,0.00026073024,1431.0,-1.5794003190472723,-1.5794003190472723,1.0
800000,1.3883932,-0.025802093,0.012368808,0.02510393,0.0002601158,865.0,-0.14530020924285053,-0.14530020924285053,1.0
810000,1.3879786,-0.045009185,0.011497404,0.021233756,0.0002595939,875.0,-0.05121451752659466,-0.05121451752659466,1.0
820000,1.3881388,0.022035817,0.015611618,0.023804732,0.00025904475,890.1578947368421,0.5123664262122475,0.5123664262122475,1.0
830000,1.3870066,-0.10580033,0.003985603,0.026536858,0.00025850162,1455.0,-2.134615714625957,-2.134615714625957,1.0
840000,1.3880341,-0.02674456,None,None,None,None,None,None,1.0
850000,1.3877053,-0.008379273,0.017795373,0.026072042,0.0002578872,593.4,0.5145998897962272,0.5145998897962272,1.0
860000,1.3861809,-0.06861331,0.009828367,0.022753287,0.00025732903,None,None,None,1.0
870000,1.3868496,-0.10150542,0.014672226,0.025192363,0.0002568095,1685.0,-1.714250311255455,-1.714250311255455,1.0
880000,1.3873365,-0.08906518,0.0033895788,0.025048645,0.00025627497,None,None,None,1.0
890000,1.3873627,-0.10898335,0.0054207263,0.023615966,0.0002557445,1054.111111111111,-0.46575021918397397,-0.46575021918397397,1.0
900000,1.3852042,-0.14159006,0.0064277914,0.0204402,0.00025519542,1411.0,-1.4752003204543143,-1.4752003204543143,1.0
910000,1.3846554,-0.08916795,0.0023645377,0.02689252,0.00025467802,1242.5384615384614,-1.2744094400497323,-1.2744094400497323,1.0
920000,1.3840466,-0.08186605,0.011438246,0.025187284,0.00025410744,1394.4285714285713,-0.9219169403400479,-0.9219169403400479,1.0
930000,1.3846278,-0.006689104,0.011818136,0.027419563,0.00025359346,851.2857142857143,0.08464264897962234,0.08464264897962234,1.0
940000,1.3859246,-0.06127615,0.023688545,0.025489677,0.00025300842,1698.0,-2.99800044298172,-2.99800044298172,1.0
950000,1.3866453,-0.018773453,None,None,None,901.5384615384615,-0.2541788100830412,-0.2541788100830412,1.0
960000,1.3881695,-0.010179472,0.017045533,0.02337993,0.00025239703,1149.0,-0.4995003305375576,-0.4995003305375576,1.0
970000,1.3893101,-0.07481263,0.014246291,0.025495471,0.00025183466,1999.0,-3.9995003640651703,-3.9995003640651703,1.0
980000,1.3893837,-0.025746169,0.010763002,0.025408193,0.00025122982,None,-2.6661671698093414,-2.6661671698093414,1.0
990000,1.3884526,-0.099736646,0.00847517,0.02434916,0.00025061538,587.8,0.16499993205070496,0.16499993205070496,1.0
1000000,1.3877215,-0.057490073,0.011558882,0.027618436,0.0002501026,900.3809523809524,-0.05714603863452794,-0.05714603863452794,1.0
1010000,1.3877283,0.0032437842,0.008863465,0.024698796,0.000249536,1079.8461538461538,-0.6108930652013181,-0.6108930652013181,1.0
1020000,1.38703,0.0634331,0.01446789,0.021522122,0.00024901645,845.6086956521739,0.14069023824274718,0.14069023824274718,1.0
1030000,1.3879453,0.054711476,None,None,None,1403.4444444444443,-0.2742503469926305,-0.2742503469926305,1.0
1040000,1.3876407,0.027574548,0.020005418,0.02289384,0.00024844243,1196.142857142857,-1.1443078445109467,-1.1443078445109467,1.0
1050000,1.3879613,0.15913154,0.009710213,0.021489352,0.0002479116,471.0,-0.987389166929966,-0.987389166929966,1.0
1060000,1.3875598,-0.011717904,0.023657255,0.020080406,0.000247384,468.6,0.8278999364934861,0.8278999364934861,1.0
1070000,1.3870082,-0.007917983,0.011610993,0.02398176,0.00024685697,797.8,0.003999780223239213,0.003999780223239213,1.0
1080000,1.3848006,-0.058257937,0.011935457,0.027931167,0.000246331,388.6,1.0276999515015632,1.0276999515015632,1.0
1090000,1.3846576,0.016454222,0.007993932,0.023182604,0.00024573863,797.4,0.012166473742884895,0.012166473742884895,1.0
1100000,1.3848441,-0.04220342,0.0054703075,0.02587468,0.0002452024,1383.5,-0.641792053647805,-0.641792053647805,1.0
1110000,1.3831575,-0.08616133,0.014732366,0.024119848,0.00024466976,1052.4285714285713,-0.5608216561002857,-0.5608216561002857,1.0
1120000,1.3821541,-0.013030381,0.010120224,0.02803629,0.00024409045,775.6666666666666,-0.04372523983474821,-0.04372523983474821,1.0
1130000,1.382603,0.034040943,0.019025233,0.023272496,0.00024351625,900.7142857142857,0.04186092772417598,0.04186092772417598,1.0
1140000,1.3836384,0.067714766,None,None,None,882.0769230769231,0.7314999269437976,0.7314999269437976,1.0
1150000,1.383031,0.02659359,0.010186724,0.027739821,0.00024294225,None,-2.9980003237724304,-2.9980003237724304,1.0
1160000,1.3827883,-0.0009312,0.016463585,0.019024044,0.00024232788,731.0,0.2238945455541589,0.2238945455541589,1.0
1170000,1.3842028,0.042845223,0.018938566,0.020784467,0.0002418022,728.5555555555555,0.3045623236976098,0.3045623236976098,1.0
1180000,1.3846881,-0.017672408,0.011948142,0.027563075,0.000241283,None,0.16199995123315603,0.16199995123315603,1.0
1190000,1.3834864,0.09280913,0.009880447,0.019704942,0.0002407424,465.8,0.8343498908914626,0.8343498908914626,1.0
1200000,1.3819932,0.029526066,0.012882053,0.021949166,0.00024015525,857.4347826086956,0.17445214507668944,0.17445214507668944,1.0
1210000,1.3816687,0.039749376,0.015077332,0.025178289,0.00023962745,875.0,-0.6588238367009634,-0.6588238367009634,1.0
1220000,1.3794112,0.025289077,0.014189282,0.02154516,0.00023905764,1414.5,-0.5819446012351869,-0.5819446012351869,1.0
1230000,1.3757125,0.10496927,0.02218324,0.020284617,0.00023853958,347.26666666666665,1.2223887763296564,1.2223887763296564,1.0
1240000,1.3751906,0.07449035,None,None,None,873.4827586206897,0.2683435873586859,0.2683435873586859,1.0
1250000,1.3766154,0.11846024,0.012710333,0.01842343,0.00023793807,233.8,0.3187689541283852,0.3187689541283852,1.0
1260000,1.3764625,-0.020259412,0.024865542,0.020605402,0.00023741102,410.2,0.9736997889354825,0.9736997889354825,1.0
1270000,1.376025,0.02458263,0.013801059,0.023177061,0.00023689865,None,None,None,1.0
1280000,1.3759936,-0.015791355,0.015420597,0.026229482,0.00023628422,1999.0,None,None,1.0
1290000,1.3767617,-0.020153493,0.010004144,0.021779787,0.00023571766,1184.9375,-1.4496844651447118,-1.4496844651447118,1.0
1300000,1.3772281,0.028662147,0.010733236,0.021839218,0.0002350774,1092.8333333333333,-0.6878686412850297,-0.6878686412850297,1.0
1310000,1.3765452,-0.051730674,0.010809863,0.02065953,0.00023451963,736.3913043478261,0.04961098143960246,0.04961098143960246,1.0
1320000,1.3781313,0.0063383263,None,None,None,241.4,1.4984999337951497,1.4984999337951497,1.0
1330000,1.3782172,0.04355876,0.016203875,0.021970632,0.00023396403,625.4,0.5765713104296343,0.5765713104296343,1.0
1340000,1.3794338,0.16115957,0.014250809,0.027542694,0.00023344607,276.3333333333333,1.3496457514920621,1.3496457514920621,1.0
1350000,1.3786663,-0.052961107,0.02477815,0.021971626,0.00023290844,776.7142857142857,0.1996784221597149,0.1996784221597149,1.0
1360000,1.3779361,0.07969677,0.0078118267,0.02470284,0.00023236405,679.1666666666666,0.7829998469625769,0.7829998469625769,1.0
1370000,1.376645,0.074047364,0.018503077,0.026580345,0.00023176226,1276.3333333333333,-0.9033752340474166,-0.9033752340474166,1.0
1380000,1.37602,0.0131730065,0.018394979,0.021279829,0.00023122701,814.4545454545455,-0.49435029418673365,-0.49435029418673365,1.0
1390000,1.3759865,0.106977165,0.0217847,0.024201278,0.00023070782,355.8,0.6911362899806012,0.6911362899806012,1.0
1400000,1.376436,0.1601733,0.023060584,0.02182103,0.00023018607,342.6,1.142499907457386,1.142499907457386,1.0
1410000,1.3763641,0.10161028,0.024348538,0.026150772,0.00022965822,942.5555555555555,-0.13572254947697124,-0.13572254947697124,1.0
1420000,1.3749053,-0.033382844,0.011039665,0.025830451,0.00022914461,735.0,0.6608748063445091,0.6608748063445091,1.0
1430000,1.3742701,0.086152285,0.013540354,0.026735688,0.00022861379,610.4,0.692841986822283,0.692841986822283,1.0
1440000,1.3756236,0.05633538,0.0148332,0.021058429,0.00022801563,587.2105263157895,0.20693318167080482,0.20693318167080482,1.0
1450000,1.375129,0.02600776,None,None,None,639.2666666666667,0.7141749121044996,0.7141749121044996,1.0
1460000,1.3743026,0.07116578,0.01265301,0.022083702,0.00022746065,710.45,0.2801839919779205,0.2801839919779205,1.0
1470000,1.373765,0.12490402,0.021521725,0.021551339,0.00022679903,226.2,1.3673499129479751,1.3673499129479751,1.0
1480000,1.3735279,0.08074003,0.01927317,0.02437373,0.0002261246,464.4,1.0684443437235638,1.0684443437235638,1.0
1490000,1.3718958,0.094903715,0.017333211,0.0238809,0.00022559582,920.3684210526316,-0.19882522959960625,-0.19882522959960625,1.0
1500000,1.3716303,0.09628672,0.011381211,0.026392907,0.00022505029,476.05263157894734,1.1299410200273783,1.1299410200273783,1.0
1510000,1.3714378,0.12739868,0.019895341,0.018880641,0.00022453109,729.1333333333333,0.046970437558176106,0.046970437558176106,1.0
1520000,1.3714269,0.09423102,0.01382557,0.020130744,0.00022400363,562.4,0.1769665311401089,0.1769665311401089,1.0
1530000,1.3727591,0.20627943,None,None,None,620.0,0.7233101790088454,0.7233101790088454,1.0
1540000,1.3728858,0.1815734,0.024823809,0.03010904,0.00022342724,145.8,1.6347498067072592,1.6347498067072592,1.0
1550000,1.3717809,0.09762514,0.026361741,0.023804221,0.00022285765,675.625,0.7519581335557936,0.7519581335557936,1.0
1560000,1.3716218,0.13778454,0.024476621,0.032350123,0.00022227124,556.8823529411765,0.7783122993660072,0.7783122993660072,1.0
1570000,1.3718517,0.12456707,0.023870375,0.027532516,0.00022173247,220.2,0.5176248926242503,0.5176248926242503,1.0
1580000,1.3715196,0.19843832,0.022775637,0.029046556,0.00022119898,637.6666666666666,0.4373926960834069,0.4373926960834069,1.0
1590000,1.3702705,0.20369355,0.027650356,0.020706324,0.00022068371,182.2,1.6203998624929228,1.6203998624929228,1.0
1600000,1.3704574,0.11779487,0.024213566,0.02599608,0.00022016029,None,0.6942498761927709,0.6942498761927709,1.0
1610000,1.3704221,0.12599093,0.019276252,0.023559703,0.00021959802,644.2,1.0424164287590731,1.0424164287590731,1.0
1620000,1.3702219,0.21683761,None,None,None,349.56,0.8188102227306507,0.8188102227306507,1.0
1630000,1.369815,0.113247275,0.01868048,0.023467015,0.00021898987,664.2,0.5073748328847744,0.5073748328847744,1.0
1640000,1.3716692,0.19514482,0.0134336315,0.023487058,0.00021843523,494.8333333333333,0.623730642564344,0.623730642564344,1.0
1650000,1.3703424,0.1844547,0.020857137,0.023221035,0.00021790902,209.66666666666666,1.6398634109646082,1.6398634109646082,1.0
1660000,1.369613,0.24385975,0.023848774,0.021547783,0.00021737724,600.7391304347826,1.1003198584797793,1.1003198584797793,1.0
1670000,1.369404,0.114258595,0.022263328,0.028586455,0.00021686364,1083.857142857143,-1.1841877033148194,-1.1841877033148194,1.0
1680000,1.3701469,-0.004793038,0.013985708,0.022729544,0.00021629964,449.0,1.375499814748764,1.375499814748764,1.0
1690000,1.3709733,0.105133295,0.019961331,0.0317575,0.00021574282,285.0,1.7856249287724495,1.7856249287724495,1.0
1700000,1.3716944,0.097089,0.018407444,0.024240263,0.00021522272,540.6,0.6477998889051377,0.6477998889051377,1.0
1710000,1.3722774,0.12150988,0.019891713,0.03295673,0.00021469124,747.8421052631579,0.12910512561517717,0.12910512561517717,1.0
1720000,1.3739818,0.021144113,0.0076542054,0.023672754,0.0002141386,613.0,0.6328609376311457,0.6328609376311457,1.0
1730000,1.3744018,-0.03793866,0.0074857958,0.023410467,0.00021355746,1095.0,-0.7394003681372852,-0.7394003681372852,1.0
1740000,1.3719047,0.043832533,None,None,None,972.6,-0.36089310067888747,-0.36089310067888747,1.0
1750000,1.3710048,0.11858786,0.0147826485,0.03646508,0.00021295845,705.75,0.27487865943906153,0.27487865943906153,1.0
1760000,1.3707321,0.1149162,0.019964324,0.027599428,0.00021241324,415.0,0.8948999378131702,0.8948999378131702,1.0
1770000,1.3701547,0.09414845,0.01522085,0.026335157,0.00021188104,629.3333333333334,0.5499790381387962,0.5499790381387962,1.0
1780000,1.3694206,0.13313794,0.025153562,0.029404137,0.00021129145,497.3448275862069,0.8589998729896314,0.8589998729896314,1.0
1790000,1.3694956,0.15050976,0.021607395,0.025378246,0.00021076904,563.0,0.6782389647939809,0.6782389647939809,1.0
1800000,1.3698502,0.18340692,0.025658764,0.02302748,0.00021023347,555.9375,0.8363331352593377,0.8363331352593377,1.0
1810000,1.3696666,0.032974504,0.014304528,0.028068729,0.00020969004,874.125,-0.25444476118880427,-0.25444476118880427,1.0
1820000,1.368859,0.13757831,0.028020117,0.027002867,0.00020909985,282.0,1.3933248931716662,1.3933248931716662,1.0
1830000,1.3679103,0.21044758,None,None,None,127.85714285714286,1.750749936946834,1.750749936946834,1.0
1840000,1.368334,0.07028347,0.021483239,0.026323734,0.00020849766,801.6666666666666,-0.0055001172909720075,-0.0055001172909720075,1.0
1850000,1.3707768,0.09615087,0.009026343,0.024824204,0.00020793165,506.73333333333335,0.7987331698803852,0.7987331698803852,1.0
1860000,1.3718622,0.029439796,0.013216237,0.022145595,0.00020734605,834.7272727272727,-0.21540017646038906,-0.21540017646038906,1.0
1870000,1.3720194,0.07597946,0.013903422,0.01878519,0.00020681942,573.3888888888889,0.7034735923976099,0.7034735923976099,1.0
1880000,1.3724892,0.019596579,0.010011155,0.030580247,0.00020621085,1452.6,-1.8323002714198082,-1.8323002714198082,1.0
1890000,1.3738669,0.11090824,0.023587344,0.03672053,0.00020568805,646.304347826087,0.7998569868505001,0.7998569868505001,1.0
1900000,1.3743596,0.07071019,0.01586472,0.026235234,0.00020516831,350.0,-0.0942860560358635,-0.0942860560358635,1.0
1910000,1.3744081,0.04731441,0.015498554,0.020355253,0.00020464606,1465.7272727272727,-1.4521253257233184,-1.4521253257233184,1.0
1920000,1.3744483,0.18129872,0.029898625,0.030042572,0.00020412586,403.0,0.7884398901066743,0.7884398901066743,1.0
1930000,1.3743732,0.114526354,0.033522584,0.032838617,0.00020360848,666.04,0.41387985510751607,0.41387985510751607,1.0
1940000,1.3741093,0.08263555,0.012583764,0.021668315,0.00020309167,398.4782608695652,0.9804581329275001,0.9804581329275001,1.0
1950000,1.374308,0.05179721,0.027409915,0.02377459,0.00020255467,286.6,1.2819998965715058,1.2819998965715058,1.0
1960000,1.3740274,0.16240731,None,None,None,290.2,1.3739498228766025,1.3739498228766025,1.0
1970000,1.3735658,0.12490287,0.029380333,0.024510643,0.0002019994,643.4444444444445,0.6124720944143418,0.6124720944143418,1.0
1980000,1.3742045,0.07322328,0.023689283,0.0255213,0.00020141946,170.2,1.573999820323661,1.573999820323661,1.0
1990000,1.3739771,0.064717956,0.008011097,0.024424257,0.00020086468,1065.4,-0.6644002582645043,-0.6644002582645043,1.0
2000000,1.3740767,0.108401276,0.011852014,0.029632177,0.00020033527,843.2,0.11791156884282827,0.11791156884282827,1.0
2010000,1.375229,-0.040436607,0.013759027,0.023761794,0.00019975385,1379.4444444444443,-0.5825003148573968,-0.5825003148573968,1.0
2020000,1.3747122,0.07951346,0.006704351,0.02458303,0.00019923926,497.56,0.31716054509368924,0.31716054509368924,1.0
2030000,1.374034,0.14627458,0.011782792,0.022733962,0.0001986863,401.76190476190476,0.9945248327363515,0.9945248327363515,1.0
2040000,1.373379,0.09305869,0.027247328,0.026893768,0.00019815147,589.3809523809524,0.8582855940053594,0.8582855940053594,1.0
2050000,1.3726988,0.10286864,0.019573761,0.019178534,0.00019763423,768.625,0.37014497159379384,0.37014497159379384,1.0
2060000,1.3733716,0.17132477,0.016097603,0.025060544,0.0001971107,694.3333333333334,0.05017291819408106,0.05017291819408106,1.0
2070000,1.3739574,0.19848058,0.03926412,0.033612076,0.0001965601,277.2608695652174,1.4362607685666855,1.4362607685666855,1.0
2080000,1.374817,0.21627067,None,None,None,283.2857142857143,1.2472499194430253,1.2472499194430253,1.0
2090000,1.374499,0.113665916,0.027395116,0.025477806,0.00019599446,292.6,1.4301249200264767,1.4301249200264767,1.0
2100000,1.3727721,0.20660268,0.022785554,0.018405762,0.00019546704,355.26666666666665,1.089805446193269,1.089805446193269,1.0
2110000,1.3722773,0.15255746,0.017601365,0.026208036,0.00019489265,475.42857142857144,0.7302855666660305,0.7302855666660305,1.0
2120000,1.3722008,0.192338,0.023535848,0.022145377,0.0001943609,732.5,0.2888945773807599,0.2888945773807599,1.0
2130000,1.3723836,0.10407791,0.020216875,0.022502694,0.00019384673,249.66666666666666,1.4412666023786491,1.4412666023786491,1.0
2140000,1.3722373,0.08102941,0.012832535,0.028071065,0.00019331423,1013.4,-0.4988184209584936,-0.4988184209584936,1.0
2150000,1.3714987,0.18204314,0.01836463,0.022818273,0.00019278367,394.84,0.7225534438371791,0.7225534438371791,1.0
2160000,1.3712722,0.13624288,0.025721954,0.029254269,0.00019224323,407.53333333333336,1.1391873629763722,1.1391873629763722,1.0
2170000,1.3707141,0.11724335,0.018554484,0.02810323,0.00019172122,570.448275862069,0.4821998297283426,0.4821998297283426,1.0
2180000,1.369795,0.19792171,0.024191918,0.0227425,0.00019111106,609.9565217391304,0.6831850339874143,0.6831850339874143,1.0
2190000,1.3697271,0.13776012,0.035147548,0.018368965,0.00019057763,620.2631578947369,0.5533419145932911,0.5533419145932911,1.0
2200000,1.3696963,0.12819451,None,None,None,376.2,1.058049957791809,1.058049957791809,1.0
2210000,1.3701216,0.14976995,0.018789133,0.024075119,0.00018997946,361.4,1.0950498236808925,1.0950498236808925,1.0
2220000,1.3704101,0.10062442,0.018710824,0.024088033,0.00018938865,697.4,0.2547998311929405,0.2547998311929405,1.0
2230000,1.3707865,0.10285826,0.018591667,0.022287766,0.00018887181,663.0,0.48838868137466274,0.48838868137466274,1.0
2240000,1.3721614,0.15256402,0.022481035,0.02405164,0.00018834832,399.0,1.000099926646799,1.000099926646799,1.0
2250000,1.3723108,0.039170474,0.018251598,0.030870551,0.0001878309,1139.0,-0.1553892625702752,-0.1553892625702752,1.0
2260000,1.3719157,0.20001915,0.013446283,0.027932005,0.00018731649,203.85714285714286,1.8466070358242308,1.8466070358242308,1.0
2270000,1.3713522,0.18329407,0.029792638,0.027598497,0.00018677543,752.8461538461538,0.18458317317223796,0.18458317317223796,1.0
2280000,1.3712622,0.2079179,0.02745692,0.020285355,0.00018619826,715.6315789473684,0.36442486859450585,0.36442486859450585,1.0
2290000,1.3713056,0.025445528,0.0062313303,0.028043337,0.00018566244,869.7586206896551,-0.37974018443142993,-0.37974018443142993,1.0
2300000,1.3719883,0.24022725,0.012619327,0.018352637,0.00018514642,191.8,1.4315262469034151,1.4315262469034151,1.0
2310000,1.3721323,0.18597068,0.03932787,0.029740635,0.00018458682,652.4193548387096,0.4361728962080983,0.4361728962080983,1.0
2320000,1.3732816,0.17372115,None,None,None,300.3333333333333,1.2392999392497586,1.2392999392497586,1.0
2330000,1.3738474,0.12511972,0.026774865,0.021519568,0.00018398264,197.8,1.5299721753367015,1.5299721753367015,1.0
2340000,1.373263,0.21503785,0.019775411,0.024625808,0.00018346541,469.8235294117647,0.8795756355622981,0.8795756355622981,1.0
2350000,1.3710796,0.23219542,0.028593052,0.022456484,0.00018291085,550.1578947368421,1.0725656324112176,1.0725656324112176,1.0
2360000,1.3701919,0.26869377,0.027186178,0.024130529,0.00018239027,380.89473684210526,0.786609652706297,0.786609652706297,1.0
2370000,1.3692671,0.34813678,0.036093075,0.021673795,0.00018180445,200.05882352941177,1.600742277220089,1.600742277220089,1.0
2380000,1.3688866,0.30477688,0.042611778,0.02452368,0.00018122785,288.3333333333333,1.5690227045746392,1.5690227045746392,1.0
2390000,1.3684736,0.22946368,0.03385467,0.025396647,0.00018070961,437.93333333333334,0.8962030297461752,0.8962030297461752,1.0
2400000,1.3678092,0.24851535,0.026872337,0.025902253,0.0001801694,247.03225806451613,1.3594837552199381,1.3594837552199381,1.0
2410000,1.366872,0.2314712,0.030981999,0.02749779,0.00017965196,311.82608695652175,1.2682082817336777,1.2682082817336777,1.0
2420000,1.3659863,0.28461403,0.023438768,0.02637624,0.00017911367,246.37142857142857,1.4521322944235768,1.4521322944235768,1.0
2430000,1.3657746,0.28830448,0.03778311,0.029540397,0.00017855801,315.7692307692308,1.1868610154746824,1.1868610154746824,1.0
2440000,1.3655646,0.1942092,0.026037734,0.025525246,0.0001780396,273.5263157894737,1.4103259473138123,1.4103259473138123,1.0
2450000,1.364911,0.31483462,0.04151798,0.02942938,0.00017750388,221.7,1.4208569998121154,1.4208569998121154,1.0
2460000,1.3641181,0.3387725,None,None,None,295.94117647058823,1.4363142072123343,1.4363142072123343,1.0
2470000,1.3635868,0.17999783,0.02826291,0.018450974,0.00017695983,962.0588235294117,-0.032305829712034516,-0.032305829712034516,1.0
2480000,1.362408,0.37457323,0.022259738,0.017022219,0.00017641678,204.61111111111111,1.4174341521513845,1.4174341521513845,1.0
2490000,1.3613112,0.27759057,0.040303417,0.03394208,0.00017587359,239.16,1.4278999502793885,1.4278999502793885,1.0
2500000,1.3618374,0.15951674,0.02340309,0.023253396,0.00017526286,367.7692307692308,1.2342498999454878,1.2342498999454878,1.0
2510000,1.362083,0.23784102,0.02051028,0.028269747,0.000174737,277.2,1.3872186739972676,1.3872186739972676,1.0
2520000,1.3617936,0.17501251,0.023661043,0.02208025,0.0001742019,717.88,0.718719863849692,0.718719863849692,1.0
2530000,1.3619056,0.24160156,0.019179968,0.026704025,0.00017367503,488.89473684210526,0.44954525148072705,0.44954525148072705,1.0
2540000,1.3609127,0.20184717,0.018336982,0.028639523,0.00017311046,306.68,1.1882199364434927,1.1882199364434927,1.0
2550000,1.3595179,0.23416808,0.029979208,0.024472399,0.00017258848,147.57142857142858,1.722733156235578,1.722733156235578,1.0
2560000,1.3590673,0.13996707,0.017872442,0.026955675,0.00017204689,271.2857142857143,1.3248075322570423,1.3248075322570423,1.0
2570000,1.3580838,0.15257943,None,None,None,713.0869565217391,0.5569522029808944,0.5569522029808944,1.0
2580000,1.3581542,0.11457122,0.022406932,0.027275264,0.00017147425,700.4736842105264,1.179388714980127,1.179388714980127,1.0
2590000,1.3591702,0.13237636,0.016921502,0.023595896,0.00017091025,265.5,0.7563844852959917,0.7563844852959917,1.0
2600000,1.3588758,0.05562358,0.025202869,0.025348745,0.00017038563,947.8888888888889,-0.06470025057788006,-0.06470025057788006,1.0
2610000,1.3583939,0.20409715,0.022316609,0.027151423,0.00016983884,515.2758620689655,0.7920924422753699,0.7920924422753699,1.0
2620000,1.35876,0.29714197,0.037543934,0.027384788,0.00016924426,381.56410256410254,0.9767161422720607,0.9767161422720607,1.0
2630000,1.3592209,0.20945647,0.024877897,0.014316633,0.00016864506,203.0,1.5388332693190832,1.5388332693190832,1.0
2640000,1.3595098,0.23566332,0.028806347,0.027075982,0.00016813207,366.8974358974359,1.3330150559636285,1.3330150559636285,1.0
2650000,1.3578299,0.33074406,0.04370652,0.025331164,0.00016758809,216.3793103448276,1.2650907895771193,1.2650907895771193,1.0
2660000,1.3569322,0.22970009,0.020801758,0.02438412,0.00016705829,594.4782608695652,0.6479581841267645,0.6479581841267645,1.0
2670000,1.3556424,0.21659172,None,None,None,292.3333333333333,1.6376998883206397,1.6376998883206397,1.0
2680000,1.3542237,0.4109272,0.022586178,0.022486756,0.00016645445,161.41860465116278,1.7115348069211143,1.7115348069211143,1.0
2690000,1.3530875,0.3001477,0.038615294,0.022325449,0.0001659005,483.17391304347825,0.9216302528030887,0.9216302528030887,1.0
2700000,1.352817,0.12784544,0.033032995,0.0234425,0.00016534967,371.57142857142856,1.3560356520881345,1.3560356520881345,1.0
2710000,1.3514745,0.2676688,0.014392004,0.024882467,0.00016481147,534.7575757575758,0.7530756203235466,0.7530756203235466,1.0
2720000,1.3501807,0.23289655,0.02625649,0.021044336,0.00016429338,316.76,1.2469398590736092,1.2469398590736092,1.0
2730000,1.3496213,0.1868559,0.025255391,0.027709596,0.00016373165,410.0,1.0571873065515927,1.0571873065515927,1.0
2740000,1.3486719,0.23275967,0.025090553,0.020426424,0.00016320603,282.73333333333335,1.5798635014057667,1.5798635014057667,1.0
2750000,1.3479923,0.23886141,0.031838875,0.03211584,0.00016265406,476.1764705882353,0.7117939505996593,0.7117939505996593,1.0
2760000,1.3477031,0.32194117,0.03141236,0.02793375,0.00016213363,600.5652173913044,0.7672590915398259,0.7672590915398259,1.0
2770000,1.3475941,0.25617072,0.030249838,0.028401084,0.00016161766,511.5217391304348,0.8938911234372822,0.8938911234372822,1.0
2780000,1.3460851,0.3317896,0.03234736,0.024731435,0.00016108887,201.7,1.4695998726194375,1.4695998726194375,1.0
2790000,1.3450136,0.24726416,None,None,None,737.8571428571429,0.15421408230239259,0.15421408230239259,1.0
2800000,1.3436428,0.1482163,0.024812594,0.029519122,0.00016049025,223.0,1.4407998160459101,1.4407998160459101,1.0
2810000,1.3425632,0.18515325,0.019399775,0.024796238,0.00015996865,551.6511627906976,0.76903554391382,0.76903554391382,1.0
2820000,1.3431029,0.29705277,0.02162221,0.028434692,0.00015938915,263.53333333333336,1.2310165934924346,1.2310165934924346,1.0
2830000,1.3436887,0.41807944,0.05025663,0.03290125,0.00015884728,320.52941176470586,1.4700081083440741,1.4700081083440741,1.0
2840000,1.3433986,0.34928277,0.052793153,0.024471363,0.00015831942,216.17142857142858,1.1960580220776285,1.1960580220776285,1.0
2850000,1.3419247,0.36699843,0.031153347,0.022274122,0.00015773605,220.79310344827587,1.475553470613834,1.475553470613834,1.0
2860000,1.341097,0.37914193,0.039172538,0.033710457,0.00015721834,185.8,1.5292498766434353,1.5292498766434353,1.0
2870000,1.3410972,0.3882128,0.043476906,0.027054386,0.00015668025,298.59183673469386,1.431135317524119,1.431135317524119,1.0
2880000,1.3410114,0.3714586,0.029478034,0.021863716,0.00015611346,205.66666666666666,1.5552499226625793,1.5552499226625793,1.0
2890000,1.3404758,0.34788913,0.041451447,0.022394357,0.00015554846,296.7647058823529,1.315691057839157,1.315691057839157,1.0
2900000,1.3408052,0.30651218,0.03633088,0.022735754,0.0001550209,271.0769230769231,1.519026207936756,1.519026207936756,1.0
2910000,1.3412025,0.3841056,None,None,None,198.6341463414634,1.6309486068188188,1.6309486068188188,1.0
2920000,1.3405393,0.3736481,0.042483453,0.023331827,0.00015446448,138.4,1.6452390172432743,1.6452390172432743,1.0
2930000,1.339258,0.33323666,0.02820726,0.018336408,0.00015391546,270.71875,1.5667412372763623,1.5667412372763623,1.0
2940000,1.3388826,0.3248934,0.034548085,0.019617256,0.00015332608,285.0,1.2221903849138125,1.2221903849138125,1.0
2950000,1.3393966,0.2908473,0.026672665,0.022298183,0.00015280403,692.3333333333334,0.45579398666878285,0.45579398666878285,1.0
2960000,1.3400555,0.4176501,0.044887766,0.022476153,0.00015219426,137.1,1.618574914315832,1.618574914315832,1.0
2970000,1.3389921,0.3580108,0.029698392,0.0260757,0.0001516643,477.2352941176471,0.9132283991485435,0.9132283991485435,1.0
2980000,1.3379984,0.41157,0.03740382,0.023474453,0.0001511395,198.26530612244898,1.5693899194488767,1.5693899194488767,1.0
2990000,1.3374782,0.3224738,0.040468406,0.018085264,0.00015055586,197.06896551724137,1.637896471233348,1.637896471233348,1.0
3000000,1.3375117,0.23179843,0.025968509,0.024344856,0.00015003883,560.0909090909091,0.7442855900486133,0.7442855900486133,1.0
3010000,1.3380126,0.27965027,None,None,None,316.1578947368421,1.2620681555814703,1.2620681555814703,1.0
3020000,1.3383408,0.17510492,0.025552688,0.020088516,0.00014944907,579.8,0.5497665504614512,0.5497665504614512,1.0
3030000,1.3377347,0.3013593,0.019610757,0.024109384,0.00014891106,266.4146341463415,1.387399918306619,1.387399918306619,1.0
3040000,1.3374879,0.20545776,0.039219033,0.019686047,0.0001483745,304.5,1.2886378114625554,1.2886378114625554,1.0
3050000,1.3371044,0.20966092,0.026388166,0.020427052,0.00014786064,214.63636363636363,1.4301070197418864,1.4301070197418864,1.0
3060000,1.3363757,0.23990454,0.022784092,0.025054375,0.00014731166,307.75,1.3663619112921879,1.3663619112921879,1.0
3070000,1.3362048,0.38005906,0.055795588,0.022633513,0.00014679923,195.9777777777778,1.6131222834786856,1.6131222834786856,1.0
3080000,1.3352202,0.2877616,0.027091244,0.02452149,0.00014626267,420.73333333333335,0.9132165253860876,0.9132165253860876,1.0
3090000,1.3338349,0.23199381,0.019802969,0.02431931,0.00014569086,394.6666666666667,1.1002342879182834,1.1002342879182834,1.0
3100000,1.3316797,0.3781577,0.045462452,0.02357365,0.00014516027,351.98214285714283,1.4170422604863957,1.4170422604863957,1.0
3110000,1.331412,0.36945042,0.05762627,0.029713515,0.00014464416,313.88,1.2005286701404168,1.2005286701404168,1.0
3120000,1.3311768,0.40718153,0.04239831,0.023790916,0.00014407207,230.3684210526316,1.438428454303981,1.438428454303981,1.0
3130000,1.3304816,0.40154478,0.043296453,0.019159982,0.00014352347,231.45454545454547,1.446624895533023,1.446624895533023,1.0
3140000,1.3302166,0.41519988,0.05723063,0.03036842,0.00014300567,226.44,1.6139715369582124,1.6139715369582124,1.0
3150000,1.3294216,0.3972526,None,None,None,201.05128205128204,1.4150832310149868,1.4150832310149868,1.0
3160000,1.3288,0.37605834,0.044024494,0.019253485,0.00014249029,194.5151515151515,1.6506332037310736,1.6506332037310736,1.0
3170000,1.3281033,0.38882685,0.040347185,0.017341489,0.00014196287,200.73333333333332,1.430838126452941,1.430838126452941,1.0
3180000,1.3289632,0.31297612,0.03492977,0.022059146,0.00014135307,286.05128205128204,1.4553814080672485,1.4553814080672485,1.0
3190000,1.3289325,0.40463048,0.045097616,0.020021876,0.00014078287,258.61538461538464,1.3546754867955413,1.3546754867955413,1.0
3200000,1.3285875,0.46068344,0.032188956,0.021202248,0.00014018668,229.88,1.4156294347528644,1.4156294347528644,1.0
3210000,1.3276263,0.39668903,0.054697946,0.024125885,0.00013967048,233.41666666666666,1.5867165188111054,1.5867165188111054,1.0
3220000,1.3268243,0.4018971,0.04450498,0.021466048,0.00013908587,242.61764705882354,1.3935284287868335,1.3935284287868335,1.0
3230000,1.3260157,0.26115122,0.017179603,0.021542696,0.00013854488,252.42857142857142,1.516769113135524,1.516769113135524,1.0
3240000,1.3258338,0.40325505,0.03566742,0.024805078,0.00013801765,319.2,1.3007893500693364,1.3007893500693364,1.0
3250000,1.3254393,0.3089115,None,None,None,280.7647058823529,1.1330150299014128,1.1330150299014128,1.0
3260000,1.324955,0.32291847,0.03300913,0.026534975,0.00013748187,430.3333333333333,1.1043569902651056,1.1043569902651056,1.0
3270000,1.3251587,0.37416783,0.02883563,0.02803133,0.00013696871,207.96,1.4851033923774155,1.4851033923774155,1.0
3280000,1.3252637,0.3673117,0.02987395,0.021241622,0.0001364173,163.2,1.6522499199248462,1.6522499199248462,1.0
3290000,1.3251513,0.39394554,0.055201285,0.024344679,0.00013590051,162.94444444444446,1.5257049927425284,1.5257049927425284,1.0
3300000,1.3247247,0.40981036,0.037818927,0.025104428,0.0001353765,211.26315789473685,1.559525506963464,1.559525506963464,1.0
3310000,1.3249909,0.13998778,0.031239158,0.026025709,0.00013485368,510.68,0.6529998238547705,0.6529998238547705,1.0
3320000,1.3263667,0.3080993,0.022296796,0.026302362,0.00013431808,417.2439024390244,1.0895339416747447,1.0895339416747447,1.0
3330000,1.3262848,0.44315526,0.068455376,0.020019764,0.00013379987,301.06666666666666,1.7307828670534533,1.7307828670534533,1.0
3340000,1.3255258,0.4256765,0.0498197,0.027144914,0.00013326031,153.6,1.2779430000492455,1.2779430000492455,1.0
3350000,1.3243363,0.45042917,0.05278935,0.02319076,0.00013266386,183.0888888888889,1.476142796526226,1.476142796526226,1.0
3360000,1.3231357,0.49920535,0.05058043,0.028271446,0.00013214583,165.6315789473684,1.602544521555371,1.602544521555371,1.0
3370000,1.323181,0.42603123,0.05165619,0.02321848,0.00013163037,370.4782608695652,1.2631626251603065,1.2631626251603065,1.0
3380000,1.3221116,0.45756245,0.04976825,0.026429048,0.00013105346,188.94871794871796,1.6678808849260567,1.6678808849260567,1.0
3390000,1.3221159,0.40658504,0.0383983,0.025826637,0.00013051128,216.97058823529412,1.717899900129331,1.717899900129331,1.0
3400000,1.3215926,0.47735748,None,None,None,233.27906976744185,1.5085580255890394,1.5085580255890394,1.0
3410000,1.3213354,0.35905653,0.05237721,0.026894825,0.00012999345,160.625,1.545039887125604,1.545039887125604,1.0
3420000,1.3214242,0.39411402,0.033387847,0.03190563,0.00012945686,239.0,1.4721561226724589,1.4721561226724589,1.0
3430000,1.3203194,0.4551269,0.0453261,0.02757247,0.00012890466,206.1818181818182,1.5930103393560178,1.5930103393560178,1.0
3440000,1.319967,0.4121193,0.04180379,0.02266312,0.00012831007,264.12,1.4588122930629954,1.4588122930629954,1.0
3450000,1.3199203,0.39678577,0.038924713,0.023246042,0.00012779265,450.29411764705884,0.9836302117125698,0.9836302117125698,1.0
3460000,1.3199388,0.41998172,0.04419958,0.02127286,0.00012726805,190.30555555555554,1.5148291729373584,1.5148291729373584,1.0
3470000,1.3194039,0.47364596,0.040741384,0.02249883,0.00012674186,157.1891891891892,1.6548024967426165,1.6548024967426165,1.0
3480000,1.3185163,0.35990453,0.034627147,0.023174992,0.00012616966,296.36842105263156,1.3839141332727325,1.3839141332727325,1.0
3490000,1.3170886,0.39583015,0.041233975,0.023239318,0.00012555528,163.0,1.6678570719183579,1.6678570719183579,1.0
3500000,1.3168238,0.34321803,0.050687853,0.022976134,0.00012504196,240.68421052631578,1.5157221162080532,1.5157221162080532,1.0
3510000,1.3165016,0.32849872,None,None,None,277.42424242424244,1.4835141963940779,1.4835141963940779,1.0
3520000,1.3162222,0.3659206,0.03811178,0.03550263,0.00012445707,218.82758620689654,1.4814842599353142,1.4814842599353142,1.0
3530000,1.3149154,0.30895597,0.036929585,0.024724867,0.00012387888,275.8787878787879,1.3029705078087692,1.3029705078087692,1.0
3540000,1.3145368,0.21955675,0.041721642,0.035171,0.00012334585,449.63157894736844,0.9274866787355246,0.9274866787355246,1.0
3550000,1.3147264,0.3794979,0.03971943,0.019874513,0.00012283104,218.27272727272728,1.6165516725942042,1.6165516725942042,1.0
3560000,1.314981,0.3849629,0.037954804,0.021545243,0.00012231551,371.48979591836735,1.057877373974295,1.057877373974295,1.0
3570000,1.3150736,0.4477184,0.043815766,0.028841162,0.000121776684,169.27272727272728,1.6677887760322645,1.6677887760322645,1.0
3580000,1.3149073,0.47057885,0.0536127,0.024466442,0.00012126369,291.0,1.4741199129109737,1.4741199129109737,1.0
3590000,1.314722,0.48252994,0.041308936,0.021941401,0.00012073968,200.21212121212122,1.507249895114607,1.507249895114607,1.0
3600000,1.3145005,0.32784086,0.036876917,0.017884618,0.00012017689,215.64,1.459959949105978,1.459959949105978,1.0
3610000,1.3144919,0.50765425,0.046353023,0.02347446,0.000119639866,177.5,1.601438617438306,1.601438617438306,1.0
3620000,1.3145571,0.38652417,0.052764002,0.019384779,0.00011909608,316.21153846153845,1.3259900929611723,1.3259900929611723,1.0
3630000,1.3145754,0.41529354,0.03724221,0.022243526,0.00011857606,137.75862068965517,1.7254676025646227,1.7254676025646227,1.0
3640000,1.314887,0.4011246,0.03916541,0.023775155,0.00011803948,224.76470588235293,1.4695151065384517,1.4695151065384517,1.0
3650000,1.3145807,0.37262708,0.036279406,0.023806065,0.00011750126,199.0,1.4738268215531627,1.4738268215531627,1.0
3660000,1.3135835,0.30069003,None,None,None,423.6896551724138,1.1381331352051347,1.1381331352051347,1.0
3670000,1.3129964,0.4307775,0.033842288,0.022125658,0.00011698585,259.54545454545456,1.5120530894442283,1.5120530894442283,1.0
3680000,1.3120701,0.4858,0.052226864,0.022205448,0.000116468866,182.51020408163265,1.6213665757030766,1.6213665757030766,1.0
3690000,1.3107188,0.41790754,0.04809252,0.024805991,0.00011594647,296.77777777777777,1.3995907952575097,1.3995907952575097,1.0
3700000,1.3100967,0.3847037,0.05498846,0.020670716,0.00011542924,314.9142857142857,1.2641578252047398,1.2641578252047398,1.0
3710000,1.3095114,0.43453944,0.0400544,0.027477998,0.00011490349,221.35135135135135,1.6019209393569709,1.6019209393569709,1.0
3720000,1.3091452,0.4982495,0.05465347,0.021229755,0.00011435106,183.1038961038961,1.71552009447053,1.71552009447053,1.0
3730000,1.3096426,0.29735318,0.066366516,0.027850453,0.000113830254,189.85714285714286,1.4722940514021663,1.4722940514021663,1.0
3740000,1.3095317,0.43047574,0.030842245,0.02844937,0.000113314396,214.5,1.6187655020112288,1.6187655020112288,1.0
3750000,1.3095117,0.5186361,0.046401482,0.022886673,0.000112787086,336.6,1.66854749533758,1.66854749533758,1.0
3760000,1.3093568,0.23988405,0.0370481,0.022164721,0.00011220947,305.0869565217391,0.9400766881881282,0.9400766881881282,1.0
3770000,1.3084801,0.30174747,0.03205566,0.018603133,0.00011168307,162.75757575757575,1.7125301712393677,1.7125301712393677,1.0
3780000,1.3080274,0.23200016,0.0400879,0.029381286,0.00011116287,299.44444444444446,1.4724421315857819,1.4724421315857819,1.0
3790000,1.3075271,0.43436596,0.030877063,0.024523593,0.00011063207,157.85714285714286,1.6004582583765214,1.6004582583765214,1.0
3800000,1.3072481,0.31139222,0.03610046,0.025382806,0.00011006527,325.9,1.3244187516786434,1.3244187516786434,1.0
3810000,1.3067641,0.37181935,0.04858357,0.020663537,0.00010955193,308.3636363636364,1.2572498812541282,1.2572498812541282,1.0
3820000,1.305721,0.40647203,0.044887636,0.023197006,0.000109010456,256.7692307692308,1.3712607254818305,1.3712607254818305,1.0
3830000,1.3054849,0.46300936,None,None,None,354.7073170731707,1.351734567336187,1.351734567336187,1.0
3840000,1.3051549,0.46299008,0.053804476,0.02235612,0.0001084869,185.3030303030303,1.634514568036299,1.634514568036299,1.0
3850000,1.305141,0.38679805,0.0485301,0.02020487,0.00010796666,218.25,1.4847855205398186,1.4847855205398186,1.0
3860000,1.3051659,0.41745734,0.0313065,0.024957573,0.000107421285,354.21276595744683,1.1963180923882069,1.1963180923882069,1.0
3870000,1.3046,0.43959835,0.05390843,0.023099117,0.00010688026,154.2,1.6232499650553411,1.6232499650553411,1.0
3880000,1.304017,0.42476612,0.042272728,0.026186569,0.00010633188,350.25,1.1171272914986783,1.1171272914986783,1.0
3890000,1.3035419,0.4170196,0.048959825,0.018698221,0.000105815176,195.1086956521739,1.5132443630278836,1.5132443630278836,1.0
3900000,1.30308,0.37092304,0.04484438,0.023614377,0.00010529442,226.21875,1.5836059148917256,1.5836059148917256,1.0
3910000,1.3028505,0.36550397,0.034975514,0.02561961,0.00010476056,218.34883720930233,1.5491281172487503,1.5491281172487503,1.0
3920000,1.3025994,0.3630906,0.04841189,0.027913405,0.00010414748,193.46153846153845,1.5343998751428445,1.5343998751428445,1.0
3930000,1.3020494,0.4321673,0.032617047,0.026413858,0.000103604485,176.58064516129033,1.6306362560205867,1.6306362560205867,1.0
3940000,1.301732,0.36824086,0.051670242,0.019364798,0.00010309109,194.13953488372093,1.6328535333244563,1.6328535333244563,1.0
3950000,1.3008025,0.3577808,None,None,None,380.7560975609756,1.1927673195131383,1.1927673195131383,1.0
3960000,1.299982,0.27154723,0.045118794,0.024148054,0.00010250007,494.52941176470586,0.9670452709330923,0.9670452709330923,1.0
3970000,1.2993525,0.28913575,0.03093946,0.025250029,0.00010196489,153.52631578947367,1.270809381773385,1.270809381773385,1.0
3980000,1.2996312,0.46281657,0.02986569,0.03122158,0.00010140848,300.5272727272727,1.2626248571065775,1.2626248571065775,1.0
3990000,1.2994485,0.3788068,0.0598624,0.025846306,0.000100877456,172.76470588235293,1.4917571085455295,1.4917571085455295,1.0
4000000,1.2994554,0.4367508,0.041793443,0.025542464,0.00010031788,192.925,1.6629023195880397,1.6629023195880397,1.0
4010000,1.2995776,0.4405574,0.046842955,0.027914485,9.978168e-05,175.33333333333334,1.7853221341695946,1.7853221341695946,1.0
4020000,1.2995867,0.31497803,0.060511522,0.024111176,9.926268e-05,284.37142857142857,1.3597057330018074,1.3597057330018074,1.0
4030000,1.2997319,0.46178895,0.034328926,0.028620895,9.873809e-05,268.0444444444444,1.2830542104379477,1.2830542104379477,1.0
4040000,1.2994444,0.45137122,0.051200587,0.023141835,9.812987e-05,171.45652173913044,1.7572281555001847,1.7572281555001847,1.0
4050000,1.2989608,0.3541852,0.04360445,0.024330348,9.7609096e-05,266.3488372093023,1.4472044531920056,1.4472044531920056,1.0
4060000,1.2984674,0.44363308,0.045421865,0.025413087,9.707247e-05,184.6,1.5315292917948682,1.5315292917948682,1.0
4070000,1.2983668,0.27792373,0.027467843,0.021927828,9.654886e-05,483.44736842105266,0.9179998784996937,0.9179998784996937,1.0
4080000,1.2983444,0.51471734,0.0584751,0.026209904,9.602987e-05,189.63513513513513,1.5099648124091083,1.5099648124091083,1.0
4090000,1.2984229,0.42635897,None,None,None,160.25714285714287,1.534509578852941,1.534509578852941,1.0
4100000,1.2988057,0.5086381,0.050464153,0.022654274,9.5497504e-05,145.80701754385964,1.8284544290741906,1.8284544290741906,1.0
4110000,1.2983229,0.52524793,0.05532541,0.020291332,9.4976676e-05,156.2258064516129,1.6883358524301002,1.6883358524301002,1.0
4120000,1.2972202,0.42414826,0.059914723,0.020935966,9.438687e-05,161.26666666666668,1.5774515050223037,1.5774515050223037,1.0
4130000,1.2960732,0.49548164,0.04442229,0.02230308,9.384728e-05,321.188679245283,1.2589998800505418,1.2589998800505418,1.0
4140000,1.2959188,0.4738979,0.046915077,0.024324996,9.332158e-05,202.5897435897436,1.6611624093959108,1.6611624093959108,1.0
4150000,1.2961694,0.42647523,0.051733755,0.023162473,9.2801885e-05,298.225,1.1947925257718008,1.1947925257718008,1.0
4160000,1.2958513,0.4737039,0.039729185,0.028986655,9.227407e-05,204.41509433962264,1.4798723826990645,1.4798723826990645,1.0
4170000,1.2957032,0.5314251,0.06123376,0.030900687,9.174668e-05,232.5,1.4994923941844922,1.4994923941844922,1.0
4180000,1.2958937,0.49573505,0.06816749,0.027376305,9.123369e-05,181.08333333333334,1.6406412070196972,1.6406412070196972,1.0
4190000,1.296603,0.54175705,0.05173999,0.021095434,9.070946e-05,196.96610169491527,1.644283205010773,1.644283205010773,1.0
4200000,1.2969338,0.41890025,0.057881482,0.025461484,9.019701e-05,163.10526315789474,1.6518717071292206,1.6518717071292206,1.0
4210000,1.296476,0.48202878,0.045900375,0.026823143,8.9622175e-05,233.0,1.6334129149845862,1.6334129149845862,1.0
4220000,1.2964648,0.47930172,0.047912166,0.024813747,8.910469e-05,179.3265306122449,1.649812333297935,1.649812333297935,1.0
4230000,1.2965807,0.5008916,0.051725607,0.021668551,8.856906e-05,197.8679245283019,1.6302979718591535,1.6302979718591535,1.0
4240000,1.2967285,0.52350163,0.04924502,0.031401895,8.8048255e-05,173.53968253968253,1.5886180730748245,1.5886180730748245,1.0
4250000,1.2967467,0.5319383,0.06278904,0.020835614,8.753474e-05,193.6153846153846,1.6725482267408347,1.6725482267408347,1.0
4260000,1.2972043,0.58536077,None,None,None,143.8235294117647,1.6981101649417885,1.6981101649417885,1.0
4270000,1.2969905,0.5150598,0.06126986,0.019355398,8.692187e-05,164.10344827586206,1.6997798604436685,1.6997798604436685,1.0
4280000,1.2964177,0.48744348,0.058680605,0.029300487,8.6349886e-05,191.44444444444446,1.7198427314753644,1.7198427314753644,1.0
4290000,1.2963244,0.3808942,0.043930028,0.0246688,8.564928e-05,403.55172413793105,1.1433155870886127,1.1433155870886127,1.0
4300000,1.2962104,0.48613948,0.044074677,0.024034245,8.508867e-05,159.0,1.478361938378557,1.478361938378557,1.0
4310000,1.2956564,0.55192196,0.06455708,0.019771839,8.456989e-05,173.4561403508772,1.734129526514422,1.734129526514422,1.0
4320000,1.2954608,0.3099127,None,None,None,179.53333333333333,1.7548333479091525,1.7548333479091525,1.0
4330000,1.2946639,0.5094389,0.025676185,0.027075252,8.399378e-05,164.31034482758622,1.701338859820557,1.701338859820557,1.0
4340000,1.2941042,0.38957006,0.061028276,0.023342887,8.3478255e-05,192.62962962962962,1.5627498597760374,1.5627498597760374,1.0
4350000,1.2935998,0.4358951,0.028336667,0.022552226,8.290968e-05,256.92,1.4176248687673996,1.4176248687673996,1.0
4360000,1.2935024,0.39193597,0.03869322,0.024300087,8.226488e-05,152.92,1.544036962786103,1.544036962786103,1.0
4370000,1.2934783,0.4416009,0.05580518,0.02398897,8.1723294e-05,525.6666666666666,0.9234388453741104,0.9234388453741104,1.0
4380000,1.2932093,0.28668654,0.035553593,0.016706003,8.1197504e-05,459.2962962962963,1.267980539580234,1.267980539580234,1.0
4390000,1.2929043,0.4170198,0.040314596,0.022120444,8.058408e-05,121.69767441860465,1.5892260559055666,1.5892260559055666,1.0
4400000,1.2923787,0.29425153,0.043186266,0.024258325,8.000748e-05,261.2682926829268,1.5794463612754563,1.5794463612754563,1.0
4410000,1.2918888,0.39328864,None,None,None,409.8918918918919,1.1678898430732079,1.1678898430732079,1.0
4420000,1.2921865,0.47509447,0.047507174,0.02371149,7.94769e-05,187.75,1.607507632218585,1.607507632218585,1.0
4430000,1.2918978,0.4808638,0.06878205,0.029670708,7.892127e-05,287.54901960784315,1.4898171822009876,1.4898171822009876,1.0
4440000,1.2918779,0.5505331,0.049967624,0.024638453,7.840429e-05,157.3111111111111,1.5307338900314247,1.5307338900314247,1.0
4450000,1.2916235,0.4971351,0.05535574,0.025782632,7.787348e-05,261.4754098360656,1.5631227903354332,1.5631227903354332,1.0
4460000,1.2908932,0.58315665,0.05446494,0.020896016,7.735407e-05,119.77586206896552,1.7472117411493624,1.7472117411493624,1.0
4470000,1.290813,0.499933,0.06718287,0.019470256,7.679806e-05,158.85454545454544,1.6743517536842436,1.6743517536842436,1.0
4480000,1.2909482,0.52684087,0.047752317,0.026003871,7.626429e-05,252.31034482758622,1.422151691136865,1.422151691136865,1.0
4490000,1.2908168,0.3325816,0.044713322,0.02309755,7.565969e-05,281.3157894736842,1.6402367761383128,1.6402367761383128,1.0
4500000,1.2905296,0.47588155,0.05119659,0.019645166,7.509468e-05,168.77941176470588,1.6576893005932851,1.6576893005932851,1.0
4510000,1.2900693,0.5369782,0.07180472,0.021465737,7.4574695e-05,138.72131147540983,1.7368229648626696,1.7368229648626696,1.0
4520000,1.2898142,0.52459955,0.0638784,0.018781899,7.40585e-05,140.91044776119404,1.7526572952370367,1.7526572952370367,1.0
4530000,1.2894099,0.5490966,0.055920865,0.021961924,7.354007e-05,178.13333333333333,1.6081192719258381,1.6081192719258381,1.0
4540000,1.2898377,0.56730443,0.07068358,0.024767488,7.301527e-05,153.375,1.644731216838083,1.644731216838083,1.0
4550000,1.2900555,0.59904844,None,None,None,216.1081081081081,1.4936822739223685,1.4936822739223685,1.0
4560000,1.2899033,0.56824607,0.06714204,0.022119194,7.249368e-05,133.6551724137931,1.6891638353862037,1.6891638353862037,1.0
4570000,1.2898068,0.5253797,0.07010153,0.021587169,7.1960894e-05,202.84313725490196,1.7576144489576109,1.7576144489576109,1.0
4580000,1.2897012,0.5184712,0.058712758,0.019571366,7.143449e-05,149.28,1.735009357318906,1.735009357318906,1.0
4590000,1.2896234,0.53709996,0.06361621,0.029798137,7.0919836e-05,218.39285714285714,1.4728089822297492,1.4728089822297492,1.0
4600000,1.28932,0.5213137,0.057630964,0.026978962,7.038928e-05,153.0,1.6678941177927369,1.6678941177927369,1.0
4610000,1.289382,0.62807566,0.049176957,0.025068574,6.987388e-05,122.06172839506173,1.8949498796086117,1.8949498796086117,1.0
4620000,1.2894193,0.4535647,0.08135703,0.021463662,6.931669e-05,260.2631578947368,1.524092409918214,1.524092409918214,1.0
4630000,1.2892509,0.6549365,0.07211138,0.02194238,6.880336e-05,114.7125,1.7616057470481952,1.7616057470481952,1.0
4640000,1.2889552,0.6651126,0.06526567,0.021997808,6.828507e-05,150.796875,1.5445623754912958,1.5445623754912958,1.0
4650000,1.2887309,0.53458995,0.09145982,0.017817892,6.776009e-05,147.78571428571428,1.750818089868831,1.750818089868831,1.0
4660000,1.2884455,0.50207734,0.041626226,0.021826152,6.723249e-05,214.42592592592592,1.5735453147303566,1.5735453147303566,1.0
4670000,1.2883179,0.56518674,0.06312946,0.01725623,6.666967e-05,200.49056603773585,1.6070199155679439,1.6070199155679439,1.0
4680000,1.288515,0.53875756,0.06576589,0.03235267,6.614687e-05,135.57407407407408,1.7237191399683964,1.7237191399683964,1.0
4690000,1.288818,0.5174351,0.06850634,0.025556382,6.560889e-05,216.72727272727272,1.6306248883326286,1.6306248883326286,1.0
4700000,1.2890673,0.5094305,0.05035871,0.025879035,6.508829e-05,190.9298245614035,1.6279897130610022,1.6279897130610022,1.0
4710000,1.2893302,0.579292,0.076741055,0.019760055,6.456638e-05,164.42372881355934,1.6543134495998748,1.6543134495998748,1.0
4720000,1.2896564,0.5290541,0.07138235,0.019551288,6.402567e-05,128.87037037037038,1.7309820012991881,1.7309820012991881,1.0
4730000,1.2897552,0.40500832,0.050119687,0.02078743,6.351339e-05,230.03030303030303,1.6960439644291696,1.6960439644291696,1.0
4740000,1.2895182,0.44727492,None,None,None,214.72093023255815,1.477259466088771,1.477259466088771,1.0
4750000,1.2894455,0.3794104,0.041599758,0.019524,6.2928484e-05,171.45454545454547,1.7489623898858553,1.7489623898858553,1.0
4760000,1.2895551,0.46594167,0.06918116,0.02173197,6.23979e-05,178.72881355932202,1.5350475095624534,1.5350475095624534,1.0
4770000,1.2896707,0.46264133,0.054276578,0.024593841,6.187208e-05,151.35714285714286,1.865759111720965,1.865759111720965,1.0
4780000,1.2894508,0.5815457,0.064984,0.02253345,6.132409e-05,136.74193548387098,1.7796205678986836,1.7796205678986836,1.0
4790000,1.2890292,0.41252387,0.052478503,0.02397401,6.0789676e-05,332.425,1.2809664595975645,1.2809664595975645,1.0
4800000,1.2887005,0.55233425,0.054673415,0.023056211,6.0201088e-05,121.55932203389831,1.7262082386082815,1.7262082386082815,1.0
4810000,1.288741,0.53553784,0.05667235,0.020389417,5.9677284e-05,145.375,1.761794535692648,1.761794535692648,1.0
4820000,1.288831,0.4865517,0.05491169,0.02242147,5.9164482e-05,185.2,1.5477701931298282,1.5477701931298282,1.0
4830000,1.2890784,0.3573092,0.044607665,0.02250175,5.8649293e-05,396.1219512195122,1.0410748212743783,1.0410748212743783,1.0
4840000,1.2891004,0.47559166,0.041622266,0.025756884,5.806188e-05,162.40425531914894,1.8268748684204184,1.8268748684204184,1.0
4850000,1.2889158,0.6059037,0.08677177,0.030891981,5.754349e-05,98.7948717948718,1.8398079862466168,1.8398079862466168,1.0
4860000,1.2885274,0.421338,0.04470477,0.019891812,5.7006484e-05,294.23809523809524,1.374565595667503,1.374565595667503,1.0
4870000,1.2884061,0.60230803,None,None,None,123.58064516129032,1.8288670624096994,1.8288670624096994,1.0
4880000,1.2881346,0.54062164,0.073245384,0.021734543,5.6488472e-05,263.0,1.4764730855884929,1.4764730855884929,1.0
4890000,1.2881926,0.43604076,0.05111103,0.02298846,5.5974542e-05,188.85,1.5398623811954166,1.5398623811954166,1.0
4900000,1.2882209,0.3876646,0.056040127,0.023926765,5.540088e-05,465.84615384615387,1.0327198266983033,1.0327198266983033,1.0
4910000,1.2883116,0.55043966,0.045485877,0.027917048,5.4847296e-05,220.05263157894737,1.710672559909819,1.710672559909819,1.0
4920000,1.2883091,0.49142858,0.06069076,0.029733675,5.43105e-05,146.0,1.4682262815658074,1.4682262815658074,1.0
4930000,1.2879666,0.49983785,0.05753917,0.027608408,5.378354e-05,184.69767441860466,1.6151045422573291,1.6151045422573291,1.0
4940000,1.2873406,0.54672176,0.043908156,0.024911555,5.3267097e-05,113.3913043478261,1.7719998746668326,1.7719998746668326,1.0
4950000,1.2870318,0.49916452,0.06346755,0.023633976,5.2736275e-05,198.16981132075472,1.559139879976865,1.559139879976865,1.0
4960000,1.2869753,0.5128208,0.063047394,0.023770621,5.2203883e-05,133.4,1.6577843764790832,1.6577843764790832,1.0
4970000,1.2872814,0.46803305,0.04925714,0.021925082,5.1683284e-05,312.72727272727275,1.326410959350566,1.326410959350566,1.0
4980000,1.2872981,0.5832118,0.06984426,0.021351565,5.1170686e-05,126.18987341772151,1.7995884880015356,1.7995884880015356,1.0
4990000,1.2870041,0.58997935,0.063749656,0.028570537,5.0655923e-05,126.80645161290323,1.8237212063967954,1.8237212063967954,1.0
5000000,1.2866919,0.5546208,0.06730673,0.020313824,5.013923e-05,335.8358208955224,1.2484774474183153,1.2484774474183153,1.0
5010000,1.2866237,0.6641794,0.08791129,0.025075596,4.961829e-05,117.42857142857143,1.6918927243366073,1.6918927243366073,1.0
5020000,1.286892,0.51831263,0.06324202,0.02244382,4.9082686e-05,146.83783783783784,1.7493373682766105,1.7493373682766105,1.0
5030000,1.2871932,0.5339424,0.057219725,0.023595257,4.851009e-05,218.96610169491527,1.5753920373595867,1.5753920373595867,1.0
5040000,1.2871835,0.5003742,None,None,None,144.05263157894737,1.711785509413208,1.711785509413208,1.0
5050000,1.2874745,0.47063226,0.05316366,0.019961378,4.7971487e-05,153.66666666666666,1.6593460311683326,1.6593460311683326,1.0
5060000,1.2873516,0.577445,0.054721925,0.024031632,4.745823e-05,106.375,1.9152383819732888,1.9152383819732888,1.0
5070000,1.2868174,0.5962505,0.06493779,0.023086453,4.6924266e-05,217.0408163265306,1.4999705009589281,1.4999705009589281,1.0
5080000,1.2864424,0.47494256,0.060061004,0.020932402,4.6344296e-05,247.36923076923077,1.4055225725389777,1.4055225725389777,1.0
5090000,1.2862169,0.6390539,0.075496435,0.020359444,4.581888e-05,139.44444444444446,1.664195180959723,1.664195180959723,1.0
5100000,1.2860585,0.5813812,0.058024112,0.025625998,4.529968e-05,154.86666666666667,1.623303496540757,1.623303496540757,1.0
5110000,1.2856582,0.42837766,0.04920293,0.027866269,4.47549e-05,165.44117647058823,1.6517296230445642,1.6517296230445642,1.0
5120000,1.2854891,0.5987518,0.07240592,0.023120562,4.4241784e-05,138.82758620689654,1.683546930007801,1.683546930007801,1.0
5130000,1.2853801,0.5093987,0.064304255,0.026019033,4.36953e-05,176.25,1.7567887685675587,1.7567887685675587,1.0
5140000,1.2852521,0.47646633,0.051565945,0.024857147,4.3141088e-05,295.8301886792453,1.3094726107400758,1.3094726107400758,1.0
5150000,1.285106,0.62293875,0.089753196,0.022269238,4.2612883e-05,110.61627906976744,1.7222864198115173,1.7222864198115173,1.0
5160000,1.2851179,0.47447488,0.057556853,0.021141542,4.210023e-05,269.765625,1.5326377455925906,1.5326377455925906,1.0
5170000,1.285294,0.576912,0.059443545,0.022851396,4.1569696e-05,132.58490566037736,1.7314209040528032,1.7314209040528032,1.0
5180000,1.2852142,0.6000091,0.09019197,0.020364862,4.1049683e-05,116.06666666666666,1.9006409964962478,1.9006409964962478,1.0
5190000,1.2850887,0.51086235,0.06558205,0.022568684,4.0528346e-05,159.7826086956522,1.7927786978801192,1.7927786978801192,1.0
5200000,1.2851431,0.49292207,None,None,None,133.73684210526315,1.695174948296335,1.695174948296335,1.0
5210000,1.2850808,0.60255104,0.043996703,0.029115485,3.99215e-05,151.79710144927537,1.6776101526381406,1.6776101526381406,1.0
5220000,1.2849044,0.5094943,0.09141635,0.020872276,3.9396295e-05,161.48076923076923,1.7027351851609316,1.7027351851609316,1.0
5230000,1.2847285,0.50709176,0.03709159,0.025137959,3.886948e-05,121.63636363636364,1.7693109453616975,1.7693109453616975,1.0
5240000,1.2847428,0.5118015,0.058789626,0.019188805,3.832949e-05,250.3921568627451,1.4632715731049362,1.4632715731049362,1.0
5250000,1.2845844,0.4606858,0.058283083,0.021336721,3.7814276e-05,129.12765957446808,1.772175812189407,1.772175812189407,1.0
5260000,1.2844685,0.46094114,0.04163587,0.023188677,3.7267884e-05,151.30769230769232,1.7489100983620096,1.7489100983620096,1.0
5270000,1.284512,0.48599255,0.06288745,0.022985214,3.666369e-05,247.45454545454547,1.515697575121479,1.515697575121479,1.0
5280000,1.2847102,0.5497894,0.06154394,0.02396666,3.610448e-05,238.32203389830508,1.50190503851627,1.50190503851627,1.0
5290000,1.2846111,0.5136428,0.056190837,0.019566827,3.559214e-05,169.69387755102042,1.6010831970197614,1.6010831970197614,1.0
5300000,1.2844766,0.3696768,0.061065327,0.0217838,3.5035497e-05,164.33333333333334,1.7373436112175114,1.7373436112175114,1.0
5310000,1.2843686,0.4410426,0.051347103,0.023351256,3.450388e-05,138.07692307692307,1.708079462798196,1.708079462798196,1.0
5320000,1.2843587,0.39726475,None,None,None,323.6666666666667,1.3203041300686258,1.3203041300686258,1.0
5330000,1.2842683,0.5285524,0.04421225,0.02696127,3.3990294e-05,246.62264150943398,1.4748424069623947,1.4748424069623947,1.0
5340000,1.2840945,0.5719819,0.055702113,0.02106949,3.343648e-05,305.0689655172414,1.2958609741051785,1.2958609741051785,1.0
5350000,1.284101,0.5463815,0.06992181,0.025565749,3.2919903e-05,123.16,1.842563707615556,1.842563707615556,1.0
5360000,1.284172,0.5075368,0.050923742,0.028874917,3.239788e-05,273.27272727272725,1.344195909542488,1.344195909542488,1.0
5370000,1.2841877,0.45009255,0.05735942,0.02568564,3.1872296e-05,197.875,1.5857449252895701,1.5857449252895701,1.0
5380000,1.2841126,0.59188914,0.066181526,0.022282567,3.1355088e-05,203.38,1.5871498691756278,1.5871498691756278,1.0
5390000,1.2840099,0.51125824,0.061165147,0.025786836,3.0815678e-05,154.66666666666666,1.703950695208747,1.703950695208747,1.0
5400000,1.2839913,0.54537654,0.067518376,0.023043761,3.029575e-05,252.94117647058823,1.4300421001988095,1.4300421001988095,1.0
5410000,1.2839316,0.60018367,0.07666226,0.030967927,2.9767503e-05,112.2063492063492,1.8530761139976428,1.8530761139976428,1.0
5420000,1.2840307,0.6242062,0.069377534,0.017676746,2.9254754e-05,115.98461538461538,1.7093307498982862,1.7093307498982862,1.0
5430000,1.2841026,0.5503623,0.07425461,0.027881334,2.8703647e-05,146.1875,1.6406966008696338,1.6406966008696338,1.0
5440000,1.2840885,0.4598524,0.05076128,0.030116623,2.8168095e-05,172.65384615384616,1.7047756944305328,1.7047756944305328,1.0
5450000,1.2841508,0.5361214,0.05386162,0.024726128,2.762109e-05,147.66037735849056,1.6828961122236303,1.6828961122236303,1.0
5460000,1.2841958,0.5090697,0.054337602,0.026341496,2.7069496e-05,188.52631578947367,1.607012676442257,1.607012676442257,1.0
5470000,1.2841822,0.25983873,0.03747298,0.020781422,2.6532287e-05,366.3636363636364,1.2746815887212781,1.2746815887212781,1.0
5480000,1.2843678,0.56714946,0.053409204,0.024108747,2.6015898e-05,97.32558139534883,1.8161294526427,1.8161294526427,1.0
5490000,1.284329,0.3625846,None,None,None,222.69230769230768,1.566124822284716,1.566124822284716,1.0
5500000,1.2841831,0.5238373,0.04782246,0.02145467,2.5477284e-05,183.46511627906978,1.6104089496789542,1.6104089496789542,1.0
5510000,1.2841505,0.29790896,0.0513609,0.027861318,2.4947694e-05,543.9756097560976,1.0836095578355216,1.0836095578355216,1.0
5520000,1.2840917,0.6477847,0.040527068,0.023150265,2.4432085e-05,99.48421052631579,1.7572914778938866,1.7572914778938866,1.0
5530000,1.2838022,0.3059525,0.10403436,0.01772822,2.3911483e-05,267.6,1.4618749196354959,1.4618749196354959,1.0
5540000,1.2836283,0.52523154,0.02521098,0.024501314,2.3360488e-05,326.0882352941176,1.3130880724030944,1.3130880724030944,1.0
5550000,1.2835779,0.48461783,0.06901927,0.019310307,2.2837492e-05,154.1320754716981,1.6468399035162293,1.6468399035162293,1.0
5560000,1.2835547,0.5469354,0.07075128,0.027805574,2.2297301e-05,208.79310344827587,1.621141529554734,1.621141529554734,1.0
5570000,1.2835325,0.5777195,0.085659415,0.019794459,2.1764705e-05,102.84,1.786353188234692,1.786353188234692,1.0
5580000,1.2834845,0.5229937,0.05975478,0.02160309,2.1249289e-05,138.25581395348837,1.7597804018367287,1.7597804018367287,1.0
5590000,1.283402,0.64831847,0.06996362,0.01669396,2.0722202e-05,133.73972602739727,1.7105261713425677,1.7105261713425677,1.0
5600000,1.2833823,0.58597374,0.07585976,0.02323972,2.0170097e-05,172.14492753623188,1.5939564060308444,1.5939564060308444,1.0
5610000,1.2834642,0.5993481,0.06310591,0.01971366,1.9612304e-05,110.88709677419355,1.8647776437435477,1.8647776437435477,1.0
5620000,1.2834473,0.65187824,0.09425428,0.027584506,1.9094941e-05,109.91358024691358,1.6736311222710356,1.6736311222710356,1.0
5630000,1.2833548,0.53739166,0.064477384,0.02730712,1.857039e-05,169.48,1.7653694537065863,1.7653694537065863,1.0
5640000,1.2832611,0.5585869,None,None,None,251.0,1.3958727188716185,1.3958727188716185,1.0
5650000,1.2832068,0.6050762,0.054798644,0.022936447,1.7991691e-05,166.34246575342465,1.6602679912812428,1.6602679912812428,1.0
5660000,1.2832093,0.54352945,0.07785155,0.015387979,1.7477352e-05,121.37037037037037,1.7284129265273172,1.7284129265273172,1.0
5670000,1.2831695,0.54387236,0.06769391,0.024626734,1.6948097e-05,291.64406779661016,1.4141569652860717,1.4141569652860717,1.0
5680000,1.2831436,0.563882,0.05291425,0.02960461,1.6433296e-05,123.9,1.7922539848759846,1.7922539848759846,1.0
5690000,1.2831656,0.54718643,0.06610265,0.02520431,1.5914897e-05,189.45454545454547,1.459569629396821,1.459569629396821,1.0
5700000,1.2831674,0.4979376,0.06759362,0.01897505,1.5365289e-05,169.6909090909091,1.6600981066990894,1.6600981066990894,1.0
5710000,1.2831419,0.5219315,0.063243285,0.029354014,1.483475e-05,196.33333333333334,1.5970220803127935,1.5970220803127935,1.0
5720000,1.2830242,0.5046951,0.05716337,0.033036403,1.4293301e-05,182.140625,1.5924443066349283,1.5924443066349283,1.0
5730000,1.28297,0.4987492,0.07248078,0.023403939,1.3771702e-05,165.5625,1.6895519013827045,1.6895519013827045,1.0
5740000,1.2829962,0.5327256,0.049348895,0.023456452,1.324649e-05,182.40740740740742,1.6555091437702585,1.6555091437702585,1.0
5750000,1.2829503,0.4682143,0.061981034,0.023869587,1.27255e-05,131.26923076923077,1.9131873640896326,1.9131873640896326,1.0
5760000,1.282827,0.6316951,0.092374176,0.02307776,1.2204398e-05,185.9156626506024,1.63681161272723,1.63681161272723,1.0
5770000,1.2827206,0.6106894,0.08258089,0.022293946,1.1686302e-05,101.33333333333333,1.700337491623374,1.700337491623374,1.0
5780000,1.2826772,0.531071,0.071911566,0.023752445,1.1168299e-05,121.1864406779661,1.7096665444842074,1.7096665444842074,1.0
5790000,1.2825861,0.5307777,0.04690406,0.030966487,1.0654351e-05,159.8148148148148,1.5994809767251115,1.5994809767251115,1.0
5800000,1.2825872,0.51851076,0.05990876,0.018726772,1.0127903e-05,166.06976744186048,1.7655225989967056,1.7655225989967056,1.0
5810000,1.2825799,0.52200556,0.066390015,0.025309766,9.576298e-06,118.25,1.691089129282253,1.691089129282253,1.0
5820000,1.2826105,0.53467673,0.08744444,0.025363976,9.060492e-06,228.25757575757575,1.9511542666664088,1.9511542666664088,1.0
5830000,1.2826117,0.46130815,None,None,None,145.6206896551724,1.0273192801606557,1.0273192801606557,1.0
5840000,1.2825518,0.4723588,0.04505172,0.03242748,8.473107e-06,324.8958333333333,1.2586806959403243,1.2586806959403243,1.0
5850000,1.2824883,0.5142855,0.05431312,0.025394633,7.8653e-06,350.9756097560976,1.3255123928291141,1.3255123928291141,1.0
5860000,1.2823894,0.51083684,0.0636555,0.023155766,7.3502993e-06,114.05714285714286,1.8522425502502728,1.8522425502502728,1.0
5870000,1.2823628,0.5299943,0.053154264,0.025626445,6.7804904e-06,125.91666666666667,1.7999614454109598,1.7999614454109598,1.0
5880000,1.2823721,0.47667357,0.06758442,0.025030728,6.234108e-06,139.97368421052633,1.9150268957270562,1.9150268957270562,1.0
5890000,1.2823619,0.3379743,0.060059533,0.020854034,5.7073034e-06,185.72727272727272,1.5907831938394035,1.5907831938394035,1.0
5900000,1.2823555,0.50895137,0.051501427,0.02854162,5.1902994e-06,229.89473684210526,1.4271695252744914,1.4271695252744914,1.0
5910000,1.2823362,0.3725164,0.04143389,0.022939188,4.6585424e-06,445.51428571428573,0.9247830958668298,0.9247830958668298,1.0
5920000,1.2823159,0.4428065,0.04381968,0.026396101,4.141644e-06,312.6170212765957,1.3226840127945731,1.3226840127945731,1.0
5930000,1.282308,0.5199028,0.059820652,0.021488227,3.5944913e-06,121.88461538461539,1.7521959268693428,1.7521959268693428,1.0
5940000,1.2823128,0.558172,0.067350596,0.02512995,3.0605e-06,159.80555555555554,1.6685554260685522,1.6685554260685522,1.0
5950000,1.2822915,0.5308647,0.06446688,0.027306128,2.526705e-06,134.25,1.765236230452799,1.765236230452799,1.0
5960000,1.2822893,0.4796571,0.07729866,0.02002829,2.0071068e-06,111.14473684210526,1.930644719532448,1.930644719532448,1.0
5970000,1.2822878,0.548207,None,None,None,319.25396825396825,1.3224176408727781,1.3224176408727781,1.0
5980000,1.2822882,0.49785078,0.06808588,0.030246606,1.4560925e-06,128.6551724137931,1.8547240638571534,1.8547240638571534,1.0
5990000,1.2822922,0.604698,0.0769349,0.025086401,9.3229244e-07,218.45333333333335,1.4966751375922014,1.4966751375922014,1.0
6000000,1.282296,0.61356884,0.07375679,0.026354454,4.092441e-07,166.01694915254237,1.695118507029986,1.695118507029986,1.0
