Steps,Policy/Extrinsic Value Estimate,Policy/Entropy,Losses/Value Loss,Losses/Policy Loss,Policy/Learning Rate,Environment/Episode Length,Environment/Cumulative Reward,Policy/Extrinsic Reward,Is Training
100000,-16.912134,4.4631495,40.898937,0.024223525,0.0002950848,1977.24,-1079.9117431640625,-1079.9117431640625,1.0
110000,-19.00042,None,37.154408,0.023970334,0.00029455515,1999.0,-1075.153008894487,-1075.153008894487,1.0
120000,-20.700697,4.497575,None,None,None,1699.15,-1031.3612867082868,-1031.3612867082868,1.0
130000,-7.5313163,4.4645543,27.02527,0.025591977,0.0002936272,0.0,-244.18991804454936,-244.18991804454936,1.0
140000,-19.34109,None,27.522972,0.025215603,0.00029300983,None,None,None,1.0
150000,-22.0781,None,None,None,None,None,None,None,1.0
160000,-22.031305,4.443531,None,None,None,None,None,None,1.0
170000,-24.90217,4.4415746,32.01592,0.02498686,0.00029198584,None,None,None,1.0
180000,-25.313156,None,18.816612,0.024778903,0.00029137146,None,None,None,1.0
190000,-25.725769,4.429892,None,None,None,None,None,None,1.0
200000,-26.80004,4.414532,20.590918,0.023994122,0.00029034744,None,None,None,1.0
210000,-28.189667,None,12.121758,0.023120828,0.00028973297,None,None,None,1.0
220000,-27.76687,4.385861,None,None,None,None,None,None,1.0
230000,-28.783945,4.374987,14.450603,0.02349561,0.00028870898,1956.5757575757575,-955.849016825358,-955.849016825358,1.0
240000,-28.841564,None,13.20303,0.024494294,0.0002881294,1999.0,-975.3497910272507,-975.3497910272507,1.0
250000,-29.035309,4.4729857,None,None,None,1999.0,-1004.3973922729492,-1004.3973922729492,1.0
260000,-28.216135,4.384539,9.543443,0.032423947,0.00028729418,None,-1002.1653154161241,-1002.1653154161241,1.0
270000,-28.187765,None,13.575292,0.025715003,0.00028657741,None,None,None,1.0
280000,-28.109869,4.3322144,None,None,None,None,None,None,1.0
290000,-28.818151,4.3464184,13.530495,0.024962433,0.00028565587,None,None,None,1.0
300000,-30.628136,4.3364997,None,None,None,None,None,None,1.0
310000,-30.45779,4.293457,5.449197,0.028560255,0.00028493901,None,None,None,1.0
320000,-29.95067,4.305955,5.8616962,0.031528533,0.00028401738,None,None,None,1.0
330000,-32.3117,4.3025026,None,None,None,None,None,None,1.0
340000,-31.786402,None,4.592245,0.03104917,0.00028330064,None,None,None,1.0
350000,-31.003796,4.2695084,None,None,None,None,None,None,1.0
360000,-33.243805,4.2704697,3.3522716,0.024877895,0.00028237898,1999.0,-857.4189224243164,-857.4189224243164,1.0
370000,-32.96601,None,5.3614206,0.025249546,0.00028172944,1999.0,-878.4081290108817,-878.4081290108817,1.0
380000,-32.097275,4.398935,None,None,None,1999.0,-796.9147630171342,-796.9147630171342,1.0
390000,-30.577057,4.269742,2.6537473,0.028329305,0.00028089422,None,-872.8835266113281,-872.8835266113281,1.0
400000,-29.234613,None,7.337667,0.023712998,0.00028017742,None,None,None,1.0
410000,-30.446411,4.174554,None,None,None,None,None,None,1.0
420000,-31.900455,4.1740804,8.242707,0.022707539,0.00027925585,None,None,None,1.0
430000,-31.588055,None,2.986564,0.023701087,0.00027853902,None,None,None,1.0
440000,-32.11189,4.113839,None,None,None,None,None,None,1.0
450000,-33.194252,4.112513,2.2194455,0.02478498,0.0002776174,None,None,None,1.0
460000,-32.53756,4.1207194,None,None,None,1529.0,-508.3786087036133,-508.3786087036133,1.0
470000,-33.191673,None,4.060213,0.028874554,0.0002767994,None,None,None,1.0
480000,-33.984226,4.0885305,None,None,None,None,None,None,1.0
490000,-33.611065,4.020699,2.1838865,0.026539722,0.00027598022,1999.0,-734.8704998016358,-734.8704998016358,1.0
500000,-33.320766,4.356512,1.6238674,0.021275492,0.00027533062,1999.0,-698.5908667824485,-698.5908667824485,1.0
510000,-33.26161,4.041299,1.6834584,0.025644703,0.0002745882,None,-736.9446144104004,-736.9446144104004,1.0
520000,-31.096205,4.006162,None,None,None,None,None,None,1.0
530000,-31.015423,None,6.428641,0.023956338,0.00027376902,None,None,None,1.0
540000,-30.933147,3.9466848,None,None,None,None,None,None,1.0
550000,-32.51848,3.9263678,6.145594,0.024821118,0.0002729498,1329.0,-346.81090545654297,-346.81090545654297,1.0
560000,-32.25847,None,4.650979,0.025519796,0.0002720694,None,None,None,1.0
570000,-31.866394,3.949934,None,None,None,None,None,None,1.0
580000,-32.937374,3.9535964,1.7373753,0.024344018,0.00027125023,None,None,None,1.0
590000,-31.924646,3.8870008,None,None,None,1999.0,-689.2520961761475,-689.2520961761475,1.0
600000,-31.97851,3.7797272,2.004837,0.029952334,0.0002703382,None,None,None,1.0
610000,-32.811333,3.8058772,1.8834667,0.02569581,0.00026951902,1999.0,None,None,1.0
620000,-31.68547,3.8068094,None,None,None,1987.7179487179487,-549.8661976689878,-549.8661976689878,1.0
630000,-32.04957,4.192258,5.9409294,0.03122807,0.00026889142,1999.0,-628.6184805007208,-628.6184805007208,1.0
640000,-32.841675,3.672053,1.7936037,0.024812281,0.00026813938,None,-657.5488313039144,-657.5488313039144,1.0
650000,-33.66623,3.6143184,None,None,None,None,None,None,1.0
660000,-30.846045,3.5581038,6.419246,0.023460293,0.00026732023,None,None,None,1.0
670000,-30.84676,3.5284164,5.1540475,0.026863003,0.000266501,None,None,None,1.0
680000,-32.7496,3.4925778,None,None,None,1236.6666666666667,-346.0520433783531,-346.0520433783531,1.0
690000,-32.63338,None,7.2020664,0.022667464,0.00026555362,None,None,None,1.0
700000,-31.717422,3.4987822,None,None,None,None,None,None,1.0
710000,-32.95907,3.468732,2.6315494,0.028007308,0.00026493918,None,None,None,1.0
720000,-33.08124,3.431498,5.5622478,0.023328014,0.00026433443,1999.0,-780.6328639984131,-780.6328639984131,1.0
730000,-30.212702,3.4195297,None,None,None,None,None,None,1.0
740000,-30.720987,3.3336227,2.6761255,0.025076127,0.0002633104,1999.0,-624.6665515899658,-624.6665515899658,1.0
750000,-32.717598,3.3306913,None,None,None,1995.3243243243244,-599.3343196195715,-599.3343196195715,1.0
760000,-30.037708,3.7911384,4.967213,0.021683095,0.0002623604,1999.0,-517.0308629816228,-517.0308629816228,1.0
770000,-30.731869,3.3659062,2.5482516,0.023469495,0.00026179402,None,-492.3818977355957,-492.3818977355957,1.0
780000,-32.13598,3.2903955,None,None,None,None,None,None,1.0
790000,-30.643488,3.2553203,5.1009326,0.024289092,0.00026077006,None,None,None,1.0
800000,-32.29583,3.2543836,6.300186,0.02318975,0.00026015562,1385.5,-161.364520072937,-161.364520072937,1.0
810000,-31.066578,3.2120943,5.933881,0.025330909,0.0002596202,1999.0,-560.3904895782471,-560.3904895782471,1.0
820000,-31.482508,3.1852782,None,None,None,None,None,None,1.0
830000,-30.472013,3.1885295,2.591844,0.027051467,0.00025859626,None,None,None,1.0
840000,-29.09344,3.1254158,None,None,None,None,None,None,1.0
850000,-32.04638,3.1514602,4.561723,0.01998106,0.00025798182,1999.0,-670.556547164917,-670.556547164917,1.0
860000,-30.088919,3.0906773,1.9948224,0.024470523,0.00025737702,None,None,None,1.0
870000,-28.62115,3.0905085,3.5006757,0.029203303,0.00025676264,1859.0,-403.37494945526123,-403.37494945526123,1.0
880000,-31.685438,3.1473942,None,None,None,1999.0,-555.0228864496404,-555.0228864496404,1.0
890000,-30.25031,3.3776107,4.2246594,0.02650765,0.0002559643,None,-493.6962492201063,-493.6962492201063,1.0
900000,-28.810932,3.2763903,4.34574,0.02780869,0.0002553882,None,None,None,1.0
910000,-28.953266,3.172599,None,None,None,None,None,None,1.0
920000,-28.367529,3.148784,4.895121,0.024006087,0.00025436425,None,None,None,1.0
930000,-28.670782,3.1892517,4.69095,0.024241226,0.00025374984,1999.0,-485.76286602020264,-485.76286602020264,1.0
940000,-29.970566,3.1836398,3.3952718,0.026050434,0.0002531738,1999.0,-507.90137577056885,-507.90137577056885,1.0
950000,-27.844803,3.220293,None,None,None,1029.0,None,None,1.0
960000,-27.691967,3.0671163,3.2456472,0.023291197,0.00025225224,None,-197.63159161061049,-197.63159161061049,1.0
970000,-28.972944,2.9835403,4.659429,0.024492538,0.00025173897,856.0,-195.54644584655762,-195.54644584655762,1.0
980000,-29.482208,3.0486462,None,None,None,1999.0,-561.8214511871338,-561.8214511871338,1.0
990000,-27.584066,3.0195644,4.7465205,0.023117714,0.00025086038,None,None,None,1.0
1000000,-27.073744,2.968072,6.1990504,0.021569999,0.00025032446,1958.5294117647059,-455.28147668104907,-455.28147668104907,1.0
1010000,-27.32486,3.0665534,2.807377,0.0284645,0.00024957242,1999.0,-475.0966779535467,-475.0966779535467,1.0
1020000,-28.407349,2.9041066,None,None,None,None,-498.23633193969727,-498.23633193969727,1.0
1030000,-27.588745,2.8913832,4.1141777,0.030192088,0.00024897722,None,None,None,1.0
1040000,-26.024933,2.921974,None,None,None,None,None,None,1.0
1050000,-28.508041,2.8810544,4.374301,0.023733389,0.00024795326,None,None,None,1.0
1060000,-26.742249,2.72203,3.221216,0.025003307,0.00024733882,1999.0,-472.56083526611326,-472.56083526611326,1.0
1070000,-26.286428,2.6842136,2.464449,0.02577016,0.00024675322,1997.6666666666667,-488.67273385184154,-488.67273385184154,1.0
1080000,-27.45722,2.6631796,None,None,None,1995.0,-391.99552154541016,-391.99552154541016,1.0
1090000,-28.442896,2.664747,4.751324,0.029633617,0.00024584203,None,-415.6409327189128,-415.6409327189128,1.0
1100000,-26.815228,2.6941843,6.4789953,0.02250927,0.00024527483,1765.6666666666667,-367.0508072592995,-367.0508072592995,1.0
1110000,-25.646341,2.6880364,None,None,None,None,-381.4738006591797,-381.4738006591797,1.0
1120000,-28.99318,2.641706,3.3359535,0.025865268,0.00024447485,1999.0,-417.127477645874,-417.127477645874,1.0
1130000,-25.709085,2.6805098,6.542535,0.024699667,0.00024393904,1961.875,-457.4344106401716,-457.4344106401716,1.0
1140000,-25.993954,2.746849,3.4047437,0.022569556,0.00024317746,None,-452.974417368571,-452.974417368571,1.0
1150000,-27.80276,2.7155824,7.4811826,0.0288575,0.00024257264,1192.0,-241.5285267829895,-241.5285267829895,1.0
1160000,-24.200636,2.6560388,5.596115,0.024056617,0.00024202686,None,None,None,1.0
1170000,-26.0896,2.7251704,None,None,None,None,None,None,1.0
1180000,-29.924007,2.7246597,4.4053035,0.028020194,0.00024131007,1999.0,-441.48796367645264,-441.48796367645264,1.0
1190000,-24.894089,2.6766417,14.918885,0.03136408,0.00024070522,1999.0,None,None,1.0
1200000,-27.427105,2.706331,None,None,None,1999.0,-362.7234754562378,-362.7234754562378,1.0
1210000,-28.94042,2.7218232,2.9389918,0.02820728,0.00023987005,None,-941.8418598175049,-941.8418598175049,1.0
1220000,-25.961493,2.69444,7.746281,0.030867757,0.00023929086,None,None,None,1.0
1230000,-26.361,2.6335683,3.381219,0.030299608,0.00023869566,1999.0,-444.40679359436035,-444.40679359436035,1.0
1240000,-26.64926,2.6966105,2.8032327,0.02464113,0.00023809084,None,None,None,1.0
1250000,-25.614536,2.6341023,6.4577336,0.022209642,0.00023756923,1919.0,-465.4054765701294,-465.4054765701294,1.0
1260000,-23.997135,2.699081,None,None,None,1999.0,-420.9371941306374,-420.9371941306374,1.0
1270000,-25.929638,2.7079248,2.9074,0.029803311,0.00023670522,None,-529.8878872211163,-529.8878872211163,1.0
1280000,-24.230967,2.651128,4.8716383,0.022527393,0.00023612785,1442.5,-258.46362257003784,-258.46362257003784,1.0
1290000,-24.823631,2.5762608,None,None,None,1439.0,-245.67186641693115,-245.67186641693115,1.0
1300000,-24.642416,2.5582833,5.501661,0.023773279,0.00023512305,None,None,None,1.0
1310000,-24.38151,2.5457382,2.9923787,0.02185569,0.00023451824,1999.0,-505.7194576263428,-505.7194576263428,1.0
1320000,-24.91527,2.5711346,None,None,None,1017.0,-196.91884231567383,-196.91884231567383,1.0
1330000,-24.698463,2.5846837,6.4177823,0.03168792,0.00023390625,1436.6666666666667,-229.5008144378662,-229.5008144378662,1.0
1340000,-23.868843,2.5975726,7.1140847,0.024571711,0.00023335082,None,-412.1000156402588,-412.1000156402588,1.0
1350000,-23.892496,2.5454285,3.3035512,0.023175657,0.00023273645,1679.0,-296.10997104644775,-296.10997104644775,1.0
1360000,-23.018465,2.5022187,5.537152,0.024947392,0.00023219561,1999.0,-456.2524471282959,-456.2524471282959,1.0
1370000,-23.435022,2.511692,3.0454316,0.030311069,0.00023159084,1999.0,-435.5271479288737,-435.5271479288737,1.0
1380000,-24.96941,2.4991825,4.7855806,0.029586907,0.00023106403,1852.0,-472.0365176730686,-472.0365176730686,1.0
1390000,-23.187107,2.4817202,None,None,None,None,None,None,1.0
1400000,-22.632343,2.5407844,3.0825949,0.020258091,0.00023044962,1784.75,-343.4072086260869,-343.4072086260869,1.0
1410000,-23.767973,2.5967224,4.838039,0.027279735,0.00022984025,1999.0,-401.0737773350307,-401.0737773350307,1.0
1420000,-21.993341,2.5295331,2.7084796,0.02751483,0.00022924505,1999.0,-437.1727600097656,-437.1727600097656,1.0
1430000,-22.763208,2.5063076,4.828949,0.018970042,0.00022865045,1436.0,-218.92531871795654,-218.92531871795654,1.0
1440000,-23.51434,2.5087936,2.989361,0.022378296,0.00022804564,1494.0,-352.23932495117185,-352.23932495117185,1.0
1450000,-22.965704,2.496132,None,None,None,1999.0,-366.98883141411676,-366.98883141411676,1.0
1460000,-22.33308,2.4767168,5.4401374,0.025369886,0.00022745723,1999.0,-414.5657094319661,-414.5657094319661,1.0
1470000,-22.632257,2.5099065,2.9694192,0.041161224,0.00022685245,None,None,None,1.0
1480000,-23.116076,2.4937596,3.3836486,0.023908826,0.00022623801,1454.0,-244.20103120803833,-244.20103120803833,1.0
1490000,-21.367779,2.4620934,5.5096292,0.028991302,0.00022565604,1999.0,-368.32005500793457,-368.32005500793457,1.0
1500000,-22.097647,2.4725592,2.6743925,0.020977702,0.00022506084,1999.0,-408.5196533203125,-408.5196533203125,1.0
1510000,-22.876263,2.463191,None,None,None,1415.5,-297.92859172821045,-297.92859172821045,1.0
1520000,-21.366592,2.4296017,4.755054,0.02116481,0.00022449426,1999.0,-499.4757995605469,-499.4757995605469,1.0
1530000,-23.17479,2.4539704,2.3864737,0.025587156,0.00022389906,1999.0,-476.70118419940655,-476.70118419940655,1.0
1540000,-21.057287,2.450951,3.091898,0.022010842,0.00022331344,542.0,-275.481120467186,-275.481120467186,1.0
1550000,-21.719894,2.4317682,5.014537,0.022682672,0.00022279522,1999.0,-304.49640798568726,-304.49640798568726,1.0
1560000,-22.000725,2.3926325,5.4132853,0.025508577,0.00022219046,1999.0,-393.43781185150146,-393.43781185150146,1.0
1570000,-21.846706,2.3838944,2.8791766,0.020864917,0.00022159526,1999.0,-363.8334716796875,-363.8334716796875,1.0
1580000,-22.524897,2.4009202,None,None,None,1999.0,-381.43154852730885,-381.43154852730885,1.0
1590000,-22.922865,2.441461,3.13683,0.025364729,0.00022100005,None,-326.7167282104492,-326.7167282104492,1.0
1600000,-21.150448,2.3826807,6.8199005,0.03907957,0.00022038567,None,None,None,1.0
1610000,-22.423359,2.301962,2.7319896,0.02399219,0.00021978085,1999.0,-379.51937675476074,-379.51937675476074,1.0
1620000,-24.087608,2.3337255,6.0260634,0.021789119,0.00021920644,1895.0,-292.74723720550537,-292.74723720550537,1.0
1630000,-21.424736,2.3656282,9.83916,0.018110268,0.00021860165,1999.0,-494.60477447509766,-494.60477447509766,1.0
1640000,-22.374706,2.4174042,None,None,None,1999.0,-391.83506870269775,-391.83506870269775,1.0
1650000,-25.28043,2.324515,2.898685,0.02818386,0.00021799684,1999.0,-1108.7403666178386,-1108.7403666178386,1.0
1660000,-21.146402,2.3773835,14.646302,0.030026926,0.00021740164,1802.5,-371.35908432006835,-371.35908432006835,1.0
1670000,-20.908321,2.3881328,4.314511,0.031808462,0.00021688042,1999.0,-595.7986785888672,-595.7986785888672,1.0
1680000,-21.062012,2.399666,3.1911662,0.02586797,0.00021627564,1226.0,-209.4244602748326,-209.4244602748326,1.0
1690000,-22.154905,2.3428872,5.546485,0.03128556,0.00021568245,1999.0,-384.7138275146484,-384.7138275146484,1.0
1700000,-19.736954,2.3101852,2.9865453,0.024729874,0.00021508725,1999.0,-354.9112539291382,-354.9112539291382,1.0
1710000,-20.512104,2.375419,3.6489444,0.024421308,0.0002145252,1404.0,-313.0939574241638,-313.0939574241638,1.0
1720000,-21.192812,2.3122299,4.9406514,0.0220234,0.00021401144,1032.0,-257.9484709650278,-257.9484709650278,1.0
1730000,-20.76096,2.3653727,None,None,None,1776.0,-332.8134412765503,-332.8134412765503,1.0
1740000,-20.461807,2.3574464,3.6975288,0.026027655,0.00021345125,1999.0,-389.46119117736816,-389.46119117736816,1.0
1750000,-21.452366,2.3581867,3.2490108,0.024339648,0.00021285604,1999.0,-353.6124954223633,-353.6124954223633,1.0
1760000,-21.52603,2.3886976,3.0414588,0.026486512,0.00021225127,1999.0,-433.4897206624349,-433.4897206624349,1.0
1770000,-20.119484,2.286787,3.5495052,0.028111188,0.00021164645,None,-438.8189061482747,-438.8189061482747,1.0
1780000,-21.279919,2.2665114,3.3273988,0.024992993,0.00021104165,1404.0,-411.2132345835368,-411.2132345835368,1.0
1790000,-22.013136,2.3300378,7.1791515,0.020457728,0.00021050643,1815.6666666666667,-363.40186309814453,-363.40186309814453,1.0
1800000,-20.40623,2.3000872,None,None,None,1999.0,-399.58867263793945,-399.58867263793945,1.0
1810000,-20.250675,2.331715,2.6644948,0.027503865,0.00020990164,1999.0,-399.74484419822693,-399.74484419822693,1.0
1820000,-21.346827,2.3808675,4.4782677,0.029061658,0.00020931925,1479.0,-275.11329650878906,-275.11329650878906,1.0
1830000,-20.108898,2.3478234,3.6580274,0.021280576,0.00020871445,1999.0,None,None,1.0
1840000,-20.92686,2.3551219,4.685971,0.02277482,0.00020820128,1306.0,-296.42986154556274,-296.42986154556274,1.0
1850000,-22.129032,2.3132691,3.9339905,0.01932128,0.00020759644,1999.0,-456.9998092651367,-456.9998092651367,1.0
1860000,-20.519114,2.3085551,None,None,None,1999.0,-594.7251396179199,-594.7251396179199,1.0
1870000,-18.88415,2.250528,2.5790005,0.022902643,0.00020699167,1644.0,-317.17851972579956,-317.17851972579956,1.0
1880000,-21.012264,2.2691574,5.127152,0.02050278,0.00020643606,None,None,None,1.0
1890000,-19.076273,2.23054,2.8872721,0.026784254,0.00020582166,1999.0,None,None,1.0
1900000,-18.39346,2.2820148,2.668884,0.025895625,0.00020521687,None,-335.5825614929199,-335.5825614929199,1.0
1910000,-20.260572,2.2698922,3.3074176,0.02539016,0.00020461205,1999.0,-425.64701080322266,-425.64701080322266,1.0
1920000,-19.80737,2.2069762,2.4394128,0.031902798,0.00020402647,1999.0,-364.98154878616333,-364.98154878616333,1.0
1930000,-19.65019,2.2037768,None,None,None,None,None,None,1.0
1940000,-19.890627,2.2482786,2.755168,0.019039132,0.00020341206,1759.0,-413.6302764217059,-413.6302764217059,1.0
1950000,-19.372509,2.1878893,6.5722294,0.025425514,0.00020282326,1999.0,-380.7087173461914,-380.7087173461914,1.0
1960000,-19.472485,2.1886625,3.1477282,0.02580927,0.00020222807,1999.0,-333.70015716552734,-333.70015716552734,1.0
1970000,-19.620747,2.2395241,3.2393768,0.025449213,0.00020163287,None,-331.4509455362956,-331.4509455362956,1.0
1980000,-18.81833,2.2114842,3.1114726,0.021216186,0.00020101847,None,None,None,1.0
1990000,-18.620022,2.190178,None,None,None,1999.0,-315.6158275604248,-315.6158275604248,1.0
2000000,-19.657347,2.2534418,3.0630848,0.022415495,0.00020042325,1999.0,-475.20852851867676,-475.20852851867676,1.0
2010000,-19.356647,2.155434,2.5111313,0.024918921,0.00019981846,None,None,None,1.0
2020000,-19.379217,2.1447623,2.7807698,0.02732676,0.00019920402,1621.0,-287.81163573265076,-287.81163573265076,1.0
2030000,-19.819534,2.1561847,9.282627,0.024717512,0.00019862964,1562.0,-261.7877090771993,-261.7877090771993,1.0
2040000,-18.86984,2.1424632,2.7248864,0.026867708,0.00019803445,1999.0,-316.7750515937805,-316.7750515937805,1.0
2050000,-19.17834,2.1195643,None,None,None,1672.0,-387.0262991587321,-387.0262991587321,1.0
2060000,-19.019129,2.1054142,4.4636903,0.01993073,0.00019749503,None,-215.67009735107422,-215.67009735107422,1.0
2070000,-18.65337,2.1599765,2.8189316,0.028431991,0.00019688065,1703.3333333333333,-280.5332664966583,-280.5332664966583,1.0
2080000,-18.881565,2.2347555,3.3155937,0.026329782,0.00019627724,1999.0,-384.1601854960124,-384.1601854960124,1.0
2090000,-18.82559,2.2542837,3.4263344,0.025493627,0.00019566287,1520.5,-274.5213598012924,-274.5213598012924,1.0
2100000,-18.84526,2.1882179,4.3353076,0.021843318,0.00019514369,1567.5,-338.5153225660324,-338.5153225660324,1.0
2110000,-18.657715,2.179558,3.7423637,0.027590033,0.00019459063,1357.5,-260.52325085231234,-260.52325085231234,1.0
2120000,-17.374222,2.146142,None,None,None,None,-265.67005920410156,-265.67005920410156,1.0
2130000,-17.611084,2.1915545,2.782651,0.022090666,0.00019398585,1510.0,-276.4129089832306,-276.4129089832306,1.0
2140000,-18.73596,2.116228,7.6175365,0.027113426,0.00019346827,639.0,-140.27294731140137,-140.27294731140137,1.0
2150000,-18.537258,2.1246784,2.8972151,0.024608895,0.00019285383,1999.0,-401.6980986595154,-401.6980986595154,1.0
2160000,-17.12227,2.1387854,2.9262934,0.02210934,0.00019225865,812.0,-167.30926386515299,-167.30926386515299,1.0
2170000,-18.303904,2.1294982,6.0122194,0.026029456,0.00019171828,1687.5,-293.6203948126899,-293.6203948126899,1.0
2180000,-19.40981,2.1718032,2.979285,0.019598497,0.00019111346,1109.0,-242.90604507923126,-242.90604507923126,1.0
2190000,-17.575306,2.1326883,3.9821029,0.022914069,0.0001905843,402.0,None,None,1.0
2200000,-17.48906,2.138868,4.0276766,0.021183621,0.00019000126,1999.0,-213.49938035011292,-213.49938035011292,1.0
2210000,-19.386951,2.140318,None,None,None,1999.0,-404.1268038749695,-404.1268038749695,1.0
2220000,-17.369305,2.1506937,2.5046375,0.01965377,0.00018941566,1999.0,-327.33834886550903,-327.33834886550903,1.0
2230000,-17.805962,2.1576874,2.5340025,0.021220498,0.00018881085,1264.0,-194.84870186448097,-194.84870186448097,1.0
2240000,-18.376196,2.1200802,4.3107195,0.023206197,0.00018820245,None,None,None,1.0
2250000,-17.587626,2.1896837,3.965538,0.024069367,0.00018769028,1503.3333333333333,-273.5655848200743,-273.5655848200743,1.0
2260000,-18.697302,2.1768625,3.1566966,0.025841057,0.00018711424,1999.0,-400.19982528686523,-400.19982528686523,1.0
2270000,-18.28432,2.1784024,2.9784107,0.027328208,0.00018650947,1999.0,-399.4793939590454,-399.4793939590454,1.0
2280000,-18.365406,2.1834831,None,None,None,None,-453.4666175842285,-453.4666175842285,1.0
2290000,-16.927467,2.2195146,3.4593472,0.027423527,0.00018590466,1792.0,-403.3354835510254,-403.3354835510254,1.0
2300000,-18.163883,2.1212773,3.9694712,0.02747782,0.00018534125,719.0,-115.85402154922485,-115.85402154922485,1.0
2310000,-17.771679,2.1070182,5.835949,0.019267632,0.00018477107,1406.5,-246.65157241821288,-246.65157241821288,1.0
2320000,-17.964617,2.1799598,4.8677,0.026497427,0.00018423985,1716.0,-298.3600563049316,-298.3600563049316,1.0
2330000,-17.918825,2.153607,3.9207292,0.03006663,0.00018366925,1363.3333333333333,-233.93390083312988,-233.93390083312988,1.0
2340000,-17.868216,2.1150382,4.877554,0.020372957,0.00018306386,1892.5,-383.04483222961426,-383.04483222961426,1.0
2350000,-16.566132,2.1370285,4.1677046,0.02418067,0.00018252541,1369.0,-324.9894161224365,-324.9894161224365,1.0
2360000,-17.434452,2.1584134,None,None,None,1999.0,-332.38339614868164,-332.38339614868164,1.0
2370000,-18.228666,2.135713,2.9892762,0.023471037,0.00018192067,None,None,None,1.0
2380000,-17.435427,2.1357687,2.843261,0.02468094,0.00018130626,None,None,None,1.0
2390000,-17.98883,2.1108828,4.1810675,0.0273133,0.00018079083,1762.0,-337.16098633408546,-337.16098633408546,1.0
2400000,-17.826296,2.0745,3.821607,0.020759862,0.00018024849,None,None,None,1.0
2410000,-19.115252,2.071562,2.1988962,0.02322369,0.00017963405,None,None,None,1.0
2420000,-18.27775,2.0417268,2.9271097,0.025527302,0.00017901968,None,None,None,1.0
2430000,-18.184996,2.070613,None,None,None,1999.0,-350.8989448547363,-350.8989448547363,1.0
2440000,-19.759031,2.138167,2.3095498,0.018721161,0.00017842447,1999.0,-376.31402802467346,-376.31402802467346,1.0
2450000,-19.376282,2.1126888,3.4629745,0.023551518,0.00017785667,1446.0,-242.69918155670166,-242.69918155670166,1.0
2460000,-18.418425,2.1151044,2.1274853,0.022270907,0.00017726146,1999.0,-376.37157249450684,-376.37157249450684,1.0
2470000,-18.618252,2.1100304,3.9198415,0.022734396,0.00017670865,1773.6666666666667,-397.20963859558105,-397.20963859558105,1.0
2480000,-18.70438,2.0461576,3.0277207,0.019872075,0.00017611346,1999.0,-451.5147943496704,-451.5147943496704,1.0
2490000,-18.083027,2.0630226,2.7804255,0.025518438,0.00017550866,1999.0,-346.2309169769287,-346.2309169769287,1.0
2500000,-18.342123,2.0689068,None,None,None,716.0,-135.57724571228027,-135.57724571228027,1.0
2510000,-17.9938,2.0350628,4.610408,0.022030901,0.00017495562,None,None,None,1.0
2520000,-18.66402,2.064021,1.8368841,0.022742055,0.00017435088,1999.0,-319.22260665893555,-319.22260665893555,1.0
2530000,-18.555683,2.0185604,2.44082,0.02478789,0.00017377165,None,None,None,1.0
2540000,-19.197443,2.0659175,2.8226438,0.024803316,0.00017323405,1102.0,-175.4277675151825,-175.4277675151825,1.0
2550000,-17.87421,2.0624435,4.7237926,0.022856295,0.00017268208,1656.0,-266.73201298713684,-266.73201298713684,1.0
2560000,-18.74327,2.0269754,3.3596606,0.022119869,0.00017215866,1490.75,-273.88051903247833,-273.88051903247833,1.0
2570000,-20.020702,2.0900223,4.1883507,0.029936206,0.00017161023,1999.0,-368.6237711906433,-368.6237711906433,1.0
2580000,-18.115479,2.0838542,2.8909254,0.02148859,0.00017101505,1999.0,-370.8050503730774,-370.8050503730774,1.0
2590000,-18.82478,2.0613246,None,None,None,1999.0,-354.3533306121826,-354.3533306121826,1.0
2600000,-18.174774,2.0939927,3.1483085,0.027697269,0.00017041987,1999.0,-362.2135019302368,-362.2135019302368,1.0
2610000,-17.805622,2.0142665,4.955155,0.02517632,0.00016981208,526.0,-81.57652900367975,-81.57652900367975,1.0
2620000,-17.86397,2.0445895,2.7688513,0.02700564,0.00016923467,1442.5,-276.090012550354,-276.090012550354,1.0
2630000,-18.427544,2.0676863,4.725835,0.022785336,0.00016864606,1470.5,-367.58826541900635,-367.58826541900635,1.0
2640000,-18.305862,2.069884,3.8272347,0.03198682,0.00016812369,1467.6666666666667,-232.7010844707489,-232.7010844707489,1.0
2650000,-17.747822,2.0449164,4.5907636,0.02074446,0.00016756005,None,-313.1922664642334,-313.1922664642334,1.0
2660000,-17.951664,2.065523,4.765443,0.025042383,0.00016702543,1335.5,-229.36245822906494,-229.36245822906494,1.0
2670000,-18.417377,2.0445268,None,None,None,1999.0,-459.7113666534424,-459.7113666534424,1.0
2680000,-18.92964,2.0517688,2.9972134,0.020451466,0.00016642065,1999.0,None,None,1.0
2690000,-18.342808,2.0424137,2.817922,0.026795972,0.00016581587,1666.0,-294.878889465332,-294.878889465332,1.0
2700000,-18.62763,2.043662,4.9127374,0.033087946,0.00016525146,456.0,-190.72476704915366,-190.72476704915366,1.0
2710000,-18.437124,2.0190258,3.3336012,0.022942083,0.00016465766,1999.0,-370.16634035110474,-370.16634035110474,1.0
2720000,-18.968615,2.0905666,4.304213,0.020113233,0.0001641175,1212.0,-242.49051666259766,-242.49051666259766,1.0
2730000,-18.502613,2.0546527,4.1216717,0.01909412,0.0001635923,1544.0,-252.03913916647434,-252.03913916647434,1.0
2740000,-17.904293,2.128359,3.760299,0.019264758,0.00016300827,1639.0,-240.22210311889648,-240.22210311889648,1.0
2750000,-19.1514,2.073303,None,None,None,532.0,-304.8455135325591,-304.8455135325591,1.0
2760000,-18.710808,2.1168451,3.611378,0.024979072,0.00016240886,1492.3333333333333,-270.8866578737895,-270.8866578737895,1.0
2770000,-18.192331,2.12251,5.5926514,0.030008497,0.00016182006,1902.3333333333333,-342.85198672612506,-342.85198672612506,1.0
2780000,-17.693745,2.0428684,4.5060024,0.02155956,0.00016129247,None,None,None,1.0
2790000,-17.181427,2.002385,5.104866,0.030429067,0.00016069727,457.0,-63.65398168563843,-63.65398168563843,1.0
2800000,-17.533918,2.0513694,5.978377,0.028696554,0.00016017923,1044.0,-177.44344103336334,-177.44344103336334,1.0
2810000,-18.89307,2.0220518,3.3939464,0.020822562,0.00015957448,1999.0,-453.38472747802734,-453.38472747802734,1.0
2820000,-17.966537,1.9883752,None,None,None,1999.0,-454.5303497314453,-454.5303497314453,1.0
2830000,-18.445644,1.9858812,3.6629088,0.023414606,0.00015896966,1999.0,-373.82914543151855,-373.82914543151855,1.0
2840000,-17.940363,1.9871967,2.5269508,0.01930557,0.00015836487,909.0,-127.64640021324158,-127.64640021324158,1.0
2850000,-17.998217,2.04546,5.048708,0.020460349,0.00015780565,1999.0,-384.21624851226807,-384.21624851226807,1.0
2860000,-18.09746,2.0480323,3.371222,0.022853544,0.00015720086,1999.0,-360.0273208618164,-360.0273208618164,1.0
2870000,-17.127422,2.0753968,2.3944016,0.025394538,0.00015658647,1650.0,-430.20534388224286,-430.20534388224286,1.0
2880000,-18.165642,2.0863879,5.484957,0.026684837,0.00015606127,1246.6666666666667,-290.2626617833188,-290.2626617833188,1.0
2890000,-17.034096,2.0906508,5.635223,0.024149392,0.00015554125,1402.3333333333333,-240.68568447657995,-240.68568447657995,1.0
2900000,-17.518188,2.0820425,None,None,None,1483.6666666666667,-226.65001559257507,-226.65001559257507,1.0
2910000,-17.269081,2.0547075,4.1843076,0.022251245,0.00015495766,566.0,-97.56200233101845,-97.56200233101845,1.0
2920000,-17.057487,1.9842582,5.5613194,0.016869964,0.00015443467,1462.3333333333333,-240.60962028503417,-240.60962028503417,1.0
2930000,-17.676712,2.0320678,4.31817,0.022092074,0.00015386388,859.0,-234.73296890258788,-234.73296890258788,1.0
2940000,-17.67969,1.9948956,6.562339,0.020350905,0.00015334645,702.0,-139.03178176879882,-139.03178176879882,1.0
2950000,-16.068783,1.9772382,2.4548647,0.025987048,0.00015273207,1839.0,-316.00753021240234,-316.00753021240234,1.0
2960000,-19.41461,1.9562662,5.21179,0.028259996,0.00015215926,None,None,None,1.0
2970000,-17.531874,1.9618931,4.7599807,0.019984242,0.00015160066,1271.3333333333333,-197.71577628453574,-197.71577628453574,1.0
2980000,-17.033478,1.9814703,5.089178,0.018732496,0.00015107844,792.5,-138.31734657287598,-138.31734657287598,1.0
2990000,-18.76012,2.0244253,None,None,None,1999.0,-447.8429756164551,-447.8429756164551,1.0
3000000,-18.004435,2.0096276,4.2905145,0.027027935,0.00015047367,1400.3333333333333,-232.54281679789224,-232.54281679789224,1.0
3010000,-17.665045,2.0378337,5.98094,0.030952351,0.00014994008,1864.6666666666667,-307.717889269193,-307.717889269193,1.0
3020000,-18.856558,2.047849,4.266539,0.022776462,0.00014933266,1999.0,-704.3610553741455,-704.3610553741455,1.0
3030000,-17.069899,2.0120246,4.8149905,0.025254805,0.00014881606,1646.0,-244.0956176519394,-244.0956176519394,1.0
3040000,-17.583584,2.0179985,4.470966,0.019746913,0.00014827387,1006.0,-228.0773458480835,-228.0773458480835,1.0
3050000,-17.885836,2.0075219,5.70038,0.024473516,0.00014767246,1999.0,-318.23091220855713,-318.23091220855713,1.0
3060000,-18.425856,2.0204256,4.12643,0.02733641,0.00014713085,1609.0,-349.06173372268677,-349.06173372268677,1.0
3070000,-16.700222,2.0262804,2.7535472,0.027040299,0.00014651648,None,None,None,1.0
3080000,-17.190401,2.014469,2.8970494,0.026967734,0.0001460043,512.0,-75.57981027942151,-75.57981027942151,1.0
3090000,-17.612509,2.0189278,None,None,None,1255.6666666666667,-213.84050198396048,-213.84050198396048,1.0
3100000,-17.104538,2.0155973,6.0422044,0.029853862,0.00014545505,1999.0,-354.15445947647095,-354.15445947647095,1.0
3110000,-17.299929,2.0196965,2.1481314,0.026839798,0.00014485986,1599.0,-275.4069023132324,-275.4069023132324,1.0
3120000,-16.347946,2.0373292,4.972362,0.02328951,0.00014427087,1895.5,-304.34016358852386,-304.34016358852386,1.0
3130000,-16.527994,1.994778,2.6779227,0.020386063,0.00014366607,1999.0,-472.6394386291504,-472.6394386291504,1.0
3140000,-16.189009,2.0157952,4.0251527,0.021610005,0.00014312327,1324.6666666666667,-256.18454251970564,-256.18454251970564,1.0
3150000,-16.550854,1.9867496,3.9959128,0.020975547,0.00014257307,1999.0,None,None,1.0
3160000,-16.811193,2.008628,None,None,None,None,-334.13275241851807,-334.13275241851807,1.0
3170000,-15.965309,1.9769615,2.6514,0.029662458,0.00014196827,419.0,-53.0343132019043,-53.0343132019043,1.0
3180000,-17.191326,1.9320265,4.284938,0.02130974,0.00014137226,1709.0,-274.03960514068604,-274.03960514068604,1.0
3190000,-16.892218,1.9284184,4.6528196,0.01841313,0.00014081347,1454.0,-144.98863983154297,-144.98863983154297,1.0
3200000,-16.945938,1.9032333,2.5363276,0.024945116,0.00014020866,1384.0,-263.3752482732137,-263.3752482732137,1.0
3210000,-16.935144,1.973593,3.0832057,0.02279507,0.00013965464,None,None,None,1.0
3220000,-16.922703,2.0024316,3.712379,0.018734561,0.00013904726,1523.3333333333333,-247.9739277487,-247.9739277487,1.0
3230000,-18.24227,1.9827971,5.4700575,0.025738472,0.00013851405,1570.3333333333333,-278.63066244125366,-278.63066244125366,1.0
3240000,-16.121733,1.9785544,None,None,None,1930.5,-335.06066970825196,-335.06066970825196,1.0
3250000,-16.050104,2.0021327,3.56566,0.033999864,0.00013794628,1352.5,-238.2718105316162,-238.2718105316162,1.0
3260000,-16.197002,1.9821928,5.920953,0.025217455,0.00013737546,992.0,-137.34921809605189,-137.34921809605189,1.0
3270000,-16.479992,1.9840282,4.6246066,0.023384541,0.00013678307,1999.0,-244.90947799682618,-244.90947799682618,1.0
3280000,-16.563326,2.0026608,3.7625923,0.01774588,0.00013616867,None,None,None,1.0
3290000,-17.14562,1.9377549,2.9919736,0.020137645,0.00013555429,None,None,None,1.0
3300000,-16.568354,1.9183918,None,None,None,None,None,None,1.0
3310000,-16.941769,1.9088808,2.267356,0.026847277,0.00013493987,969.0,-182.9075927734375,-182.9075927734375,1.0
3320000,-17.05653,1.9107937,2.6973941,0.026553366,0.00013434587,1999.0,-389.82007217407227,-389.82007217407227,1.0
3330000,-16.80028,1.8742186,1.8125798,0.021509536,0.00013374108,1999.0,-302.7561569213867,-302.7561569213867,1.0
3340000,-16.996313,1.8362926,2.1856716,0.031480167,0.00013312665,1999.0,-297.56595611572266,-297.56595611572266,1.0
3350000,-16.464441,1.9224061,3.355638,0.026249409,0.00013252046,1521.3333333333333,-243.0053785497492,-243.0053785497492,1.0
3360000,-16.41875,1.8892584,None,None,None,1779.0,-307.37906789779663,-307.37906789779663,1.0
3370000,-15.94198,1.9169996,2.8888967,0.026798729,0.00013197405,1339.0,-198.288671577678,-198.288671577678,1.0
3380000,-16.867994,1.9638435,4.558692,0.02655806,0.0001314533,1353.6,-237.66279682360198,-237.66279682360198,1.0
3390000,-15.397771,1.9783959,5.433477,0.02362876,0.00013091786,1357.6666666666667,-228.69739711284637,-228.69739711284637,1.0
3400000,-16.473564,1.9988335,6.907313,0.02251957,0.00013040166,552.0,-83.88258641958237,-83.88258641958237,1.0
3410000,-15.388853,1.9544593,3.6858008,0.02641064,0.00012978727,None,None,None,1.0
3420000,-15.045365,1.9448322,4.0362754,0.028598625,0.00012923707,657.5,-84.99392521381378,-84.99392521381378,1.0
3430000,-15.743114,1.92718,6.3258953,0.017271927,0.00012872445,694.6666666666666,-100.7739646434784,-100.7739646434784,1.0
3440000,-15.315932,1.9613109,4.96951,0.025521742,0.00012816403,1092.0,-166.37862128019333,-166.37862128019333,1.0
3450000,-16.151241,1.8973677,5.311438,0.024883987,0.0001276223,953.5,-162.4476137161255,-162.4476137161255,1.0
3460000,-17.523783,1.9035678,6.3067584,0.025724404,0.00012707365,1322.0,-210.18592739105225,-210.18592739105225,1.0
3470000,-15.625209,1.9066932,None,None,None,872.0,-120.92849636077881,-120.92849636077881,1.0
3480000,-14.598144,1.9446932,3.4276,0.025013655,0.00012648947,677.0,-97.08828032016754,-97.08828032016754,1.0
3490000,-18.909918,1.9619997,5.860329,0.026845932,0.00012591106,None,None,None,1.0
3500000,-15.59948,1.9575042,4.1644,0.029776828,0.00012530628,1999.0,-343.9768967628479,-343.9768967628479,1.0
3510000,-15.891528,1.9658428,2.523949,0.019179458,0.00012471108,1474.0,-310.1352729797363,-310.1352729797363,1.0
3520000,-17.27699,1.9329526,3.7491179,0.02003188,0.00012412107,1999.0,-547.9189429283142,-547.9189429283142,1.0
3530000,-15.687934,1.8934697,3.8579028,0.025603306,0.00012351628,None,None,None,1.0
3540000,-15.4838085,1.8455527,None,None,None,919.0,-149.98625373840332,-149.98625373840332,1.0
3550000,-15.132842,1.8514645,4.136998,0.03198438,0.00012292268,1334.0,-234.0718661717006,-234.0718661717006,1.0
3560000,-15.537031,1.8555515,3.27533,0.023029916,0.00012238866,1999.0,-358.7477105947641,-358.7477105947641,1.0
3570000,-15.426478,1.904882,2.4577703,0.024637504,0.00012180307,1999.0,-262.53876209259033,-262.53876209259033,1.0
3580000,-15.615404,1.9211123,3.0567727,0.024975272,0.00012120908,1571.3333333333333,-251.6957573890686,-251.6957573890686,1.0
3590000,-15.503077,1.9131246,4.4896407,0.019380875,0.000120601675,1692.0,-260.5873646736145,-260.5873646736145,1.0
3600000,-15.639128,1.8624998,None,None,None,1999.0,-313.5993175506592,-313.5993175506592,1.0
3610000,-15.699799,1.882694,4.0143847,0.018783532,0.00011999686,571.6666666666666,-107.01634724934895,-107.01634724934895,1.0
3620000,-15.359289,1.9084764,5.8700304,0.02144933,0.00011944847,1192.0,-168.93216531926936,-168.93216531926936,1.0
3630000,-14.580177,1.8838161,4.313462,0.020220209,0.00011886886,1722.5,-307.4441157749721,-307.4441157749721,1.0
3640000,-14.766585,1.9128875,4.9294868,0.019856751,0.00011829867,772.6666666666666,-110.91710493427057,-110.91710493427057,1.0
3650000,-15.672449,1.8901942,3.9785743,0.019826718,0.00011772487,1999.0,-374.6426544189453,-374.6426544189453,1.0
3660000,-15.277644,1.8303008,4.291165,0.024996348,0.00011720808,779.0,-124.54528468847275,-124.54528468847275,1.0
3670000,-15.783322,1.8919225,4.426061,0.025943886,0.000116601084,1506.6666666666667,-220.5777007738749,-220.5777007738749,1.0
3680000,-15.602947,1.8337909,None,None,None,None,None,None,1.0
3690000,-15.462611,1.8559593,2.634083,0.026260903,0.00011599628,1309.0,-189.7158828576406,-189.7158828576406,1.0
3700000,-16.412409,1.8486702,4.5083866,0.022275189,0.00011541508,1116.0,-142.5425271987915,-142.5425271987915,1.0
3710000,-15.636,1.8358917,4.5877285,0.01996782,0.00011480068,1720.5,-232.4832878112793,-232.4832878112793,1.0
3720000,-15.334575,1.812832,2.9267747,0.02225802,0.00011419587,807.5,-194.40643787384033,-194.40643787384033,1.0
3730000,-16.008587,1.8067256,6.796092,0.025180781,0.00011358667,1124.25,-153.70237672956367,-153.70237672956367,1.0
3740000,-15.949668,1.8239399,4.3241134,0.025944239,0.00011300108,1527.0,-294.3989289700985,-294.3989289700985,1.0
3750000,-15.511804,1.8016391,None,None,None,1018.3333333333334,-187.6447557449341,-187.6447557449341,1.0
3760000,-15.423616,1.833181,6.411718,0.021874312,0.00011246628,1679.0,-266.7249336242676,-266.7249336242676,1.0
3770000,-14.828329,1.8723758,4.392578,0.023373818,0.00011185747,981.0,-132.32074936230978,-132.32074936230978,1.0
3780000,-14.787673,1.8872089,5.3024597,0.024679605,0.000111321264,366.3333333333333,-47.17375980723988,-47.17375980723988,1.0
3790000,-14.280293,1.8727199,5.299875,0.023827294,0.000110779874,727.0,-92.5402651892768,-92.5402651892768,1.0
3800000,-15.125279,1.8536532,3.7540011,0.026021902,0.00011019107,1266.0,-223.04204301536083,-223.04204301536083,1.0
3810000,-15.295234,1.8055168,5.006192,0.02684079,0.00010967788,759.0,-98.29774338006973,-98.29774338006973,1.0
3820000,-14.510657,1.7951258,3.4181383,0.023403788,0.000109096676,1345.5,-204.29450035095215,-204.29450035095215,1.0
3830000,-14.997164,1.8895711,4.364733,0.0297396,0.00010852488,None,None,None,1.0
3840000,-15.200578,1.8470886,4.8470407,0.024777275,0.00010800946,1370.0,-243.21157264709473,-243.21157264709473,1.0
3850000,-14.818102,1.8705105,None,None,None,1744.0,-215.0297975540161,-215.0297975540161,1.0
3860000,-15.074865,1.7991595,3.3303163,0.018193554,0.00010741387,1452.0,-262.1364908218384,-262.1364908218384,1.0
3870000,-14.895459,1.8341817,4.0622416,0.02646325,0.00010682947,987.0,-164.7100788578391,-164.7100788578391,1.0
3880000,-14.705849,1.8134086,6.0814543,0.026317487,0.000106312706,1683.0,-246.77479648590088,-246.77479648590088,1.0
3890000,-15.086962,1.822014,4.1957436,0.026668658,0.00010573388,333.0,-36.39340877532959,-36.39340877532959,1.0
3900000,-14.031403,1.8653721,3.514648,0.028700747,0.000105177685,1781.0,-286.6253275871277,-286.6253275871277,1.0
3910000,-16.30704,1.8479897,4.294646,0.02922045,0.00010457247,706.0,-113.86208939552307,-113.86208939552307,1.0
3920000,-15.140425,1.8548384,6.725317,0.024374826,0.0001040503,1279.75,-175.99594930240087,-175.99594930240087,1.0
3930000,-16.181665,1.8580979,4.8770165,0.027765725,0.0001035283,1404.3333333333333,-336.82010221481323,-336.82010221481323,1.0
3940000,-14.490178,1.8951633,5.975016,0.021577777,0.00010300386,786.0,-100.28313352664311,-100.28313352664311,1.0
3950000,-14.525141,1.8655838,None,None,None,1023.6666666666666,-129.173305951632,-129.173305951632,1.0
3960000,-14.4515505,1.8415687,5.0865684,0.02695963,0.000102436876,1089.0,-203.43701417105538,-203.43701417105538,1.0
3970000,-14.738668,1.8724152,4.555652,0.026579918,0.00010188528,1106.0,-165.63062887191774,-165.63062887191774,1.0
3980000,-14.1061125,1.8854764,6.401835,0.026478687,0.0001013653,1163.3333333333333,-167.89314776659012,-167.89314776659012,1.0
3990000,-15.770074,1.891446,3.9166915,0.017934022,0.00010076048,855.0,-124.05079337519904,-124.05079337519904,1.0
4000000,-15.672265,1.8672664,5.812316,0.0196352,0.000100204685,1360.5,-225.5950174331665,-225.5950174331665,1.0
4010000,-15.132881,1.7550447,3.6532793,0.023323953,9.9599885e-05,None,None,None,1.0
4020000,-15.134196,1.7900128,5.119097,0.029459482,9.904189e-05,587.6666666666666,-96.03215010960896,-96.03215010960896,1.0
4030000,-14.945285,1.7550707,None,None,None,1132.0,-215.66989135742188,-215.66989135742188,1.0
4040000,-15.050334,1.7683134,2.9370267,0.025272984,9.840567e-05,848.0,-131.73718283393166,-131.73718283393166,1.0
4050000,-15.284591,1.7996387,7.188814,0.024406418,9.783108e-05,1115.6666666666667,-103.60081095695496,-103.60081095695496,1.0
4060000,-13.64691,1.7889907,2.872276,0.026436022,9.722627e-05,1142.0,-209.35588628595525,-209.35588628595525,1.0
4070000,-15.052692,1.7870321,4.7065954,0.025148947,9.669647e-05,1266.75,-166.4290426572164,-166.4290426572164,1.0
4080000,-14.758508,1.838983,5.069766,0.024129117,9.612328e-05,1262.3333333333333,-253.5509094297886,-253.5509094297886,1.0
4090000,-14.57384,1.7860879,2.5408187,0.02267405,9.551848e-05,1999.0,-388.57952213287354,-388.57952213287354,1.0
4100000,-14.826974,1.7828646,None,None,None,755.5,-121.26589047908783,-121.26589047908783,1.0
4110000,-15.146153,1.7522177,6.1055737,0.02589633,9.490868e-05,749.0,None,None,1.0
4120000,-15.973069,1.757665,4.155098,0.02182697,9.435866e-05,1999.0,-245.30141607920328,-245.30141607920328,1.0
4130000,-14.773312,1.7585388,3.4344954,0.023068381,9.381608e-05,712.0,-93.27521276473999,-93.27521276473999,1.0
4140000,-16.282352,1.7337567,4.406288,0.02637047,9.320167e-05,1079.0,-161.3045654296875,-161.3045654296875,1.0
4150000,-18.132208,1.709369,8.255463,0.022550164,9.2678485e-05,None,None,None,1.0
4160000,-16.16084,1.7477072,4.602454,0.021787914,9.208208e-05,722.0,-116.38944053649902,-116.38944053649902,1.0
4170000,-16.324177,1.7615031,None,None,None,1999.0,-273.83988666534424,-273.83988666534424,1.0
4180000,-17.841707,1.8113152,3.9528039,0.023808708,9.1374866e-05,1999.0,-441.9270929609026,-441.9270929609026,1.0
4190000,-15.17021,1.813997,6.1391063,0.024439653,9.0793284e-05,1610.0,-237.14037499060998,-237.14037499060998,1.0
4200000,-18.90223,1.8534111,5.3163433,0.025378967,9.0242866e-05,1785.6666666666667,-521.7329575674875,-521.7329575674875,1.0
4210000,-15.671929,1.7641435,5.035043,0.023777237,8.964768e-05,599.0,-397.33431243896484,-397.33431243896484,1.0
4220000,-15.020814,1.7566701,5.803764,0.020909403,8.912248e-05,1012.0,-142.06626892089844,-142.06626892089844,1.0
4230000,-16.171793,1.7047443,3.8655531,0.023439415,8.852728e-05,1999.0,-375.2400360107422,-375.2400360107422,1.0
4240000,-15.849536,1.7258646,None,None,None,1999.0,-346.583101272583,-346.583101272583,1.0
4250000,-13.98011,1.7388701,2.8740432,0.017642308,8.792248e-05,687.5,-99.36934059858322,-99.36934059858322,1.0
4260000,-15.026512,1.7620821,5.396363,0.022454953,8.737768e-05,539.0,-78.75896310806274,-78.75896310806274,1.0
4270000,-15.549392,1.7714213,3.7780244,0.020742556,8.681669e-05,1170.5,-197.6072335243225,-197.6072335243225,1.0
4280000,-14.666674,1.7305464,5.3256555,0.021190798,8.626929e-05,1567.5,-232.74614310264587,-232.74614310264587,1.0
4290000,-15.527254,1.8099501,3.532145,0.024097804,8.57207e-05,1149.5,-165.38421964645386,-165.38421964645386,1.0
4300000,-14.769925,1.7888134,5.8767953,0.024112677,8.5204294e-05,1395.5,-256.509437084198,-256.509437084198,1.0
4310000,-14.998014,1.811647,5.0351486,0.022770623,8.462848e-05,1449.6,-243.26354768541125,-243.26354768541125,1.0
4320000,-15.539619,1.7394267,4.0166864,0.024571273,8.407049e-05,1092.0,-177.63875420888266,-177.63875420888266,1.0
4330000,-14.410006,1.7379386,None,None,None,1472.0,-262.63829803466797,-262.63829803466797,1.0
4340000,-14.5006075,1.7275169,4.8338594,0.02428481,8.346748e-05,None,None,None,1.0
4350000,-14.605468,1.7420185,3.703113,0.020659886,8.285308e-05,1207.6666666666667,-242.00954564412436,-242.00954564412436,1.0
4360000,-15.005497,1.7580863,4.162285,0.02091942,8.233267e-05,1432.5,-196.28334097428754,-196.28334097428754,1.0
4370000,-15.202205,1.7754022,6.284981,0.020472368,8.173148e-05,898.8,-151.5427398416731,-151.5427398416731,1.0
4380000,-13.889358,1.8384607,6.481314,0.024207734,8.1135884e-05,153.0,-14.938609004020691,-14.938609004020691,1.0
4390000,-14.420894,1.7569661,4.933247,0.01993095,8.0547674e-05,445.5,-66.66045857965946,-66.66045857965946,1.0
4400000,-14.720815,1.6995889,None,None,None,339.0,-61.05832290649414,-61.05832290649414,1.0
4410000,-14.527072,1.6788659,4.578843,0.019483944,7.996768e-05,1162.6666666666667,-158.99057598908743,-158.99057598908743,1.0
4420000,-14.959981,1.7416414,5.0504427,0.026380664,7.9442696e-05,1057.0,-168.1856892903646,-168.1856892903646,1.0
4430000,-15.071045,1.7016876,3.8147068,0.022007361,7.883948e-05,1149.0,-223.4383602142334,-223.4383602142334,1.0
4440000,-15.410918,1.6662899,5.005669,0.02890109,7.8291465e-05,880.25,-128.89271674837386,-128.89271674837386,1.0
4450000,-15.330495,1.7297375,9.5733595,0.020892283,7.776368e-05,1029.0,-152.47000401360648,-152.47000401360648,1.0
4460000,-16.115034,1.7040305,3.3997753,0.023834813,7.718469e-05,1829.0,-354.61748920787466,-354.61748920787466,1.0
4470000,-13.722359,1.6634558,5.4468904,0.019136436,7.659128e-05,488.0,-68.55234605615789,-68.55234605615789,1.0
4480000,-15.256511,1.6671655,6.6156554,0.024472134,7.6074684e-05,None,-95.14946174621582,-95.14946174621582,1.0
4490000,-15.135202,1.6754005,3.6767466,0.02367016,7.5517884e-05,1464.3333333333333,-225.1431314945221,-225.1431314945221,1.0
4500000,-14.199038,1.6962996,None,None,None,882.0,-121.15371704101562,-121.15371704101562,1.0
4510000,-14.261791,1.7338966,4.4590874,0.020363305,7.491649e-05,735.0,-105.98589510994498,-105.98589510994498,1.0
4520000,-14.624741,1.725375,6.9250445,0.025883203,7.44035e-05,1140.6666666666667,-192.3091580407186,-192.3091580407186,1.0
4530000,-13.938327,1.6751207,5.9538355,0.023163332,7.387927e-05,810.5,-128.77166719436644,-128.77166719436644,1.0
4540000,-15.136826,1.7149391,6.1690645,0.02790522,7.3349875e-05,1999.0,-516.0420837402344,-516.0420837402344,1.0
4550000,-13.332481,1.649664,4.0943985,0.028973771,7.274508e-05,None,None,None,1.0
4560000,-14.359218,1.6968141,4.5524263,0.0224463,7.2185896e-05,712.5,-114.28051733970642,-114.28051733970642,1.0
4570000,-13.813407,1.699738,6.5879045,0.023811769,7.162288e-05,744.75,-106.14086771011353,-106.14086771011353,1.0
4580000,-14.082652,1.6340563,4.3873267,0.02227117,7.104408e-05,909.0,-110.7951375246048,-110.7951375246048,1.0
4590000,-14.747759,1.6348377,5.3442774,0.025242222,7.0526075e-05,694.0,-115.92959213256836,-115.92959213256836,1.0
4600000,-13.773043,1.6129595,4.5818944,0.025934093,7.001267e-05,854.6666666666666,-124.38582917054494,-124.38582917054494,1.0
4610000,-14.916638,1.6481518,None,None,None,1580.3333333333333,-275.291242980957,-275.291242980957,1.0
4620000,-15.040918,1.6572243,3.808986,0.023452315,6.9473484e-05,1966.0,-75.17912483215332,-75.17912483215332,1.0
4630000,-14.77856,1.68043,4.405447,0.025596911,6.887528e-05,None,-259.1622705459595,-259.1622705459595,1.0
4640000,-14.654254,1.6929513,3.6257803,0.022385435,6.827128e-05,1509.0,-248.71025133132935,-248.71025133132935,1.0
4650000,-16.086056,1.6625118,4.2416477,0.022723254,6.77565e-05,1096.6666666666667,-186.76557676494122,-186.76557676494122,1.0
4660000,-15.066476,1.6402186,6.4079256,0.027328234,6.716149e-05,774.25,-128.23486890643835,-128.23486890643835,1.0
4670000,-15.532857,1.6338199,3.41013,0.02220341,6.6582885e-05,None,None,None,1.0
4680000,-15.582095,1.662244,4.1587524,0.023499962,6.6007284e-05,829.0,-130.50663661956787,-130.50663661956787,1.0
4690000,-14.293238,1.6534507,None,None,None,1100.5,-162.83911633491516,-162.83911633491516,1.0
4700000,-15.2589445,1.7135311,5.6209207,0.024540426,6.546428e-05,1253.8333333333333,-192.63195972857267,-192.63195972857267,1.0
4710000,-14.114963,1.6595602,5.0844827,0.025328495,6.488009e-05,1999.0,-283.5807914733887,-283.5807914733887,1.0
4720000,-14.862541,1.6564738,4.521835,0.023677362,6.4329695e-05,601.3333333333334,-164.68141309114603,-164.68141309114603,1.0
4730000,-14.530204,1.7085522,5.0851574,0.026066354,6.381147e-05,1441.0,-293.87208671569823,-293.87208671569823,1.0
4740000,-13.921107,1.6752714,4.436935,0.020237006,6.325349e-05,None,-91.60541915893555,-91.60541915893555,1.0
4750000,-13.925047,1.6796812,3.8105283,0.022498773,6.267469e-05,333.0,-36.89672374725342,-36.89672374725342,1.0
4760000,-14.67557,1.5780661,2.60395,0.022161586,6.206029e-05,None,None,None,1.0
4770000,-14.899678,1.6351608,3.2147696,0.023917664,6.153291e-05,1666.5,-260.65795296889087,-260.65795296889087,1.0
4780000,-14.962111,1.688393,None,None,None,1329.0,-182.36952575047812,-182.36952575047812,1.0
4790000,-14.981808,1.6439078,5.208743,0.02372307,6.0952283e-05,865.5,-149.04655252803457,-149.04655252803457,1.0
4800000,-14.393449,1.6082608,4.409406,0.018668415,6.04009e-05,751.0,-106.65119552612305,-106.65119552612305,1.0
4810000,-14.180828,1.6645128,5.506129,0.026087584,5.9847276e-05,749.0,-119.14111073811848,-119.14111073811848,1.0
4820000,-15.642677,1.7690351,3.772737,0.021363148,5.9297294e-05,1999.0,-304.44657461983815,-304.44657461983815,1.0
4830000,-13.915189,1.69406,3.456695,0.020596992,5.8692487e-05,None,-263.6449317932129,-263.6449317932129,1.0
4840000,-14.662541,1.7248138,4.6867766,0.026808802,5.8143676e-05,989.25,-182.810365319252,-182.810365319252,1.0
4850000,-14.464472,1.7029419,4.934275,0.020182762,5.754248e-05,1552.6666666666667,-341.8007276058197,-341.8007276058197,1.0
4860000,-13.846509,1.775066,6.852089,0.027387945,5.7001093e-05,941.0,-137.40136108398437,-137.40136108398437,1.0
4870000,-13.903137,1.7462629,None,None,None,904.3333333333334,-90.08393090963364,-90.08393090963364,1.0
4880000,-14.493029,1.7943414,6.0395923,0.020051638,5.640449e-05,515.5,-70.34226417541504,-70.34226417541504,1.0
4890000,-13.992444,1.7118251,3.8372362,0.0188157,5.589068e-05,205.0,-6.326617360115051,-6.326617360115051,1.0
4900000,-13.338355,1.6931026,5.1978455,0.021804366,5.533748e-05,1175.5,-141.23303186893463,-141.23303186893463,1.0
4910000,-14.815232,1.7186173,5.158362,0.01967309,5.480588e-05,1248.0,-234.4248354775565,-234.4248354775565,1.0
4920000,-13.997205,1.6500583,4.553435,0.02811841,5.4261283e-05,None,-130.21484756469727,-130.21484756469727,1.0
4930000,-14.660015,1.674028,3.0430095,0.026562136,5.364689e-05,None,None,None,1.0
4940000,-14.119423,1.7115777,3.8083653,0.027983934,5.304209e-05,1429.0,-295.6685565312703,-295.6685565312703,1.0
4950000,-13.6201315,1.7464181,None,None,None,1700.5,-246.73293342590333,-246.73293342590333,1.0
4960000,-14.361435,1.7172958,3.662003,0.020125266,5.249669e-05,512.5,-68.4735016822815,-68.4735016822815,1.0
4970000,-14.433853,1.6640136,4.2616954,0.02248869,5.198409e-05,959.0,-232.14274501800537,-232.14274501800537,1.0
4980000,-13.336519,1.7414404,4.4453597,0.031811357,5.1382485e-05,1507.5,-200.5642328262329,-200.5642328262329,1.0
4990000,-14.288598,1.6663523,3.4528165,0.024802426,5.0779094e-05,1552.3333333333333,-260.62537603378297,-260.62537603378297,1.0
5000000,-14.7997265,1.6272587,4.822484,0.026592363,5.0238483e-05,1720.0,-252.1233185854825,-252.1233185854825,1.0
5010000,-14.090665,1.6485375,3.7725098,0.02555074,4.9698087e-05,189.0,-120.86071937424796,-120.86071937424796,1.0
5020000,-13.304452,1.6880604,4.1318455,0.017130714,4.9092487e-05,579.0,-52.339921683073044,-52.339921683073044,1.0
5030000,-13.256116,1.638236,3.199103,0.021645451,4.853028e-05,1448.0,-224.31340916951498,-224.31340916951498,1.0
5040000,-15.065008,1.6036701,None,None,None,1999.0,-262.94127655029297,-262.94127655029297,1.0
5050000,-14.050917,1.6139576,2.63657,0.02797696,4.7925492e-05,1043.5,-140.7059886455536,-140.7059886455536,1.0
5060000,-13.750943,1.5931506,4.47211,0.022797564,4.7405283e-05,629.0,-81.02786016464233,-81.02786016464233,1.0
5070000,-14.791395,1.5747621,6.3410687,0.027542362,4.6798894e-05,1999.0,-291.2430171966553,-291.2430171966553,1.0
5080000,-13.673594,1.6238779,3.4215558,0.024737623,4.6211295e-05,1127.6,-154.18493952876642,-154.18493952876642,1.0
5090000,-14.176049,1.6707082,6.2981744,0.019888403,4.5665085e-05,1084.0,-180.07091331481934,-180.07091331481934,1.0
5100000,-14.001879,1.6336927,3.7557137,0.023565095,4.5145498e-05,817.0,-135.33814205063715,-135.33814205063715,1.0
5110000,-14.63527,1.6590588,None,None,None,None,-25.160074869791668,-25.160074869791668,1.0
5120000,-13.406795,1.6387876,5.607233,0.025955494,4.445749e-05,1235.75,-186.9639172920814,-186.9639172920814,1.0
5130000,-13.600162,1.6596256,4.9929576,0.023869202,4.389308e-05,832.5,-159.96403832869098,-159.96403832869098,1.0
5140000,-14.627842,1.6689994,5.340856,0.018946065,4.336509e-05,773.6666666666666,-99.90599250793457,-99.90599250793457,1.0
5150000,-13.207206,1.5998225,5.0035477,0.019232005,4.2810683e-05,621.5,-86.14883207157254,-86.14883207157254,1.0
5160000,-13.611226,1.59523,5.3067293,0.02231743,4.2283886e-05,1165.5,-158.26219773292542,-158.26219773292542,1.0
5170000,-14.72525,1.5989386,5.157756,0.02328029,4.169669e-05,582.0,-84.92079742749532,-84.92079742749532,1.0
5180000,-13.716812,1.6157439,4.2034945,0.02401295,4.1019877e-05,594.0,-73.57022221386433,-73.57022221386433,1.0
5190000,-14.199773,1.6723137,3.8766043,0.021070069,4.050309e-05,695.0,None,None,1.0
5200000,-13.9376955,1.6145345,None,None,None,1357.5,-196.35662452379862,-196.35662452379862,1.0
5210000,-14.894867,1.5728073,4.7146487,0.018967856,3.9922892e-05,1999.0,-354.5700612068176,-354.5700612068176,1.0
5220000,-14.968442,1.6076558,3.516818,0.024977408,3.9327693e-05,1391.0,-202.59546065330505,-202.59546065330505,1.0
5230000,-13.873409,1.6050045,4.369899,0.023664488,3.8751892e-05,814.5,-111.55367398262024,-111.55367398262024,1.0
5240000,-13.932029,1.5575138,4.037984,0.022677545,3.8158087e-05,1432.0,-236.05421924591064,-236.05421924591064,1.0
5250000,-14.437709,1.629554,4.5380354,0.024185458,3.7552283e-05,1268.25,-176.30207574367523,-176.30207574367523,1.0
5260000,-13.485118,1.6872641,4.352592,0.02430562,3.7032685e-05,1280.0,-190.49994912147523,-190.49994912147523,1.0
5270000,-14.117822,1.6588414,5.720125,0.024192233,3.6512283e-05,332.0,-169.32965501149496,-169.32965501149496,1.0
5280000,-12.852274,1.6248668,None,None,None,919.0,-110.04760877291362,-110.04760877291362,1.0
5290000,-12.79732,1.6087892,4.31299,0.027835477,3.5960282e-05,1006.0,-110.47406804561615,-110.47406804561615,1.0
5300000,-14.291651,1.5787007,4.10047,0.020794736,3.5352696e-05,1879.0,-367.85129606723785,-367.85129606723785,1.0
5310000,-13.705387,1.6192665,5.471423,0.020977153,3.4811896e-05,1210.3333333333333,-190.36837043762208,-190.36837043762208,1.0
5320000,-12.957256,1.6177855,3.8540015,0.018550435,3.4283494e-05,459.0,-68.33761533101399,-68.33761533101399,1.0
5330000,-13.094194,1.6186868,5.0896354,0.019340485,3.3744498e-05,897.25,-132.3076605115618,-132.3076605115618,1.0
5340000,-12.961121,1.58189,5.3049655,0.019892778,3.319949e-05,682.5,-70.86362190246582,-70.86362190246582,1.0
5350000,-13.710863,1.5957688,5.011426,0.022603279,3.265349e-05,910.0,-133.14332663416863,-133.14332663416863,1.0
5360000,-13.308966,1.5839814,3.8409474,0.025614552,3.20933e-05,1194.0,-164.72422122955322,-164.72422122955322,1.0
5370000,-12.977681,1.510114,8.35161,0.029852783,3.1563683e-05,1191.5,-148.85981171471732,-148.85981171471732,1.0
5380000,-12.9636545,1.562921,4.737031,0.022759348,3.1027106e-05,340.5,-86.15877170562744,-86.15877170562744,1.0
5390000,-13.032454,1.6306357,None,None,None,684.75,-80.90794463356336,-80.90794463356336,1.0
5400000,-13.001301,1.6589319,5.3214474,0.02148833,3.0478503e-05,414.5,-58.17408225271437,-58.17408225271437,1.0
5410000,-14.258306,1.5813622,5.4987626,0.025946874,2.9902701e-05,1174.0,-187.16830951826913,-187.16830951826913,1.0
5420000,-12.117559,1.5366539,5.330724,0.02720045,2.9372284e-05,290.5,-65.4434708595276,-65.4434708595276,1.0
5430000,-13.181825,1.5087475,4.96279,0.023158964,2.8846089e-05,1305.5,-175.56415736675262,-175.56415736675262,1.0
5440000,-15.375655,1.5567812,4.0440516,0.018887216,2.8323491e-05,None,None,None,1.0
5450000,-12.413648,1.5130975,5.1051774,0.027538866,2.7723496e-05,1111.3333333333333,-142.1254644393921,-142.1254644393921,1.0
5460000,-12.857896,1.5158165,2.365441,0.022902215,2.7144102e-05,739.0,-143.05809712409973,-143.05809712409973,1.0
5470000,-12.49477,1.4988382,3.638368,0.027134577,2.6550493e-05,1527.5,-154.83329498767853,-154.83329498767853,1.0
5480000,-15.045755,1.4148507,None,None,None,1999.0,-224.1590347290039,-224.1590347290039,1.0
5490000,-15.5375395,1.473401,5.211794,0.02313833,2.5939093e-05,1388.0,-370.82537841796875,-370.82537841796875,1.0
5500000,-13.494038,1.5509701,6.4041486,0.022570498,2.5337295e-05,1072.0,-151.12526814142862,-151.12526814142862,1.0
5510000,-14.179577,1.5349631,4.0668,0.023225775,2.4739698e-05,1715.0,-240.2627296447754,-240.2627296447754,1.0
5520000,-14.233375,1.5728035,5.345662,0.01842188,2.41747e-05,1289.0,-214.06958413124084,-214.06958413124084,1.0
5530000,-13.899168,1.5986848,5.2463665,0.02564761,2.3622484e-05,None,None,None,1.0
5540000,-14.762462,1.6181984,3.986267,0.022286607,2.301849e-05,1509.0,-299.4551479816437,-299.4551479816437,1.0
5550000,-12.911051,1.6076772,None,None,None,937.8,-133.7115471237584,-133.7115471237584,1.0
5560000,-14.598416,1.6404443,5.7940216,0.024283294,2.248929e-05,1082.3333333333333,-196.48165702819824,-196.48165702819824,1.0
5570000,-13.003306,1.6632172,4.323962,0.026443932,2.1941687e-05,892.0,-90.57695886823866,-90.57695886823866,1.0
5580000,-12.592724,1.6232102,3.1006355,0.017499523,2.1363103e-05,1102.5,-144.52187395095825,-144.52187395095825,1.0
5590000,-13.226942,1.6651577,5.8250318,0.020172928,2.0769101e-05,1071.8,-177.17131383278792,-177.17131383278792,1.0
5600000,-14.123397,1.6028185,5.05546,0.021355174,2.0146488e-05,1414.0,-175.45345153808594,-175.45345153808594,1.0
5610000,-13.667809,1.6228707,6.8127055,0.021521406,1.955769e-05,795.5,-101.53393633225384,-101.53393633225384,1.0
5620000,-13.674927,1.5595716,None,None,None,1153.3333333333333,-230.59804048538209,-230.59804048538209,1.0
5630000,-13.606844,1.5637153,4.574318,0.022274079,1.8967497e-05,362.0,-115.68096542358398,-115.68096542358398,1.0
5640000,-12.486767,1.5703028,5.727677,0.019098882,1.8367291e-05,746.6666666666666,-92.56244872013728,-92.56244872013728,1.0
5650000,-14.01463,1.5624281,5.1686764,0.020252524,1.7831908e-05,None,None,None,1.0
5660000,-13.805744,1.5701531,3.7584567,0.022989586,1.7217497e-05,802.0,-136.21052646636963,-136.21052646636963,1.0
5670000,-12.546127,1.6304462,5.4095674,0.021106217,1.66787e-05,1141.3333333333333,-150.85962414741516,-150.85962414741516,1.0
5680000,-13.83937,1.6647335,4.741446,0.021774273,1.6130487e-05,1059.8,-179.64121834486724,-179.64121834486724,1.0
5690000,-13.299863,1.6327904,6.350992,0.021360494,1.56007e-05,868.0,-125.26927304267883,-125.26927304267883,1.0
5700000,-13.450247,1.6180931,5.5192294,0.021631341,1.5002102e-05,1079.0,-127.07485485076904,-127.07485485076904,1.0
5710000,-12.371796,1.5693189,None,None,None,563.0,-108.88966503739357,-108.88966503739357,1.0
5720000,-12.381203,1.6335069,4.00297,0.02350804,1.4469092e-05,166.0,0.2585282325744629,0.2585282325744629,1.0
5730000,-13.630769,1.585601,4.0654635,0.0245371,1.3923691e-05,1119.0,-228.3708372116089,-228.3708372116089,1.0
5740000,-13.6939125,1.6321355,4.384603,0.021283852,1.3368296e-05,988.0,-132.77729710665616,-132.77729710665616,1.0
5750000,-12.997412,1.5470197,3.4360085,0.024016391,1.2779893e-05,1999.0,-339.22686157226565,-339.22686157226565,1.0
5760000,-13.328584,1.504353,3.040608,0.02534345,1.2194492e-05,1006.6666666666666,-133.0626389582952,-133.0626389582952,1.0
5770000,-14.381734,1.4806731,4.6612873,0.017481793,1.1672895e-05,910.5,-212.6854887008667,-212.6854887008667,1.0
5780000,-12.893546,1.5110875,4.5166345,0.020169724,1.1129299e-05,1061.0,-114.22599821090698,-114.22599821090698,1.0
5790000,-13.202089,1.5082011,3.9431605,0.016839232,1.0576299e-05,1999.0,-270.15225143432616,-270.15225143432616,1.0
5800000,-13.026414,1.5039105,5.170899,0.023052847,1.0050691e-05,891.0,-142.4731050638052,-142.4731050638052,1.0
5810000,-13.491556,1.5225666,None,None,None,1594.75,-225.8510663350423,-225.8510663350423,1.0
5820000,-12.571863,1.5343907,3.4520738,0.022368014,9.490899e-06,1227.6666666666667,-174.73319851268423,-174.73319851268423,1.0
5830000,-12.2813,1.5255554,3.3169608,0.023377072,8.958497e-06,1264.0,-174.5929667234421,-174.5929667234421,1.0
5840000,-11.890763,1.5051011,3.3822868,0.027625628,8.350101e-06,779.3333333333334,-82.54184496589005,-82.54184496589005,1.0
5850000,-12.622134,1.50107,5.298819,0.021012293,7.769296e-06,562.0,-65.06516873836517,-65.06516873836517,1.0
5860000,-13.713952,1.541694,4.7162557,0.024040522,7.222304e-06,1342.5,-185.0491316318512,-185.0491316318512,1.0
5870000,-13.219832,1.543621,4.19826,0.021241436,6.657305e-06,951.8,-138.30601248145103,-138.30601248145103,1.0
5880000,-12.780679,1.57798,8.152401,0.025479892,6.1354917e-06,1102.0,-128.93843978643417,-128.93843978643417,1.0
5890000,-12.896781,1.5730516,3.1661122,0.023321655,5.5616947e-06,356.0,-31.932973861694336,-31.932973861694336,1.0
5900000,-13.271896,1.5330621,None,None,None,None,None,None,1.0
5910000,-14.38936,1.519503,4.472451,0.030036734,4.9472897e-06,855.75,-118.8204414503915,-118.8204414503915,1.0
5920000,-13.449839,1.4955856,5.6839952,0.025499504,4.3643035e-06,1999.0,-214.51951026916504,-214.51951026916504,1.0
5930000,-13.328857,1.5410651,3.3283038,0.025277555,3.7978925e-06,920.5,-138.81251978874207,-138.81251978874207,1.0
5940000,-13.683036,1.4872806,4.047133,0.021419244,3.1860986e-06,1212.0,-169.21179914474487,-169.21179914474487,1.0
5950000,-12.364044,1.5388992,4.379074,0.019194722,2.592508e-06,1009.0,-143.9241854349772,-143.9241854349772,1.0
5960000,-13.923265,1.5584898,3.1826246,0.026792718,2.0399016e-06,1609.0,-176.1010103225708,-176.1010103225708,1.0
5970000,-13.68338,1.6028358,None,None,None,1307.25,-246.30087399482727,-246.30087399482727,1.0
5980000,-12.598241,1.5850143,5.296373,0.017571216,1.4661057e-06,1005.5,-125.41888883709908,-125.41888883709908,1.0
5990000,-11.672248,1.5545535,4.8533864,0.020164412,8.876964e-07,823.0,-143.13399389386177,-143.13399389386177,1.0
6000000,-12.510543,1.6330217,4.3215184,0.023504054,3.1150438e-07,1029.0,-136.60825690356168,-136.60825690356168,1.0
