Steps,Policy/Extrinsic Value Estimate,Policy/Entropy,Environment/Episode Length,Losses/Value Loss,Losses/Policy Loss,Policy/Learning Rate,Environment/Cumulative Reward,Policy/Extrinsic Reward,Is Training
20000,-5.009798,1.426995,550.0,302.73438,0.06318487,0.00029907838,-1.0843333999315898,-1.0843333999315898,1.0
30000,-1.7640107,1.4271579,None,0.28424993,0.017676584,0.00029856057,None,None,1.0
40000,-2.8761628,1.4258341,None,None,None,None,None,None,1.0
50000,-1.6615356,1.4251784,None,6.85236,0.026368655,0.00029763894,None,None,1.0
60000,-2.0058076,1.4251726,1999.0,None,None,None,-9.11111174689399,-9.11111174689399,1.0
70000,-1.7221863,1.4201784,999.5,0.1071883,0.023329398,0.00029676533,-9.22727336937731,-9.22727336937731,1.0
80000,-9.125408,1.4148884,423.0,None,None,None,-2.9192501429497497,-2.9192501429497497,1.0
90000,-1.9918385,1.4145907,1999.0,14.507475,0.028578864,0.0002958112,-9.996000528335571,-9.996000528335571,1.0
100000,-2.0277462,1.4157326,770.0,None,None,None,-4.637250281870365,-4.637250281870365,1.0
110000,-1.2091012,1.4175154,1094.5,5.732728,0.03079056,0.00029485798,-4.808833633859952,-4.808833633859952,1.0
120000,-1.1171558,1.4176596,None,None,None,None,None,None,1.0
130000,-1.2311434,1.4160067,1999.0,1.288092,0.02805465,0.00029396615,None,None,1.0
140000,-1.9193517,1.4157208,27.666666666666668,2.0316849,0.027845098,0.00029308774,-6.67483380168754,-6.67483380168754,1.0
150000,-0.83146757,1.4155809,885.0,1.8084008,0.034794383,0.0002925297,-3.7606668737199573,-3.7606668737199573,1.0
160000,-1.0703585,1.4189104,1999.0,None,None,None,-9.996000528335571,-9.996000528335571,1.0
170000,-0.8716254,1.4195315,1999.0,1.0547374,0.035276517,0.00029199934,-8.996000428994497,-8.996000428994497,1.0
180000,-0.84557444,1.4174155,1181.5,0.022386905,0.024968686,0.00029139212,-6.286200416088104,-6.286200416088104,1.0
190000,-0.7269235,1.416461,1420.0,0.024770938,0.024370635,0.0002908362,-3.873400163650513,-3.873400163650513,1.0
200000,-0.6719038,1.4171238,None,1.4268367,0.021255692,0.00029031586,None,None,1.0
210000,-0.6415807,1.4176551,1970.5,1.2919933,0.01896305,0.00028980253,-8.584778239329657,-8.584778239329657,1.0
220000,-0.58225495,1.4184431,1534.0,0.0077054123,0.028543562,0.00028921696,-7.781000561184353,-7.781000561184353,1.0
230000,-0.62130487,1.4188406,1501.3333333333333,0.91114295,0.021589987,0.00028867964,-6.952111475997501,-6.952111475997501,1.0
240000,-0.66412544,1.4201669,720.0,0.033898987,0.016986072,0.00028814372,-3.0457779433992176,-3.0457779433992176,1.0
250000,-0.53680795,1.4203551,1354.6666666666667,0.01714277,0.021264302,0.00028760236,-4.49883371591568,-4.49883371591568,1.0
260000,-0.58832043,1.4193237,1010.5,0.35255513,0.030786283,0.00028706566,-5.813444796535704,-5.813444796535704,1.0
270000,-0.5232359,1.4203563,None,0.054917354,0.03683593,0.00028652803,None,None,1.0
280000,-0.54180443,1.4198349,1999.0,0.22448176,0.03585328,0.00028601204,-9.663667254977756,-9.663667254977756,1.0
290000,-0.54144955,1.4208413,1999.0,None,None,None,-9.331333994865417,-9.331333994865417,1.0
300000,-0.56549263,1.4200133,1999.0,0.009379448,0.021155868,0.00028548887,-9.496000498533249,-9.496000498533249,1.0
310000,-0.5227597,1.4178457,1218.0,0.020495137,0.025916794,0.0002849657,-5.508250298599402,-5.508250298599402,1.0
320000,-0.5178296,1.4169168,1636.0,0.01632828,0.02687929,0.00028438788,-8.997000646591186,-8.997000646591186,1.0
330000,-0.49505213,1.4175845,1349.0,0.016874848,0.023195773,0.00028381965,-4.7595559226142035,-4.7595559226142035,1.0
340000,-0.46919164,1.4185188,1435.0,0.1360304,0.031195944,0.00028330428,-8.087500423192978,-8.087500423192978,1.0
350000,-0.6670001,1.4197729,None,0.044908345,0.021517273,0.00028276668,None,None,1.0
360000,-1.0617987,1.4205223,1999.0,113.51222,0.13528366,0.0002822363,-9.66466740767161,-9.66466740767161,1.0
370000,-3.8742893,1.4214935,1462.0,0.44861594,0.02656117,0.00028172054,-6.37580029964447,-6.37580029964447,1.0
380000,-0.7319334,1.4207898,1110.75,2.0030503,0.36316678,0.00028120715,-4.9715835476915045,-4.9715835476915045,1.0
390000,-3.003037,1.426856,1999.0,1.6520232,0.22152562,0.00028069117,-9.568429231643677,-9.568429231643677,1.0
400000,-0.62578577,1.4330753,1534.0,0.029791705,0.028788237,0.00028017518,-6.922750460604827,-6.922750460604827,1.0
410000,-2.5474908,1.4338033,1242.0,0.52052695,0.111072965,0.00027962372,-7.606500595808029,-7.606500595808029,1.0
420000,-0.5741032,1.4370185,None,0.2838957,0.030241508,0.00027909002,-2.42900013923645,-2.42900013923645,1.0
430000,-0.5529228,1.4385142,1542.5,0.01231068,0.025467884,0.00027855017,-7.047833621501923,-7.047833621501923,1.0
440000,-0.47427383,1.4353625,1999.0,0.21534137,0.023799032,0.00027801975,-9.332334041595459,-9.332334041595459,1.0
450000,-0.49559453,1.4342974,1225.6,None,None,None,-5.662533615032832,-5.662533615032832,1.0
460000,-0.48737922,1.4368922,1307.25,0.022084957,0.022654857,0.00027748384,-5.5385003586610155,-5.5385003586610155,1.0
470000,-0.4565629,1.4351078,1999.0,0.022787396,0.030274425,0.0002769293,-9.997000694274902,-9.997000694274902,1.0
480000,-0.4652593,1.4344964,941.8,0.057346508,0.018417029,0.00027640612,-4.045333643754323,-4.045333643754323,1.0
490000,-0.4500271,1.4355996,1349.0,0.034235697,0.021673528,0.00027585257,-6.081333736578624,-6.081333736578624,1.0
500000,-0.49813905,1.4359505,1999.0,0.017026857,0.024951657,0.00027528676,-9.330333987871805,-9.330333987871805,1.0
510000,-0.47148198,1.4363781,1244.0,0.07541942,0.032509323,0.00027475966,-5.390667090813319,-5.390667090813319,1.0
520000,-0.45231488,1.4365195,714.6666666666666,0.0293875,0.02423672,0.00027421274,-2.9090001781781516,-2.9090001781781516,1.0
530000,-0.43212008,1.4360197,1999.0,0.053061478,0.025218014,0.00027369842,-9.441778408156502,-9.441778408156502,1.0
540000,-0.43670493,1.4358313,1999.0,0.024148533,0.022494817,0.00027316803,-8.662667135397593,-8.662667135397593,1.0
550000,-0.45644113,1.4355878,1350.4,0.018014817,0.020415254,0.00027260804,-6.0871337175369264,-6.0871337175369264,1.0
560000,-0.4220525,1.4329779,1079.0,0.011080273,0.02604108,0.00027206924,-4.396000365416209,-4.396000365416209,1.0
570000,-0.4343874,1.4347364,1469.0,0.18969265,0.03613199,0.00027155416,-6.266500383615494,-6.266500383615494,1.0
580000,-0.44640455,1.438373,806.0,0.01343462,0.023360431,0.0002710064,-5.3488575007234305,-5.3488575007234305,1.0
590000,-0.45425206,1.4374262,1618.0,None,None,None,-6.410900408029557,-6.410900408029557,1.0
600000,-0.4381423,1.437378,1999.0,0.045537163,0.019748831,0.00027046967,-6.711800462007522,-6.711800462007522,1.0
610000,-1.1556908,1.4370818,479.0,0.025177311,0.023818497,0.00026993925,-2.0656667947769165,-2.0656667947769165,1.0
620000,-0.5717987,1.4396142,1223.0,0.33068278,0.08719238,0.00026941363,-5.382866998513539,-5.382866998513539,1.0
630000,-1.3549011,1.4417578,1999.0,0.012225029,0.02260547,0.0002688797,-9.162667115529379,-9.162667115529379,1.0
640000,-0.35447755,1.4446044,1109.0,0.21803568,0.12448454,0.0002683493,-4.5475003470977144,-4.5475003470977144,1.0
650000,-0.8679186,1.4473633,1170.75,0.01446163,0.020294843,0.00026780745,-4.427700245380402,-4.427700245380402,1.0
660000,-0.36663115,1.4548732,1044.0,0.06160284,0.17307243,0.00026724362,-5.414750263094902,-5.414750263094902,1.0
670000,-0.8718566,1.4593767,1999.0,0.0921849,0.09220293,0.00026670695,-9.329333821932474,-9.329333821932474,1.0
680000,-0.37610063,1.4639753,None,0.018849285,0.01602873,0.00026616929,None,None,1.0
690000,-0.37893096,1.4646398,1611.0,0.0072978307,0.025208607,0.00026556753,-7.133143288748605,-7.133143288748605,1.0
700000,-0.38689545,1.4626653,249.0,None,None,None,-2.9337502121925354,-2.9337502121925354,1.0
710000,-0.41744462,1.4635448,None,0.00923638,0.027299523,0.00026499963,None,None,1.0
720000,-0.4020853,1.4645668,1999.0,0.0088138925,0.023305949,0.00026446203,-9.441444999641842,-9.441444999641842,1.0
730000,-0.41648063,1.4638305,1350.0,0.011848494,0.02543632,0.00026387643,-7.062750404079755,-7.062750404079755,1.0
740000,-0.40931442,1.4643279,1999.0,0.008432453,0.023712695,0.0002633453,-9.496000488599142,-9.496000488599142,1.0
750000,-0.42612705,1.4656818,559.0,0.008724905,0.023670252,0.00026282205,-1.4626667499542236,-1.4626667499542236,1.0
760000,-0.4048049,1.4671752,1524.3333333333333,0.0059456453,0.024237966,0.00026227726,-6.661429047584534,-6.661429047584534,1.0
770000,-0.4378332,1.4680799,1999.0,0.01823455,0.024660576,0.00026175161,-9.371375545859337,-9.371375545859337,1.0
780000,-0.4261355,1.4683315,335.0,0.005438349,0.023814416,0.00026122123,None,None,1.0
790000,-0.4312463,1.4675138,1999.0,0.033294443,0.03416858,0.00026064768,-7.500833789507548,-7.500833789507548,1.0
800000,-0.43629497,1.4673176,1304.3333333333333,0.006713071,0.025602711,0.00026009144,-8.88800056775411,-8.88800056775411,1.0
810000,-0.42067078,1.4691664,341.0,0.022712877,0.02160893,0.00025951126,-2.8850835263729095,-2.8850835263729095,1.0
820000,-0.43701044,1.4703537,1999.0,None,None,None,-9.496000468730927,-9.496000468730927,1.0
830000,-0.43236202,1.4710076,1426.6666666666667,0.012188478,0.025606012,0.00025898084,-6.1363338232040405,-6.1363338232040405,1.0
840000,-0.4240344,1.4709076,844.4,0.011430474,0.0303633,0.00025842243,-3.959937734529376,-3.959937734529376,1.0
850000,-0.44480756,1.4708645,None,0.009551675,0.021424208,0.000257858,None,None,1.0
860000,-0.43752682,1.4692229,1573.3333333333333,0.030688217,0.0380782,0.0002573276,-7.901625469326973,-7.901625469326973,1.0
870000,-0.4227377,1.4685458,1999.0,0.0062218914,0.023248892,0.0002567727,-8.085571953228541,-8.085571953228541,1.0
880000,-0.42225483,1.4676201,1438.0,0.005970195,0.025101233,0.00025625672,-8.365857643740517,-8.365857643740517,1.0
890000,-0.40956128,1.467548,922.0,0.019468466,0.023627548,0.00025571702,-3.3349093225869266,-3.3349093225869266,1.0
900000,-0.42028564,1.468143,1651.0,0.008033317,0.024336606,0.00025517945,-6.708400499820709,-6.708400499820709,1.0
910000,-0.41397354,1.469648,1999.0,0.033799905,0.024535619,0.00025462866,-9.397300642728805,-9.397300642728805,1.0
920000,-0.41274548,1.4697695,152.0,0.05078144,0.032841723,0.00025406806,-0.430666704972585,-0.430666704972585,1.0
930000,-0.42681774,1.471752,1999.0,0.00507913,0.020529391,0.00025353767,-9.329333782196045,-9.329333782196045,1.0
940000,-0.44192877,1.4734757,1136.0,None,None,None,-4.849167034029961,-4.849167034029961,1.0
950000,-0.4343211,1.4751416,1732.3333333333333,0.01880701,0.021413455,0.00025296616,-8.497125506401062,-8.497125506401062,1.0
960000,-0.40503037,1.4743944,1502.5,0.006797117,0.024599306,0.00025242378,-6.860154369702706,-6.860154369702706,1.0
970000,-0.42366073,1.4731394,1374.0,0.012603943,0.022606503,0.00025189848,-5.246600300073624,-5.246600300073624,1.0
980000,-0.38879535,1.4729635,1056.5,0.02141249,0.039456952,0.0002513396,-4.9541541439696,-4.9541541439696,1.0
990000,-0.417696,1.4738626,1002.5,0.019237272,0.027849047,0.0002507819,-4.182167032112678,-4.182167032112678,1.0
1000000,-0.39719883,1.474217,1999.0,0.015082941,0.020791348,0.0002502432,-9.662667155265808,-9.662667155265808,1.0
1010000,-0.4248115,1.475099,None,0.013499166,0.025980841,0.0002497128,None,None,1.0
1020000,-0.42411718,1.4759185,1050.8,0.008961957,0.027894149,0.00024915824,-4.655800241231918,-4.655800241231918,1.0
1030000,-0.42734313,1.4756181,1474.1666666666667,0.009801416,0.024889044,0.0002486367,-6.594889279868868,-6.594889279868868,1.0
1040000,-0.46758413,1.4744272,1999.0,0.032270133,0.027973358,0.00024805713,-9.497000634670258,-9.497000634670258,1.0
1050000,-0.43237144,1.4741439,1999.0,0.014338393,2.000675,0.00024753393,-8.997000642120838,-8.997000642120838,1.0
1060000,-0.44831535,1.4743544,980.0,None,None,None,-4.290889119108518,-4.290889119108518,1.0
1070000,-0.41819784,1.4749281,None,0.013694476,0.100239396,0.00024695823,None,None,1.0
1080000,-0.39391527,1.4751552,None,0.0095179835,0.022497986,0.0002464206,None,None,1.0
1090000,-0.41287482,1.4752223,1210.8,0.045368724,0.023369776,0.00024588304,-5.323667000730833,-5.323667000730833,1.0
1100000,-0.4338995,1.4752152,1999.0,0.008351634,0.02507684,0.0002453582,-8.996600544452667,-8.996600544452667,1.0
1110000,-0.3406003,1.4752672,742.3333333333334,0.10772292,0.052615713,0.00024480763,-3.8413001894950867,-3.8413001894950867,1.0
1120000,-0.4013896,1.4754992,1999.0,0.059958655,0.04570965,0.0002442772,-8.997000654538473,-8.997000654538473,1.0
1130000,-0.35760403,1.4756399,1999.0,0.04960958,0.039366174,0.00024374685,-9.197600680589677,-9.197600680589677,1.0
1140000,-0.3650921,1.4758077,1144.0,0.013754829,0.023857726,0.00024319456,-5.916125364601612,-5.916125364601612,1.0
1150000,-0.36753818,1.4761224,409.0,0.028800797,0.025296843,0.00024260704,-1.3798332909742992,-1.3798332909742992,1.0
1160000,-0.42679366,1.4762146,1905.6666666666667,0.032084733,0.023555307,0.00024205276,-8.849000632762909,-8.849000632762909,1.0
1170000,-0.40500706,1.4763776,1879.0,None,None,None,-8.546750590205193,-8.546750590205193,1.0
1180000,-0.4421839,1.4763885,1999.0,0.020157082,0.030692039,0.00024147077,-9.329833894968033,-9.329833894968033,1.0
1190000,-0.4161911,1.4764769,1999.0,0.01607449,0.027134426,0.0002409476,-9.997000694274902,-9.997000694274902,1.0
1200000,-0.4437565,1.476371,1999.0,0.019769536,0.014328203,0.0002404172,-9.83033400774002,-9.83033400774002,1.0
1210000,-0.4506583,1.476317,1415.5,0.009593201,0.017239522,0.00023989395,-6.247167090574901,-6.247167090574901,1.0
1220000,-0.43921128,1.4763361,1999.0,0.012680263,0.02017037,0.00023931544,-9.329833875099817,-9.329833875099817,1.0
1230000,-0.45129818,1.4762101,1616.5,0.027945729,0.025264123,0.00023879945,-6.671222693390316,-6.671222693390316,1.0
1240000,-0.3950393,1.4762164,1096.0,0.010467706,0.024731196,0.00023828255,-6.653667049275504,-6.653667049275504,1.0
1250000,-0.44351932,1.4762559,1659.0,0.047445692,0.023368059,0.00023772303,-7.130333751440048,-7.130333751440048,1.0
1260000,-0.41193244,1.476415,795.75,0.03592478,0.023211302,0.000237201,-3.480750208410124,-3.480750208410124,1.0
1270000,-0.40862495,1.476615,1999.0,0.081037305,0.025030427,0.00023667741,-8.997000634670258,-8.997000634670258,1.0
1280000,-0.43262133,1.4768982,937.0,0.02361454,0.019951258,0.00023610455,-4.0196669432852,-4.0196669432852,1.0
1290000,-0.43068424,1.4769657,1999.0,0.013318062,0.021082105,0.00023557134,-9.329833885033926,-9.329833885033926,1.0
1300000,-0.39027315,1.4769479,1999.0,0.15381698,0.030078733,0.0002350481,-9.33233400185903,-9.33233400185903,1.0
1310000,-0.44470128,1.4770622,1999.0,0.007459946,0.019294491,0.0002345177,-9.332334081331888,-9.332334081331888,1.0
1320000,-0.4040714,1.47715,1999.0,None,None,None,-9.66316725810369,-9.66316725810369,1.0
1330000,-0.46211815,1.4770905,1690.0,0.013756234,0.020156765,0.00023399446,-8.006889359818565,-8.006889359818565,1.0
1340000,-0.43053776,1.4771843,1999.0,0.009675055,0.020160364,0.00023346396,-9.498000701268515,-9.498000701268515,1.0
1350000,-0.44780716,1.4772564,1999.0,0.0069412612,0.020008419,0.0002329407,-9.662667195002237,-9.662667195002237,1.0
1360000,-0.47090253,1.4772382,1999.0,0.024356842,0.021484932,0.00023241757,-9.66316725810369,-9.66316725810369,1.0
1370000,-0.4393001,1.4771649,933.6666666666666,0.0063317623,0.026654068,0.00023188716,-4.4235003143548965,-4.4235003143548965,1.0
1380000,-0.46474394,1.4772338,1999.0,0.011193738,0.020388799,0.00023132015,-6.414833803971608,-6.414833803971608,1.0
1390000,-0.4591298,1.4772799,1002.0,0.21155271,0.022922156,0.00023078972,-6.670667042334874,-6.670667042334874,1.0
1400000,-0.4552337,1.4772527,1720.4,0.0718557,0.018374532,0.00023025546,-8.070267144838969,-8.070267144838969,1.0
1410000,-0.50667226,1.4771327,1999.0,0.055503074,0.026026228,0.00022973945,-9.999000787734985,-9.999000787734985,1.0
1420000,-0.46005243,1.4770517,1999.0,0.018035324,0.028927661,0.00022920906,-9.662667195002237,-9.662667195002237,1.0
1430000,-0.5237059,1.47685,None,0.008781681,0.023967957,0.00022867143,None,None,1.0
1440000,-0.44206747,1.4767628,1999.0,0.0096435975,0.016912172,0.00022813388,-8.996000428994497,-8.996000428994497,1.0
1450000,-0.49147645,1.4765576,1407.6666666666667,0.0057305484,0.023745721,0.00022758398,-6.4857781529426575,-6.4857781529426575,1.0
1460000,-0.4452596,1.4764482,1537.25,0.007494286,0.02320044,0.00022703779,-6.726800346374512,-6.726800346374512,1.0
1470000,-0.46074742,1.4763259,1865.0,None,None,None,-8.747625533491373,-8.747625533491373,1.0
1480000,-0.46103352,1.47621,1999.0,0.02773145,0.020994235,0.00022649027,-9.982000708580017,-9.982000708580017,1.0
1490000,-0.44721082,1.4759315,582.0,0.016862841,0.017335301,0.00022595987,-2.578666845957438,-2.578666845957438,1.0
1500000,-0.42689115,1.4759212,None,0.1363586,0.02602019,0.00022541167,None,None,1.0
1510000,-0.47937623,1.4759474,863.0,0.005362496,0.023274926,0.00022487402,-3.31600014368693,-3.31600014368693,1.0
1520000,-0.46122417,1.4758369,1999.0,0.010545021,0.025162509,0.00022429084,-9.830833971500397,-9.830833971500397,1.0
1530000,-0.49358815,1.475737,1929.5,0.090281144,0.021396376,0.00022377123,-8.663333819972145,-8.663333819972145,1.0
1540000,-0.45123953,1.4759032,1999.0,0.007257206,0.024209507,0.00022323098,-9.068417325615883,-9.068417325615883,1.0
1550000,-0.48433968,1.476215,557.0,0.5058425,0.039385553,0.00022269398,-4.412889146142536,-4.412889146142536,1.0
1560000,-0.3212548,1.4764048,436.0,0.21855827,0.023185415,0.00022216757,-1.5143331289291382,-1.5143331289291382,1.0
1570000,-1.0628618,1.4766191,1999.0,5.228081,0.21737304,0.00022163718,-8.997000515460968,-8.997000515460968,1.0
1580000,1.8874373,1.4769341,1097.5,0.25661418,0.029351229,0.00022107728,-5.155166904131572,-5.155166904131572,1.0
1590000,-0.07838455,1.4771901,1582.0,5.173179,0.026018372,0.00022053259,-7.24733383456866,-7.24733383456866,1.0
1600000,1.1525836,1.4772574,1915.75,None,None,None,-8.582250664631525,-8.582250664631525,1.0
1610000,0.49649557,1.4773383,1825.5,1.427267,0.033360023,0.00021999696,-8.297167266408602,-8.297167266408602,1.0
1620000,1.8140336,1.4777862,1063.0,0.09848901,0.062579274,0.000219449,-5.114750362932682,-5.114750362932682,1.0
1630000,-0.24176362,1.4779173,1999.0,0.822107,0.031774808,0.0002188814,-6.8973336815834045,-6.8973336815834045,1.0
1640000,-0.26961765,1.4781884,None,0.020796558,0.0460894,0.00021835096,None,None,1.0
1650000,-0.34716377,1.4784203,1999.0,0.3695861,0.021292636,0.00021782058,-9.662667195002237,-9.662667195002237,1.0
1660000,-0.36407402,1.4784514,1999.0,0.017102249,0.01963043,0.00021729019,-9.665667414665222,-9.665667414665222,1.0
1670000,-0.39997607,1.4784068,1999.0,0.010452324,0.023337157,0.00021676703,-9.831334054470062,-9.831334054470062,1.0
1680000,-0.41999668,1.4785626,1200.0,0.02541372,0.021149555,0.00021622464,-5.168667050699393,-5.168667050699393,1.0
1690000,-0.3054882,1.4787232,1500.75,0.025474317,0.026762359,0.00021568297,-6.923917213454843,-6.923917213454843,1.0
1700000,-0.3991894,1.4787033,1422.3333333333333,0.043133695,0.017579535,0.00021515974,-9.663167238235474,-9.663167238235474,1.0
1710000,-0.3064617,1.4787563,545.0,0.034025565,0.025417753,0.00021457355,-1.5484166964888573,-1.5484166964888573,1.0
1720000,-0.3661015,1.4787517,1030.5,0.07193448,0.022655422,0.00021403373,-4.487333556016286,-4.487333556016286,1.0
1730000,-0.3855443,1.4787943,1631.3333333333333,None,None,None,-6.239000370105107,-6.239000370105107,1.0
1740000,-0.36773562,1.4788249,1007.5,0.037541,0.022508545,0.00021345275,-6.248222685522503,-6.248222685522503,1.0
1750000,-0.36292157,1.4791324,1999.0,0.015316022,0.0229769,0.00021291984,-9.32933380206426,-9.32933380206426,1.0
1760000,-0.43341485,1.47952,1999.0,0.023607116,0.028762868,0.00021238944,-8.997000614802042,-8.997000614802042,1.0
1770000,-0.40038618,1.4796891,1999.0,0.008236107,0.025412675,0.00021185902,-9.59720058441162,-9.59720058441162,1.0
1780000,-0.4231168,1.4797016,1085.75,0.016021654,0.024869531,0.00021133578,-5.08915411738249,-5.08915411738249,1.0
1790000,-0.43231124,1.4795924,1352.3333333333333,0.0089061335,0.025050238,0.00021076774,-6.096666991710663,-6.096666991710663,1.0
1800000,-0.412683,1.4795861,1547.6666666666667,0.017943846,0.029112792,0.00021021541,-5.945833663145701,-5.945833663145701,1.0
1810000,-0.4199789,1.4796456,1346.6666666666667,0.016780198,0.017808873,0.000209693,-6.634583772470553,-6.634583772470553,1.0
1820000,-0.42910233,1.4795709,1999.0,0.028948653,0.016107561,0.00020915543,-9.329333821932474,-9.329333821932474,1.0
1830000,-0.4151574,1.4795709,1049.0,0.014007823,0.025619017,0.00020861004,-2.6212501227855682,-2.6212501227855682,1.0
1840000,-0.39858317,1.4796541,16.0,0.0066773514,0.027493473,0.00020807705,-3.6474002629518507,-3.6474002629518507,1.0
1850000,-0.44475666,1.4795761,1959.0,0.02228349,0.022845728,0.00020750225,-8.907445006900364,-8.907445006900364,1.0
1860000,-0.43180326,1.4796923,1255.6666666666667,None,None,None,-5.7241114311748085,-5.7241114311748085,1.0
1870000,-0.47841948,1.47965,1999.0,0.009362928,0.026796596,0.00020693675,-9.66466736793518,-9.66466736793518,1.0
1880000,-0.44648537,1.4794543,1999.0,0.057096515,0.024244329,0.00020641359,-9.664334032270643,-9.664334032270643,1.0
1890000,-0.4956537,1.4799148,635.5,0.04267947,0.018115053,0.00020589758,-2.5128334760665894,-2.5128334760665894,1.0
1900000,-0.45427132,1.4800534,1999.0,0.015954047,0.02218093,0.00020532981,-8.996000468730927,-8.996000468730927,1.0
1910000,-0.4521708,1.4801341,1999.0,0.01129984,0.026410293,0.00020479938,-9.329333821932474,-9.329333821932474,1.0
1920000,-0.49750546,1.4803956,1609.0,0.12849343,0.02417535,0.00020428655,-7.046500394741694,-7.046500394741694,1.0
1930000,-0.4603188,1.4804236,1999.0,0.009382803,0.02106317,0.00020370922,-9.663167238235474,-9.663167238235474,1.0
1940000,-0.4703638,1.4804448,1345.0,0.009654964,0.030369662,0.00020315814,-5.505687844473869,-5.505687844473869,1.0
1950000,-0.4729086,1.4804673,776.5,0.029474704,0.020350551,0.0002025761,-4.0443573870829175,-4.0443573870829175,1.0
1960000,-0.41996586,1.480047,1322.25,0.2936706,0.020859169,0.00020201255,-5.864250381787618,-5.864250381787618,1.0
1970000,-0.42802793,1.4800359,None,None,None,None,None,None,1.0
1980000,-0.37740147,1.4798912,None,0.29568797,0.024765212,0.00020147493,None,None,1.0
1990000,-0.4331885,1.4801534,None,0.011516846,0.025718058,0.00020093737,None,None,1.0
2000000,-0.419031,1.4802787,1999.0,0.0041856994,0.015182781,0.00020039974,-9.329333821932474,-9.329333821932474,1.0
2010000,-0.42331687,1.4802549,1990.75,0.0043782233,0.025513304,0.00019987658,-9.053111679024166,-9.053111679024166,1.0
2020000,-0.42469072,1.4802963,1502.25,0.0077181584,0.03196046,0.00019936355,-7.27666713098685,-7.27666713098685,1.0
2030000,-0.41335985,1.4804859,1519.0,0.0052973796,0.027677132,0.00019878514,-6.7651671667893725,-6.7651671667893725,1.0
2040000,-0.122129604,1.4806222,794.0,0.29460907,0.026256224,0.00019824288,-3.472000189125538,-3.472000189125538,1.0
2050000,-0.41783485,1.4806807,None,0.059199058,0.02053691,0.00019768898,None,None,1.0
2060000,-0.14654253,1.4809285,1366.0,0.05442744,0.023193495,0.00019717675,-6.16533362865448,-6.16533362865448,1.0
2070000,-0.4079497,1.481022,1124.6666666666667,0.017562466,0.027968876,0.00019659335,-4.958000285757913,-4.958000285757913,1.0
2080000,-0.30570054,1.4814014,1999.0,0.089819096,0.041527715,0.00019606296,-8.996000409126282,-8.996000409126282,1.0
2090000,-0.28304255,1.4815161,1999.0,0.030539732,0.035927773,0.00019554698,-9.663333945804172,-9.663333945804172,1.0
2100000,-0.4316079,1.4818877,1174.0,None,None,None,-5.497909475456584,-5.497909475456584,1.0
2110000,-0.4522633,1.4819872,1994.6666666666667,0.011801813,0.026101993,0.00019499558,-7.863555908203125,-7.863555908203125,1.0
2120000,-0.41357878,1.4820495,239.0,0.0092840465,0.023107132,0.00019448152,-1.7397142904145377,-1.7397142904145377,1.0
2130000,-0.422879,1.4818184,1087.5,0.039103832,0.021241516,0.00019394873,-4.605666945377986,-4.605666945377986,1.0
2140000,-0.45292655,1.4816334,1999.0,0.0275029,0.030116618,0.0001933918,-8.997000575065613,-8.997000575065613,1.0
2150000,-0.42987734,1.4818075,1999.0,0.006661743,0.024027864,0.00019286855,-9.196000474691392,-9.196000474691392,1.0
2160000,-0.44541627,1.481978,1024.0,0.038939573,0.027897324,0.00019233815,-5.246857502630779,-5.246857502630779,1.0
2170000,-0.4408773,1.482039,1999.0,0.008391838,0.02752592,0.00019180744,-9.665667454401651,-9.665667454401651,1.0
2180000,-0.45994115,1.4823403,1999.0,0.005617881,0.020210786,0.00019128429,-9.451000587506728,-9.451000587506728,1.0
2190000,-0.44639626,1.4829733,1999.0,0.021099757,0.031989716,0.00019069864,-9.139857743467603,-9.139857743467603,1.0
2200000,-0.43387207,1.4831645,1999.0,0.012667287,0.0228607,0.00019016108,None,None,1.0
2210000,-0.42682227,1.4829742,1144.3333333333333,0.008075627,0.021855034,0.00018959255,-6.049636694518003,-6.049636694518003,1.0
2220000,-0.46243718,1.4826639,1760.0,0.012337631,0.029249271,0.00018900681,-7.5991432794502805,-7.5991432794502805,1.0
2230000,-0.4445971,1.4826591,1999.0,None,None,None,-9.662667155265808,-9.662667155265808,1.0
2240000,-0.444449,1.4832183,1999.0,0.027531052,0.03467601,0.00018847642,-9.664667387803396,-9.664667387803396,1.0
2250000,-0.4351293,1.4833567,1284.3333333333333,0.012657174,0.020485533,0.00018795316,-5.868444798721208,-5.868444798721208,1.0
2260000,-0.44438988,1.4838598,1969.0,0.011349234,0.028219342,0.00018737481,-8.847000300884247,-8.847000300884247,1.0
2270000,-0.44738454,1.4853615,889.0,0.022187565,0.07331622,0.0001868489,-3.949000060558319,-3.949000060558319,1.0
2280000,-0.45563272,1.4861631,1993.25,0.018926919,0.031094404,0.00018633142,-8.506000454227129,-8.506000454227129,1.0
2290000,-0.42902383,1.4868759,1392.3333333333333,0.015530196,0.021930583,0.00018579901,-6.7669004023075106,-6.7669004023075106,1.0
2300000,-0.42629042,1.4872897,1080.75,0.007669611,0.02326181,0.00018528427,-4.489083503683408,-4.489083503683408,1.0
2310000,-0.45914903,1.4876534,1999.0,0.09226556,0.020581352,0.0001847108,-9.663667360941568,-9.663667360941568,1.0
2320000,-0.41789004,1.4879274,859.0,0.067213215,0.018541161,0.00018416709,-3.5188890993595123,-3.5188890993595123,1.0
2330000,-0.44976848,1.4881581,1999.0,0.00727312,0.023610925,0.00018363976,-8.997000575065613,-8.997000575065613,1.0
2340000,-0.46237886,1.4885151,None,0.048946954,0.023558212,0.0001831022,None,None,1.0
2350000,-0.44416872,1.4887156,1999.0,0.0053751343,0.02312534,0.0001825718,-9.999000787734985,-9.999000787734985,1.0
2360000,-0.45174894,1.4878633,1999.0,0.0038488477,0.02688749,0.00018205582,-9.17863691124049,-9.17863691124049,1.0
2370000,-0.44258472,1.4874783,1276.2,None,None,None,-6.192000433802605,-6.192000433802605,1.0
2380000,-0.45340443,1.4880624,1325.5,0.012737069,0.017907094,0.00018148911,-5.808857513325555,-5.808857513325555,1.0
2390000,-0.4645659,1.4888092,1026.6666666666667,0.029837882,0.021630893,0.00018093751,-4.357889125744502,-4.357889125744502,1.0
2400000,-0.45320663,1.4889178,1044.0,0.01407102,0.028356573,0.00018040552,-4.804833623270194,-4.804833623270194,1.0
2410000,-0.42454308,1.4893503,None,0.05934575,0.028184513,0.00017984812,None,None,1.0
2420000,-0.49446616,1.489332,1088.0,0.040757123,0.025163906,0.00017927511,-4.77666699141264,-4.77666699141264,1.0
2430000,-0.4135946,1.4894011,1072.0,0.010225733,0.025987007,0.00017875091,-5.689200270175934,-5.689200270175934,1.0
2440000,-0.44206315,1.489395,1253.25,0.029313853,0.024864554,0.00017819645,-4.2695457677949555,-4.2695457677949555,1.0
2450000,-0.46075407,1.4893551,1332.3333333333333,0.008144125,0.020596813,0.00017768047,-6.543909560550343,-6.543909560550343,1.0
2460000,-0.45596668,1.489512,1350.3333333333333,0.3316292,0.03623827,0.00017715324,-6.564625442028046,-6.564625442028046,1.0
2470000,-0.46397594,1.4896492,1416.6666666666667,0.1509899,0.042159967,0.00017659119,-5.603100302815437,-5.603100302815437,1.0
2480000,-0.44847614,1.4898161,237.0,0.050687443,0.024693983,0.000176059,-0.5213333169619242,-0.5213333169619242,1.0
2490000,-0.44450405,1.4897518,1363.6666666666667,0.022700015,0.026332263,0.00017552168,-5.820667068163554,-5.820667068163554,1.0
2500000,-0.44328725,1.4900149,1154.0,None,None,None,-1.213666598002116,-1.213666598002116,1.0
2510000,-0.5950879,1.4906971,1999.0,0.042588625,0.029216122,0.00017494474,-9.331333968374464,-9.331333968374464,1.0
2520000,-0.4923251,1.491315,1266.6,3.425037,0.06425153,0.00017442153,-4.836667036016782,-4.836667036016782,1.0
2530000,-2.2868981,1.4921414,None,0.12104409,0.019294616,0.00017385486,-9.66366732120514,-9.66366732120514,1.0
2540000,-0.5329968,1.4930093,1999.0,1.1120987,0.25363266,0.00017332441,-9.663167238235474,-9.663167238235474,1.0
2550000,-1.5189524,1.494907,1334.0,1.0161446,0.2539293,0.00017279403,-5.589417040348053,-5.589417040348053,1.0
2560000,-0.3697762,1.4951484,649.0,0.08341787,0.023624793,0.00017222344,-1.912666767835617,-1.912666767835617,1.0
2570000,0.58781236,1.4942025,1999.0,0.53392845,0.057977185,0.0001716724,-9.496500551700592,-9.496500551700592,1.0
2580000,-0.37958238,1.4943137,1420.5,0.13794738,0.056631662,0.00017109951,-6.773167173067729,-6.773167173067729,1.0
2590000,-0.21522772,1.4945518,1385.75,0.01583285,0.03996406,0.00017056748,-5.924818510358984,-5.924818510358984,1.0
2600000,-0.3903331,1.4956003,1467.6666666666667,None,None,None,-7.106500363349914,-7.106500363349914,1.0
2610000,-0.23439948,1.4959108,None,0.057272155,0.029210683,0.00016999057,None,None,1.0
2620000,-0.3503175,1.4956483,1999.0,0.062135737,0.024761766,0.00016945292,-9.999000787734985,-9.999000787734985,1.0
2630000,-0.41331366,1.4957557,1924.3333333333333,0.01247804,0.03768731,0.00016892978,-8.661200529336929,-8.661200529336929,1.0
2640000,-0.4958213,1.4958783,None,0.00704421,0.029462766,0.00016836336,None,None,1.0
2650000,-0.42536232,1.4958944,1070.4,0.03468437,0.0285473,0.000167833,-4.621467008690039,-4.621467008690039,1.0
2660000,-0.43653813,1.4958153,1502.25,0.012282294,0.022955611,0.00016725787,-6.117300400137902,-6.117300400137902,1.0
2670000,-0.4301529,1.4953077,1049.0,0.01379146,0.022705467,0.00016673454,-6.583909500728954,-6.583909500728954,1.0
2680000,-0.4148116,1.4945636,816.0,0.048843864,0.021741198,0.00016616678,-2.336111154821184,-2.336111154821184,1.0
2690000,-0.43519902,1.4945189,None,0.020459684,0.020773707,0.00016562917,None,None,1.0
2700000,-0.3793751,1.4944681,1205.0,0.022936989,0.031193336,0.0001651015,-4.877923379723843,-4.877923379723843,1.0
2710000,-0.45696345,1.4944049,None,0.008702426,0.02293389,0.00016457109,-9.996000528335571,-9.996000528335571,1.0
2720000,-0.4039815,1.4950523,1505.75,0.031430785,0.029699693,0.00016405103,-6.781000482539336,-6.781000482539336,1.0
2730000,-0.44108695,1.4954842,1999.0,0.015153424,0.020618288,0.00016352777,-8.831333974997202,-8.831333974997202,1.0
2740000,-0.38283032,1.4959736,1003.3333333333334,None,None,None,-4.352333635091782,-4.352333635091782,1.0
2750000,-0.41444847,1.4955758,1488.2,0.017028993,0.025151733,0.00016299909,-6.44360037446022,-6.44360037446022,1.0
2760000,-0.40121645,1.49554,485.0,0.031301714,0.032569848,0.00016241976,-2.42900013923645,-2.42900013923645,1.0
2770000,-0.3880537,1.4957377,1355.5,0.013004736,0.026339648,0.00016188608,-5.192625317722559,-5.192625317722559,1.0
2780000,-0.41994944,1.4957235,None,0.026078494,0.024721213,0.00016132553,None,None,1.0
2790000,-0.41717407,1.4960929,1845.75,0.017408237,0.021985343,0.00016074066,-8.420111641287804,-8.420111641287804,1.0
2800000,-0.41618535,1.4968795,782.5,0.014291897,0.023260513,0.00016020593,-5.004000313580036,-5.004000313580036,1.0
2810000,-0.38752195,1.497266,1501.5,0.0123449825,0.023982007,0.00015968239,-6.688000404699282,-6.688000404699282,1.0
2820000,-0.3910283,1.4975841,1180.3333333333333,0.014418663,0.024624048,0.00015916367,-5.739727716554295,-5.739727716554295,1.0
2830000,-0.4387713,1.4979894,1749.0,0.023656808,0.025035076,0.00015862612,-7.413667023181915,-7.413667023181915,1.0
2840000,-0.44582206,1.4980601,None,0.015315394,0.026983473,0.00015805641,None,None,1.0
2850000,-0.4809816,1.4983627,1999.0,0.007681919,0.026328186,0.00015752605,-9.665667454401651,-9.665667454401651,1.0
2860000,-0.41689605,1.4990702,1999.0,0.005586018,0.02109482,0.00015700998,-9.775111754735311,-9.775111754735311,1.0
2870000,-0.45496497,1.4990623,1358.0,None,None,None,-6.013555900918113,-6.013555900918113,1.0
2880000,-0.47404742,1.4995832,1999.0,0.013230028,0.020173337,0.00015647526,-9.426714982305255,-9.426714982305255,1.0
2890000,-0.4271987,1.5001528,1999.0,0.016032252,0.023381274,0.00015595925,-9.6225006878376,-9.6225006878376,1.0
2900000,-0.4535974,1.5005745,1999.0,0.024837334,0.019514332,0.00015543605,-9.497000694274902,-9.497000694274902,1.0
2910000,-0.4225893,1.500533,None,0.009495348,0.018140193,0.00015482886,-9.997000694274902,-9.997000694274902,1.0
2920000,-0.46533647,1.5002285,1027.5,0.0052936478,0.021460623,0.00015429844,-4.473833724856377,-4.473833724856377,1.0
2930000,-0.45100188,1.5001986,1999.0,0.0054540723,0.024615342,0.00015375233,-9.246750622987747,-9.246750622987747,1.0
2940000,-0.41333473,1.5002881,1267.142857142857,0.08137906,0.02428351,0.00015318157,-5.432428889331364,-5.432428889331364,1.0
2950000,-0.43328956,1.500532,1057.0,0.0277819,0.020381026,0.00015250176,-5.96600042283535,-5.96600042283535,1.0
2960000,-0.45043558,1.5009488,1482.3333333333333,None,None,None,-6.341500423848629,-6.341500423848629,1.0
2970000,-0.42446154,1.5001739,66.0,0.014870154,0.024722964,0.00015198784,-2.247500166296959,-2.247500166296959,1.0
2980000,-0.4339632,1.5001693,1999.0,0.012926998,0.025276056,0.0001514402,-9.997000694274902,-9.997000694274902,1.0
2990000,-0.45255652,1.5003844,1481.0,0.037155353,0.020921204,0.00015090981,-6.906500418980916,-6.906500418980916,1.0
3000000,-0.4324906,1.5016615,1999.0,0.00516369,0.02379701,0.00015038843,None,None,1.0
3010000,-0.44266444,1.5028348,1999.0,0.004763072,0.019121777,0.00014979561,-9.330083881815275,-9.330083881815275,1.0
3020000,-0.42986915,1.503102,1578.0,0.028697224,0.024575293,0.00014927964,-7.22658383846283,-7.22658383846283,1.0
3030000,-0.44236812,1.5029955,1999.0,0.016263839,0.020931501,0.00014870182,-9.997000694274902,-9.997000694274902,1.0
3040000,-0.48564562,1.5029141,1354.0,0.040129304,0.026153015,0.0001481489,-6.27250034113725,-6.27250034113725,1.0
3050000,-0.42707083,1.5027423,1034.0,0.006287925,0.022574017,0.0001476185,-4.838666995366414,-4.838666995366414,1.0
3060000,-0.4729585,1.5021498,1999.0,0.011458824,0.024616757,0.00014700083,-9.996000528335571,-9.996000528335571,1.0
3070000,-0.4562284,1.5011984,None,None,None,None,-8.663667241732279,-8.663667241732279,1.0
3080000,-0.45838508,1.5015744,1522.25,0.020593477,0.02760786,0.00014647044,-6.529333670934041,-6.529333670934041,1.0
3090000,-0.4509473,1.502205,1528.0,0.010125298,0.026717754,0.0001459405,-7.23635759311063,-7.23635759311063,1.0
3100000,-0.41729122,1.5031981,1999.0,0.0071294676,0.023189021,0.00014541429,-9.426714965275355,-9.426714965275355,1.0
3110000,-0.4338023,1.5036372,883.6666666666666,0.039199993,0.03980874,0.00014488988,-3.309555768966675,-3.309555768966675,1.0
3120000,-0.41074196,1.503703,1999.0,0.02370002,0.024317855,0.00014433217,-9.997000694274902,-9.997000694274902,1.0
3130000,-0.45320493,1.5039648,1151.0,0.027134703,0.025181679,0.00014379682,-4.352750204503536,-4.352750204503536,1.0
3140000,-0.42530727,1.504092,1156.0,0.007581423,0.018154722,0.00014328337,-7.38850041727225,-7.38850041727225,1.0
3150000,-0.4713781,1.5041395,1155.5,0.024958981,0.019769052,0.00014275566,-2.420500084757805,-2.420500084757805,1.0
3160000,-0.44969687,1.5042938,1603.8,0.012025919,0.025260536,0.00014223967,-7.594643389540059,-7.594643389540059,1.0
3170000,-0.5897166,1.5045875,1079.0,0.03585957,0.08525503,0.00014168813,-5.231333697835605,-5.231333697835605,1.0
3180000,-0.47030553,1.5046443,1999.0,0.018470814,0.025611449,0.00014114166,-9.796600604057312,-9.796600604057312,1.0
3190000,-0.7093488,1.5048418,1999.0,0.05418475,0.20402645,0.00014061126,-8.497500479221344,-8.497500479221344,1.0
3200000,-0.8867674,1.5051942,146.0,0.017185634,0.023238119,0.00014008087,-9.999000787734985,-9.999000787734985,1.0
3210000,-0.4530596,1.5055422,1360.0,0.07891909,0.19641618,0.00013954223,-3.8324617525705924,-3.8324617525705924,1.0
3220000,-0.88139474,1.5067254,708.0,0.1369771,0.22412671,0.00013901453,-4.638300278782845,-4.638300278782845,1.0
3230000,-0.45145103,1.5082791,1999.0,None,None,None,-7.922857578311648,-7.922857578311648,1.0
3240000,-0.27181196,1.5083927,1999.0,0.06363858,0.025703318,0.00013847677,-9.219889554712507,-9.219889554712507,1.0
3250000,-0.34212127,1.5087888,756.6666666666666,0.014657359,0.023758434,0.00013796076,-3.341555797805389,-3.341555797805389,1.0
3260000,-0.32837924,1.5081303,1169.0,0.017549714,0.024767233,0.00013739662,-5.1803336011038885,-5.1803336011038885,1.0
3270000,-0.37855187,1.5085202,1421.0,0.019156108,0.021740858,0.00013686293,-3.2160000602404275,-3.2160000602404275,1.0
3280000,-0.35780314,1.5085454,1336.6666666666667,0.029009275,0.025330072,0.00013628992,-6.679667079200347,-6.679667079200347,1.0
3290000,-0.40495065,1.5084591,1442.0,0.012041522,0.026025658,0.00013576476,-8.329167122642199,-8.329167122642199,1.0
3300000,-0.38075048,1.5085508,342.0,0.0094905775,0.024506347,0.00013521037,-1.3463333696126938,-1.3463333696126938,1.0
3310000,-0.4099064,1.5091114,1999.0,0.058622893,0.024137635,0.00013467997,-9.32933384180069,-9.32933384180069,1.0
3320000,-0.38661706,1.5096086,1999.0,0.07217132,0.02552817,0.00013415675,-9.498000681400299,-9.498000681400299,1.0
3330000,-0.40600085,1.509527,1999.0,0.004802563,0.02454623,0.00013363358,-9.746750578284264,-9.746750578284264,1.0
3340000,-0.40254298,1.50918,1055.5,0.0050584003,0.017941613,0.0001331104,-5.23900032043457,-5.23900032043457,1.0
3350000,-0.3382011,1.5093509,831.25,0.021990081,0.025325501,0.00013259405,-3.5754168877998986,-3.5754168877998986,1.0
3360000,-0.37749895,1.5096649,1483.0,0.07704408,0.025281914,0.00013201148,-5.688916948313515,-5.688916948313515,1.0
3370000,-0.36823115,1.5098708,1001.0,None,None,None,-6.115111589017841,-6.115111589017841,1.0
3380000,-0.35949177,1.5108614,None,0.052780952,0.033541918,0.00013148766,None,None,1.0
3390000,-0.43083844,1.5112044,1999.0,0.025978683,0.021357257,0.00013095007,-9.331333965063095,-9.331333965063095,1.0
3400000,-0.36718023,1.5118301,19.0,0.008136558,0.0212379,0.00013042687,0.2363333453734716,0.2363333453734716,1.0
3410000,-0.40940934,1.5123903,1999.0,0.0036868984,0.029028127,0.00012988626,-9.332334041595459,-9.332334041595459,1.0
3420000,-0.4182662,1.5126424,1671.8,0.10322841,0.028122615,0.00012936306,-7.5355838388204575,-7.5355838388204575,1.0
3430000,-0.3973069,1.5129826,1047.8333333333333,0.004459545,0.038048204,0.00012879967,-4.544210781392298,-4.544210781392298,1.0
3440000,-0.40529472,1.5144926,1343.6666666666667,0.013515736,0.027442547,0.00012823462,-6.861364082856611,-6.861364082856611,1.0
3450000,-0.40375978,1.5151849,None,0.008614228,0.029002164,0.00012770426,None,None,1.0
3460000,-0.4079782,1.5153902,1077.6666666666667,0.034101833,0.023640184,0.00012715106,-3.690375231206417,-3.690375231206417,1.0
3470000,-0.38384098,1.5156374,1006.0,0.012493876,0.027331525,0.00012660954,-5.169714657323701,-5.169714657323701,1.0
3480000,-0.41450998,1.5158094,None,0.111219026,0.040403605,0.00012607194,None,None,1.0
3490000,-0.42946544,1.5163128,1601.6,0.010080655,0.022724088,0.00012554675,-6.5608185895464635,-6.5608185895464635,1.0
3500000,-0.41228616,1.5166752,1054.0,0.006129534,0.024902407,0.00012500497,-5.829125398769975,-5.829125398769975,1.0
3510000,-0.4971706,1.5163649,1999.0,None,None,None,-9.32933384180069,-9.32933384180069,1.0
3520000,-0.44639045,1.516404,1247.5,0.076328844,0.025525248,0.00012447457,-5.572333673636119,-5.572333673636119,1.0
3530000,-0.44624743,1.5164975,1099.0,0.032721035,0.024965307,0.00012394643,-4.9970002969106035,-4.9970002969106035,1.0
3540000,-0.39311272,1.5167081,1007.25,0.007322613,0.027318608,0.00012337042,-4.371333595986168,-4.371333595986168,1.0
3550000,-0.4392551,1.516834,None,0.009362398,0.019610789,0.00012283509,None,None,1.0
3560000,-0.42558742,1.5171765,1389.0,0.017856367,0.023055963,0.00012229748,-6.197500386585792,-6.197500386585792,1.0
3570000,-0.4231913,1.5172782,1402.8,0.0150795905,0.01861621,0.000121740224,-6.090357595256397,-6.090357595256397,1.0
3580000,-0.427835,1.517226,66.0,0.015123772,0.022572279,0.00012116858,-2.2487501204013824,-2.2487501204013824,1.0
3590000,-0.44283795,1.5170146,1999.0,0.019993192,0.025811477,0.00012063097,-8.996000409126282,-8.996000409126282,1.0
3600000,-0.4775775,1.5167389,1999.0,0.008198221,0.024780728,0.00012011498,-9.330833921829859,-9.330833921829859,1.0
3610000,-0.42446795,1.5157769,1419.0,0.015085365,0.02536695,0.000119591794,-6.207778185606003,-6.207778185606003,1.0
3620000,-0.4274294,1.515512,156.0,0.010730584,0.01737811,0.00011905447,-2.014333412051201,-2.014333412051201,1.0
3630000,-0.43378934,1.5153215,1531.3333333333333,0.019554125,0.022598518,0.0001185113,-5.65666710337003,-5.65666710337003,1.0
3640000,-0.4566346,1.5153242,1529.0,None,None,None,-7.269143351486751,-7.269143351486751,1.0
3650000,-0.36534414,1.5152043,1001.0,0.020991186,0.025531024,0.000117984535,-5.005428913980722,-5.005428913980722,1.0
3660000,-0.47117707,1.515441,1306.0,0.0084900595,0.020791944,0.00011745352,-5.038000249862671,-5.038000249862671,1.0
3670000,-0.41567156,1.5151263,1814.0,0.03745194,0.021094952,0.0001169078,-8.490143426827022,-8.490143426827022,1.0
3680000,-0.45013848,1.5146468,966.0,0.008154346,0.024374891,0.000116363335,-3.8310000896453857,-3.8310000896453857,1.0
3690000,-0.44286308,1.5144662,1999.0,0.0416317,0.02446218,0.000115848656,-8.829571851662227,-8.829571851662227,1.0
3700000,-0.44795662,1.5145124,1229.0,0.03518266,0.024994375,0.00011531825,-5.47933354973793,-5.47933354973793,1.0
3710000,-0.42201087,1.514425,1503.25,0.008778704,0.02168771,0.00011479569,-7.10233382632335,-7.10233382632335,1.0
3720000,-0.42014846,1.5143617,1999.0,0.0070923716,0.02634694,0.00011427715,-8.996000448862711,-8.996000448862711,1.0
3730000,-0.42228827,1.5151412,1999.0,0.037257478,0.018168848,0.000113739545,-8.996000508467356,-8.996000508467356,1.0
3740000,-0.42934006,1.5159798,1999.0,0.009742773,0.019970207,0.00011321631,-9.597200608253479,-9.597200608253479,1.0
3750000,-0.37840083,1.5166031,1035.5,0.010840284,0.020358464,0.000112682166,-5.01042885013989,-5.01042885013989,1.0
3760000,-0.3945393,1.5170437,1336.6666666666667,0.008370333,0.019008843,0.00011215703,-6.129111411670844,-6.129111411670844,1.0
3770000,-0.43346387,1.5170487,1999.0,0.059404768,0.023960195,0.00011162663,-9.396000456809997,-9.396000456809997,1.0
3780000,-0.3641196,1.5170408,1230.5,0.011875862,0.02196086,0.00011110929,-6.055611479406555,-6.055611479406555,1.0
3790000,-0.41536573,1.5181196,1064.0,0.04438913,0.026599642,0.00011058995,-4.2440002986363,-4.2440002986363,1.0
3800000,-0.35898176,1.5185813,539.0,0.19001468,0.030112812,0.00011004817,-2.365666836500168,-2.365666836500168,1.0
3810000,-0.4328855,1.5186036,1999.0,0.04997663,0.020638442,0.000109517765,-8.996000488599142,-8.996000488599142,1.0
3820000,-0.39533594,1.5185984,1999.0,None,None,None,-8.998000621795654,-8.998000621795654,1.0
3830000,-0.40793502,1.5188956,1374.3333333333333,0.009655322,0.021057319,0.000108994565,-6.096222586101955,-6.096222586101955,1.0
3840000,-0.42516744,1.518659,None,0.0074115056,0.02505417,0.000108452485,None,None,1.0
3850000,-0.41507295,1.5187092,1999.0,0.006465355,0.02293084,0.00010791488,-9.329667223824394,-9.329667223824394,1.0
3860000,-0.42928597,1.5188844,1268.0,0.034874003,0.03549137,0.00010733992,-5.286944760216607,-5.286944760216607,1.0
3870000,-0.44124728,1.5189139,1999.0,0.011151739,0.03219532,0.00010680156,-9.665667454401651,-9.665667454401651,1.0
3880000,-0.44325542,1.518914,1247.5,0.06329076,0.029505877,0.00010626397,-7.117500349879265,-7.117500349879265,1.0
3890000,-0.4190404,1.5191369,1025.75,0.020424832,0.018238,0.000105743035,-4.395857457603727,-4.395857457603727,1.0
3900000,-0.4267727,1.5196618,None,0.0055705984,0.023900222,0.00010519659,None,None,1.0
3910000,-0.4473372,1.5199418,929.0,0.02837165,0.020610048,0.00010465898,None,None,1.0
3920000,-0.4516643,1.5203302,1999.0,0.006863368,0.022026917,0.00010414266,-8.242083807786306,-8.242083807786306,1.0
3930000,-0.41701588,1.520543,1186.142857142857,0.007929691,0.024463283,0.00010359455,-5.390136689963666,-5.390136689963666,1.0
3940000,-0.40648395,1.5206426,12.0,0.023737723,0.022586852,0.00010306944,-3.4356001943349836,-3.4356001943349836,1.0
3950000,-0.44773284,1.521108,645.0,0.02351405,0.03057515,0.00010251175,-2.562333474556605,-2.562333474556605,1.0
3960000,-0.3875938,1.5209846,1500.75,None,None,None,-6.6726671401411295,-6.6726671401411295,1.0
3970000,-0.45518842,1.5202174,None,0.007697153,0.019575512,0.00010199469,None,None,1.0
3980000,-0.4310773,1.520397,None,0.032151677,0.051487472,0.00010145709,None,None,1.0
3990000,-0.45789802,1.5204697,1346.6666666666667,0.02286289,0.020369243,0.00010091949,-5.845778117577235,-5.845778117577235,1.0
4000000,-0.42834172,1.5205028,1430.2857142857142,0.013541889,0.020229766,0.000100397025,-6.0124214334707515,-6.0124214334707515,1.0
4010000,-0.4742202,1.5210733,1129.0,0.009836891,0.021035844,9.9815785e-05,-6.235000468790531,-6.235000468790531,1.0
4020000,-0.43283883,1.5214287,1227.5,0.012036096,0.030960426,9.924742e-05,-1.6143333117167156,-1.6143333117167156,1.0
4030000,-0.4015503,1.5219159,1091.1666666666667,0.01949636,0.019125743,9.871701e-05,-5.344524177412192,-5.344524177412192,1.0
4040000,-0.40655583,1.5224003,None,0.008827424,0.025687205,9.819489e-05,None,None,1.0
4050000,-0.39245847,1.5226198,1031.3333333333333,0.013084474,0.028061958,9.764316e-05,-4.603777938418919,-4.603777938418919,1.0
4060000,-0.40284625,1.5227075,1334.3333333333333,0.008079567,0.027321067,9.712314e-05,-6.562889295319716,-6.562889295319716,1.0
4070000,-0.43248746,1.5229036,1342.3333333333333,0.01252071,0.040323667,9.659904e-05,-5.715000404251946,-5.715000404251946,1.0
4080000,-0.46664697,1.5236378,19.0,6.546015,0.06594355,9.606111e-05,0.2363333652416865,0.2363333652416865,1.0
4090000,-0.4481844,1.523912,1892.3333333333333,0.08214117,0.018980999,9.5516356e-05,-8.241778314113617,-8.241778314113617,1.0
4100000,-2.659487,1.524697,1161.0,None,None,None,-5.306500275929769,-5.306500275929769,1.0
4110000,-0.4414824,1.5266395,918.0,0.9307744,0.20985866,9.4937335e-05,-3.924666937854555,-3.924666937854555,1.0
4120000,-1.9440861,1.5279061,1398.4,0.06562081,0.052537415,9.437019e-05,-5.243500334521134,-5.243500334521134,1.0
4130000,-0.40830898,1.5284758,1999.0,0.55339146,0.2986456,9.3781426e-05,-9.797000670433045,-9.797000670433045,1.0
4140000,-1.9359853,1.5293117,1999.0,0.4036393,0.13560589,9.325823e-05,-8.998500674962997,-8.998500674962997,1.0
4150000,-0.370118,1.5313275,1775.6666666666667,0.059098165,0.020854501,9.2735034e-05,-9.498000691334406,-9.498000691334406,1.0
4160000,-0.34754607,1.531565,772.0,0.0095066335,0.024336549,9.21892e-05,-3.7550002535184226,-3.7550002535184226,1.0
4170000,-0.33474803,1.5317587,None,0.011052073,0.02350863,9.165155e-05,None,None,1.0
4180000,-0.37339303,1.5317528,1691.5,0.033115692,0.019391734,9.108967e-05,-7.459500429530938,-7.459500429530938,1.0
4190000,-0.3360158,1.5322436,1772.5,0.0065686973,0.025597803,9.0564834e-05,-8.365500623981157,-8.365500623981157,1.0
4200000,-0.36992964,1.5331943,1062.8,0.011133022,0.02792372,9.004839e-05,-5.146857421313014,-5.146857421313014,1.0
4210000,-0.3492743,1.5338362,519.0,None,None,None,-4.639714586947646,-4.639714586947646,1.0
4220000,-0.35877624,1.5346862,1442.3333333333333,0.016964823,0.019579122,8.9465786e-05,-5.418286034039089,-5.418286034039089,1.0
4230000,-0.37290087,1.5351378,782.3333333333334,0.034997202,0.023878707,8.894137e-05,-4.7470912120559,-4.7470912120559,1.0
4240000,-0.3811866,1.5358868,None,0.010887912,0.025431035,8.838697e-05,None,None,1.0
4250000,-0.4079034,1.5365658,1101.0,0.0077229813,0.028547397,8.785658e-05,-4.674166962504387,-4.674166962504387,1.0
4260000,-0.4320795,1.5366031,1999.0,0.0060012094,0.022655306,8.729559e-05,-9.996500611305237,-9.996500611305237,1.0
4270000,-0.44492936,1.5363919,1999.0,0.0038633693,0.02377853,8.677241e-05,-8.998250648379326,-8.998250648379326,1.0
4280000,-0.4033255,1.5354732,1112.5,0.006821052,0.01993901,8.625637e-05,-5.484571831566947,-5.484571831566947,1.0
4290000,-0.44159305,1.534971,1928.0,0.014722061,0.020312794,8.5699125e-05,-8.530222773551941,-8.530222773551941,1.0
4300000,-0.44579774,1.5348536,1999.0,0.008415003,0.019778915,8.513827e-05,-9.497500638167063,-9.497500638167063,1.0
4310000,-0.42017478,1.534687,None,0.014923194,0.021060329,8.4600666e-05,None,None,1.0
4320000,-0.4384114,1.5346414,949.0,0.005853022,0.022745607,8.4074185e-05,-3.7459999720255532,-3.7459999720255532,1.0
4330000,-0.41350436,1.5350188,1501.5,0.00502321,0.021474233,8.355667e-05,-7.175417075244089,-7.175417075244089,1.0
4340000,-0.6724315,1.5353595,1999.0,0.025881503,0.048891947,8.3033476e-05,-9.331333974997202,-9.331333974997202,1.0
4350000,-0.4408295,1.5361805,1337.0,0.009485696,0.02028908,8.250818e-05,-6.0206670926676855,-6.0206670926676855,1.0
4360000,-0.6197164,1.5365314,1345.6666666666667,None,None,None,-6.174444801277584,-6.174444801277584,1.0
4370000,-0.5073303,1.5375601,1999.0,0.009576583,0.08630921,8.197898e-05,-9.330833951632181,-9.330833951632181,1.0
4380000,-0.59053695,1.5384736,169.0,0.015408188,0.04370847,8.1455786e-05,-0.5126666128635406,-0.5126666128635406,1.0
4390000,-0.6976489,1.5383979,1211.0,0.007622874,0.018753748,8.089266e-05,-5.556000173091888,-5.556000173091888,1.0
4400000,-0.43405682,1.5381356,1334.3333333333333,0.01302175,0.04579194,8.030499e-05,-5.895889206892914,-5.895889206892914,1.0
4410000,-0.39958477,1.5379559,1118.3333333333333,0.013433462,0.020609923,7.9751204e-05,-5.094000335782766,-5.094000335782766,1.0
4420000,-0.39242455,1.5378684,711.5,0.012006472,0.025436904,7.923277e-05,-2.6428334787487984,-2.6428334787487984,1.0
4430000,-0.42226097,1.5374496,1548.0,0.020301227,0.015433156,7.869335e-05,-7.076333783566952,-7.076333783566952,1.0
4440000,-0.408883,1.5367241,806.0,0.025496833,0.02832744,7.817378e-05,-1.4643333454926808,-1.4643333454926808,1.0
4450000,-0.4080349,1.5361161,1002.0,0.015302173,0.024100667,7.7643395e-05,-4.179166874537866,-4.179166874537866,1.0
4460000,-0.6814536,1.5360959,1999.0,0.016108455,0.038836904,7.71121e-05,-9.662667155265808,-9.662667155265808,1.0
4470000,-0.4223122,1.5364767,949.0,0.019626044,0.020597722,7.6585595e-05,-4.080333322286606,-4.080333322286606,1.0
4480000,-0.63259846,1.537065,1908.0,0.0092353085,0.047621146,7.603373e-05,-8.542000552018484,-8.542000552018484,1.0
4490000,-0.57771504,1.5376279,1999.0,0.007100912,0.068551965,7.5510514e-05,-8.996500511964163,-8.996500511964163,1.0
4500000,-0.4428703,1.5381602,1999.0,None,None,None,-9.1656673848629,-9.1656673848629,1.0
4510000,-0.60151947,1.5385273,1496.6666666666667,0.011757377,0.022000067,7.498733e-05,-6.929778165287441,-6.929778165287441,1.0
4520000,-0.44938332,1.5384954,1999.0,0.009150554,0.027080573,7.446699e-05,-8.999000718196234,-8.999000718196234,1.0
4530000,-0.39807415,1.5379341,1024.0,0.0052334014,0.02102736,7.393657e-05,-4.454333573579788,-4.454333573579788,1.0
4540000,-0.4409269,1.5375818,1999.0,0.008750904,0.018357724,7.339868e-05,-9.330333968003591,-9.330333968003591,1.0
4550000,-0.42183542,1.5371157,1433.25,0.0030672895,0.018694716,7.2868286e-05,-5.802500331401825,-5.802500331401825,1.0
4560000,-0.3827885,1.5369297,916.0,0.019148888,0.025626043,7.2280876e-05,-4.6741002852097155,-4.6741002852097155,1.0
4570000,-0.42008543,1.5368698,1805.5,0.009662872,0.026298143,7.1749746e-05,-8.197167118390402,-8.197167118390402,1.0
4580000,-0.42833233,1.5365771,1337.5,0.021774987,0.025522115,7.1230126e-05,-5.356667051712672,-5.356667051712672,1.0
4590000,-0.4449751,1.5359464,None,0.012648508,0.02272279,7.069974e-05,None,None,1.0
4600000,-0.41598,1.5356869,1333.6666666666667,0.009074559,0.021580795,7.016873e-05,-6.114778200371398,-6.114778200371398,1.0
4610000,-0.44321766,1.5354668,925.0,0.011097188,0.02699924,6.965304e-05,-2.96233340104421,-2.96233340104421,1.0
4620000,-0.47853288,1.5352702,1870.3333333333333,0.019291699,0.018181803,6.911092e-05,-8.455143451690674,-8.455143451690674,1.0
4630000,-0.43488216,1.5350828,1415.6666666666667,0.01350134,0.01987185,6.8594934e-05,-8.358667198154661,-8.358667198154661,1.0
4640000,-0.4197042,1.5347564,1507.8,0.01214902,0.025397496,6.803303e-05,-5.642267054319381,-5.642267054319381,1.0
4650000,-0.3669006,1.5343469,394.0,None,None,None,-3.2282502404414117,-3.2282502404414117,1.0
4660000,-0.40903115,1.5339807,None,0.010365872,0.030660221,6.746093e-05,None,None,1.0
4670000,-0.4218266,1.5337313,1999.0,0.009094502,0.022664506,6.692333e-05,-9.996000528335571,-9.996000528335571,1.0
4680000,-0.3964143,1.533544,1423.6,0.010100593,0.02047935,6.640014e-05,-5.651500374078751,-5.651500374078751,1.0
4690000,-0.42505935,1.5332977,1081.0,0.00952647,0.030534388,6.5837485e-05,-5.4904288692133765,-5.4904288692133765,1.0
4700000,-0.5523671,1.5331274,825.3333333333334,0.035368502,0.040238358,6.5306645e-05,-4.3782730104232375,-4.3782730104232375,1.0
4710000,-0.6202238,1.5336591,1999.0,0.008205569,0.027841715,6.4788845e-05,-9.220222890377045,-9.220222890377045,1.0
4720000,-0.51269305,1.534109,1430.3333333333333,0.027851325,0.08180379,6.422874e-05,-6.264444854524401,-6.264444854524401,1.0
4730000,-0.56992066,1.5348635,742.0,0.011328924,0.02242508,6.36637e-05,-3.045333445072174,-3.045333445072174,1.0
4740000,-0.416989,1.5353253,1380.5,0.008872415,0.06569477,6.3095635e-05,-6.070667028427124,-6.070667028427124,1.0
4750000,-0.5110732,1.5358547,1315.6,0.029114574,0.05900376,6.257198e-05,-5.514333727955818,-5.514333727955818,1.0
4760000,-0.37715405,1.5359408,1307.0,0.021072766,0.025614256,6.2015795e-05,-2.0790001352628074,-2.0790001352628074,1.0
4770000,-0.3671819,1.5361304,26.0,None,None,None,-4.398833682139714,-4.398833682139714,1.0
4780000,-0.39744067,1.5361274,1352.3333333333333,0.017085033,0.023569163,6.148135e-05,-6.65455608897739,-6.65455608897739,1.0
4790000,-0.42856833,1.5364876,1999.0,0.0071628112,0.025367904,6.0949133e-05,-9.996000528335571,-9.996000528335571,1.0
4800000,-0.42730412,1.536653,1346.5,0.008092922,0.019186966,6.0425933e-05,-5.984750407437484,-5.984750407437484,1.0
4810000,-0.42388487,1.5363914,1999.0,0.012334617,0.03205509,5.9840637e-05,-9.663667360941568,-9.663667360941568,1.0
4820000,-0.40168494,1.5359151,1295.6,0.016232125,0.025523238,5.9325692e-05,-4.60125029583772,-4.60125029583772,1.0
4830000,-0.42442617,1.5358471,None,0.0102072675,0.017664604,5.8798578e-05,-8.999000698328018,-8.999000698328018,1.0
4840000,-0.40317935,1.5359925,1353.3333333333333,0.016805312,0.02047553,5.8268182e-05,-5.992222673363155,-5.992222673363155,1.0
4850000,-0.42386663,1.5358822,1103.2,0.014752625,0.027734566,5.774003e-05,-3.481583595275879,-3.481583595275879,1.0
4860000,-0.4445912,1.5352709,1700.5,0.0388433,0.02656824,5.7207388e-05,-8.225222713417477,-8.225222713417477,1.0
4870000,-0.44665432,1.535013,1833.6666666666667,0.015490745,0.019737154,5.663933e-05,-8.503667228751713,-8.503667228751713,1.0
4880000,-0.46440747,1.5345597,None,0.01994259,0.019069647,5.6101733e-05,None,None,1.0
4890000,-0.45663235,1.5344787,1439.0,0.0130250035,0.025450224,5.552333e-05,-5.540571766240256,-5.540571766240256,1.0
4900000,-0.44912803,1.5346802,484.0,0.016439999,0.020902425,5.5001026e-05,-3.0670002102851868,-3.0670002102851868,1.0
4910000,-0.44292882,1.5345473,1999.0,None,None,None,-9.999000787734985,-9.999000787734985,1.0
4920000,-0.39477634,1.5345082,1203.6,0.012776401,0.022376155,5.4470627e-05,-5.093357440084219,-5.093357440084219,1.0
4930000,-0.43205687,1.5347873,1043.25,0.006537167,0.022860777,5.395118e-05,-9.220556242598427,-9.220556242598427,1.0
4940000,-0.38111967,1.534857,1333.3333333333333,0.007615757,0.020224255,5.340865e-05,-3.7766001878927153,-3.7766001878927153,1.0
4950000,-0.4396688,1.5351874,None,0.00981067,0.024572603,5.2877785e-05,None,None,1.0
4960000,-0.41839933,1.535218,1490.0,0.009332773,0.021337992,5.236118e-05,-6.36841706186533,-6.36841706186533,1.0
4970000,-0.42182395,1.5351439,1303.25,0.0080195535,0.02393434,5.1835283e-05,-5.5195003760357695,-5.5195003760357695,1.0
4980000,-0.43147096,1.5351648,None,0.009327474,0.020855939,5.127744e-05,None,None,1.0
4990000,-0.40055847,1.5351218,1335.6666666666667,0.009197692,0.023195772,5.0745537e-05,-5.7921115217937365,-5.7921115217937365,1.0
5000000,-0.4315526,1.5350406,1314.0,0.008393257,0.019328672,5.019744e-05,-4.111000254750252,-4.111000254750252,1.0
5010000,-0.41504174,1.5350592,1999.0,0.008410581,0.02329249,4.967423e-05,-9.197000634670257,-9.197000634670257,1.0
5020000,-0.68209726,1.5352689,1342.5,0.014664635,0.05750497,4.9117596e-05,-6.547333672642708,-6.547333672642708,1.0
5030000,-0.47829166,1.5357295,1607.0,0.00568322,0.02567234,4.8601578e-05,-7.569933764139811,-7.569933764139811,1.0
5040000,-0.5289867,1.536058,1026.0,0.016213674,0.059145857,4.8064285e-05,-4.4658336490392685,-4.4658336490392685,1.0
5050000,-0.56666154,1.5363308,1155.5,None,None,None,-4.779000212748845,-4.779000212748845,1.0
5060000,-0.42858142,1.5364418,1370.0,0.012711121,0.055623036,4.7486934e-05,-5.912600377202034,-5.912600377202034,1.0
5070000,-0.45711318,1.5364518,1056.0,0.0178682,0.023177663,4.6971527e-05,-5.098375398665667,-5.098375398665667,1.0
5080000,-0.42353612,1.5364673,1010.5,0.009873806,0.03466727,4.6424022e-05,-4.388833651940028,-4.388833651940028,1.0
5090000,-0.44734627,1.5365332,1999.0,0.01346329,0.026225736,4.589019e-05,-8.997000594933828,-8.997000594933828,1.0
5100000,-0.44639185,1.5366554,1104.0,0.0072307223,0.026065195,4.5359793e-05,-5.021500195066134,-5.021500195066134,1.0
5110000,-0.4399115,1.5367035,1473.6,0.010127559,0.02432216,4.482955e-05,-6.196384980128362,-6.196384980128362,1.0
5120000,-0.39937842,1.5366591,768.6666666666666,0.0076256166,0.021503778,4.4306347e-05,-4.418636611916802,-4.418636611916802,1.0
5130000,-0.40611225,1.5365572,1999.0,0.010109255,0.028291639,4.3736796e-05,-9.163167208433151,-9.163167208433151,1.0
5140000,-0.4228345,1.5363697,1191.0,0.008846225,0.022819519,4.3165433e-05,-6.312571746962411,-6.312571746962411,1.0
5150000,-0.38580522,1.5363398,1341.75,0.0062490073,0.026289681,4.2605487e-05,-5.601000365885821,-5.601000365885821,1.0
5160000,-0.41005105,1.5362881,672.0,0.013328733,0.028217914,4.20706e-05,-3.905333533883095,-3.905333533883095,1.0
5170000,-0.3657486,1.5361735,1000.5,0.009786687,0.016604546,4.1539748e-05,-4.1721669640392065,-4.1721669640392065,1.0
5180000,-0.4119091,1.5361907,1019.6666666666666,0.011205194,0.024974117,4.1003652e-05,-4.2124446133772535,-4.2124446133772535,1.0
5190000,-0.42152724,1.5363463,1999.0,None,None,None,-8.997800636291505,-8.997800636291505,1.0
5200000,-0.4210439,1.536461,1090.5,0.009110742,0.022503585,4.0480427e-05,-5.818857525076185,-5.818857525076185,1.0
5210000,-0.4292884,1.5365124,1503.0,0.008359809,0.023369752,3.992258e-05,-6.383091322400353,-6.383091322400353,1.0
5220000,-0.41079828,1.5365545,1014.0,0.012815317,0.017935673,3.940418e-05,-4.9191431019987375,-4.9191431019987375,1.0
5230000,-0.39717203,1.5365851,918.0,0.0043939245,0.027742693,3.88765e-05,-3.702778019424942,-3.702778019424942,1.0
5240000,-0.4219882,1.5365794,1077.5,0.016202733,0.026010323,3.832583e-05,-4.223333651820819,-4.223333651820819,1.0
5250000,-0.43352294,1.5365024,1079.0,0.009024238,0.029250124,3.779543e-05,-4.899000371495883,-4.899000371495883,1.0
5260000,-0.4325324,1.5364486,1852.3333333333333,0.007736787,0.026426608,3.7248246e-05,-8.59833399951458,-8.59833399951458,1.0
5270000,-0.41165343,1.5360862,736.0,0.006980272,0.02528072,3.672145e-05,-3.015666881783141,-3.015666881783141,1.0
5280000,-0.42066374,1.5359485,1619.0,0.012063705,0.026472826,3.6139583e-05,-6.432333727677663,-6.432333727677663,1.0
5290000,-0.6031287,1.5355748,None,0.009235016,0.023483332,3.5602003e-05,None,None,1.0
5300000,-0.44925985,1.5354474,1933.6,0.007690593,0.02713426,3.5072637e-05,-8.802933887640636,-8.802933887640636,1.0
5310000,-0.6344373,1.5354632,979.0,0.020285701,0.12161197,3.4509532e-05,0.15300006667772928,0.15300006667772928,1.0
5320000,-0.43407166,1.5358503,1057.5,None,None,None,-5.621111505561405,-5.621111505561405,1.0
5330000,-0.8413536,1.53612,1375.75,0.02396528,0.02094828,3.392349e-05,-5.779273119839755,-5.779273119839755,1.0
5340000,-0.66653234,1.5361755,1691.0,0.07276147,0.063794486,3.3404638e-05,-8.11130051612854,-8.11130051612854,1.0
5350000,-0.3956449,1.5359555,811.3333333333334,0.031057548,0.032025073,3.288085e-05,-3.392333620124393,-3.392333620124393,1.0
5360000,-0.3958737,1.5356563,1149.0,0.015875448,0.024172565,3.235449e-05,-4.247500206033389,-4.247500206033389,1.0
5370000,-0.39987397,1.5356241,1779.0,0.012290891,0.022273835,3.1819294e-05,-7.2303338547547655,-7.2303338547547655,1.0
5380000,-0.425557,1.5356923,None,0.014296962,0.026596196,3.128169e-05,None,None,1.0
5390000,-0.39329934,1.5357212,1198.0,0.010297074,0.02891106,3.0752046e-05,-5.215222597122192,-5.215222597122192,1.0
5400000,-0.3629305,1.5356146,1149.4285714285713,0.011444594,0.023690393,3.0219695e-05,-4.987666998945532,-4.987666998945532,1.0
5410000,-0.50119126,1.5355192,1999.0,0.009847242,0.027174544,2.969499e-05,-8.665667335192362,-8.665667335192362,1.0
5420000,-0.5919079,1.5353951,1999.0,0.027059477,0.024551546,2.9157385e-05,-9.496500561634699,-9.496500561634699,1.0
5430000,-0.70190644,1.535225,1999.0,0.009705859,0.023897247,2.8641405e-05,-9.999000787734985,-9.999000787734985,1.0
5440000,-0.38732696,1.5352437,1337.6666666666667,0.016620805,0.081276074,2.8115797e-05,-5.912889248794979,-5.912889248794979,1.0
5450000,-0.6492859,1.5355234,None,0.011672245,0.08375573,2.7578195e-05,None,None,1.0
5460000,-0.44395253,1.5356984,1451.5,0.012065088,0.027636152,2.70478e-05,-5.236555920706855,-5.236555920706855,1.0
5470000,-0.6244938,1.5356925,1505.0,None,None,None,-7.2212004671494165,-7.2212004671494165,1.0
5480000,-0.40054226,1.5354823,804.3333333333334,0.010191839,0.024402667,2.6494286e-05,-2.277875140309334,-2.277875140309334,1.0
5490000,-0.39715576,1.5355333,905.0,0.016246764,0.024111573,2.5978294e-05,-4.2556156137814884,-4.2556156137814884,1.0
5500000,-0.41644663,1.5355511,1999.0,0.015097322,0.020461274,2.54347e-05,-8.831334009766579,-8.831334009766579,1.0
5510000,-0.40094605,1.5355808,978.0,0.013393995,0.016984373,2.4911486e-05,-4.004444715049532,-4.004444715049532,1.0
5520000,-0.40673968,1.5356632,679.0,0.008095218,0.013697968,2.439414e-05,-2.729333450396856,-2.729333450396856,1.0
5530000,-0.41348246,1.5357394,1066.5,0.010883033,0.023342324,2.3811548e-05,-4.688454885374416,-4.688454885374416,1.0
5540000,-0.41579252,1.5357915,1999.0,0.0072901836,0.024107922,2.3267647e-05,-4.221500277519226,-4.221500277519226,1.0
5550000,-0.39839098,1.5358562,1396.6666666666667,0.009088379,0.02817796,2.2744434e-05,-6.286400344967842,-6.286400344967842,1.0
5560000,-0.41089436,1.5358677,1334.3333333333333,0.006718195,0.020140234,2.2198594e-05,-6.206500396877527,-6.206500396877527,1.0
5570000,-0.37467685,1.5359981,745.6,0.00893462,0.025454093,2.166505e-05,-2.6643335004647573,-2.6643335004647573,1.0
5580000,-0.39168245,1.5359985,935.8,0.012467611,0.026315685,2.1108242e-05,-3.681600290040175,-3.681600290040175,1.0
5590000,-0.40954122,1.5359833,1999.0,0.014114043,0.025516441,2.0559242e-05,-8.996000508467356,-8.996000508467356,1.0
5600000,-0.38905746,1.5359404,1129.0,None,None,None,-4.7581114239162865,-4.7581114239162865,1.0
5610000,-0.41447785,1.5358593,1121.5,0.0076028397,0.023536224,1.9973952e-05,-4.942333626250426,-4.942333626250426,1.0
5620000,-0.40107837,1.535673,None,0.01065411,0.02753366,1.945405e-05,None,None,1.0
5630000,-0.43642092,1.535695,1999.0,0.011275834,0.026459938,1.8916446e-05,-9.330333987871805,-9.330333987871805,1.0
5640000,-0.43428427,1.535751,1957.5,0.0050613657,0.024415338,1.838605e-05,-8.290500536561012,-8.290500536561012,1.0
5650000,-0.36251444,1.5358125,1336.6666666666667,0.0056215515,0.020494943,1.780569e-05,-6.019833772960636,-6.019833772960636,1.0
5660000,-0.42299443,1.535923,567.5,0.00610048,0.024579853,1.7285789e-05,-1.1323333779970806,-1.1323333779970806,1.0
5670000,-0.40442204,1.5359173,1602.0,0.010678453,0.023820944,1.670289e-05,-5.345750261098146,-5.345750261098146,1.0
5680000,-0.40372655,1.535864,1603.6,0.013850438,0.018095287,1.6187947e-05,-6.948000414030893,-6.948000414030893,1.0
5690000,-0.39802107,1.5358402,275.0,0.01262402,0.01724995,1.5619904e-05,-4.425800228118897,-4.425800228118897,1.0
5700000,-0.36265683,1.5358361,698.0,0.011775284,0.022013545,1.5074949e-05,-2.4920001460446253,-2.4920001460446253,1.0
5710000,-0.4280925,1.5358027,1699.0,None,None,None,-7.331333776315053,-7.331333776315053,1.0
5720000,-0.421601,1.5358113,1862.5,0.010818555,0.023463177,1.4488138e-05,-8.314500530560812,-8.314500530560812,1.0
5730000,-0.35651982,1.5357438,532.0,0.007879998,0.02710608,1.3929094e-05,-1.6640001436074574,-1.6640001436074574,1.0
5740000,-0.42075017,1.5357164,1515.75,0.015882803,0.023981709,1.3388343e-05,-6.1090004377894935,-6.1090004377894935,1.0
5750000,-0.41884804,1.5357304,None,0.0048393467,0.024560122,1.28622905e-05,-8.999000698328018,-8.999000698328018,1.0
5760000,-0.7259554,1.5357758,1999.0,0.005011302,0.027317595,1.2339097e-05,-9.332334051529566,-9.332334051529566,1.0
5770000,-0.3854171,1.5357054,1514.8,0.02202556,0.030734487,1.1806308e-05,-6.643467100461324,-6.643467100461324,1.0
5780000,-0.63242406,1.5355865,1275.6666666666667,0.011888053,0.024118068,1.1279052e-05,-4.9556669890880585,-4.9556669890880585,1.0
5790000,-0.38897017,1.5355184,1057.5,0.016705012,0.025749123,1.07638e-05,-3.920143050806863,-3.920143050806863,1.0
5800000,-0.5776802,1.535539,None,0.014562268,0.023193466,1.0233403e-05,-9.997000694274902,-9.997000694274902,1.0
5810000,-0.55844504,1.5355513,1999.0,0.009441801,0.024480645,9.695799e-06,-9.397200536727905,-9.397200536727905,1.0
5820000,-0.3971769,1.5355428,853.25,0.008424229,0.020227013,9.163739e-06,-4.694000399112701,-4.694000399112701,1.0
5830000,-0.3954811,1.535452,1239.0,0.010635699,0.024527775,8.609791e-06,-4.444600305954615,-4.444600305954615,1.0
5840000,-0.40975502,1.5354254,1669.0,0.0084499605,0.018419882,8.058849e-06,-6.910111639234755,-6.910111639234755,1.0
5850000,-0.39027825,1.5353941,1076.0,0.010174734,0.021356422,7.505349e-06,-4.8825003653764725,-4.8825003653764725,1.0
5860000,-0.40635753,1.5353665,921.3333333333334,None,None,None,-5.122166934733589,-5.122166934733589,1.0
5870000,-0.4242831,1.5353655,753.0,0.012839173,0.024219396,6.943892e-06,-3.4326669176419577,-3.4326669176419577,1.0
5880000,-0.45591325,1.5353767,None,0.008227466,0.014836846,6.370005e-06,None,None,1.0
5890000,-0.41993502,1.5354115,1893.3333333333333,0.004825984,0.018935958,5.8324026e-06,-8.357889387342665,-8.357889387342665,1.0
5900000,-0.4322889,1.5354348,1160.8,0.007360198,0.019031297,5.282494e-06,-5.9935004487633705,-5.9935004487633705,1.0
5910000,-0.36441666,1.5354357,698.0,0.010524039,0.017454345,4.7095036e-06,-2.385500102614363,-2.385500102614363,1.0
5920000,-0.43098274,1.5354397,1999.0,0.009829473,0.025563244,4.192445e-06,-9.497500628232956,-9.497500628232956,1.0
5930000,-0.40417948,1.53544,1335.6666666666667,0.011287484,0.026820837,3.6677518e-06,-6.013667075998253,-6.013667075998253,1.0
5940000,-0.38544202,1.5354338,1093.3333333333333,0.006892848,0.032995544,3.1373545e-06,-4.357889144784874,-4.357889144784874,1.0
5950000,-0.42753005,1.5354292,None,0.010680436,0.029473744,2.5608938e-06,None,None,1.0
5960000,-0.3602584,1.5354403,1001.0,0.011274634,0.02227927,2.0304956e-06,-4.174167026455204,-4.174167026455204,1.0
5970000,-0.429974,1.5354542,1971.3333333333333,0.0061240406,0.021493476,1.5066968e-06,-9.331334044535955,-9.331334044535955,1.0
5980000,-0.4081823,1.5354582,1999.0,None,None,None,-8.636444985866547,-8.636444985866547,1.0
5990000,-0.37043604,1.5354549,818.4,0.012473449,0.02351016,9.2635594e-07,-3.7608669261137644,-3.7608669261137644,1.0
6000000,-0.38725716,1.5354569,1079.6,0.01194625,0.01910135,3.88591e-07,-4.3339336037635805,-4.3339336037635805,1.0
