Steps,Policy/Entropy,Environment/Episode Length,Policy/Extrinsic Value Estimate,Environment/Cumulative Reward,Policy/Extrinsic Reward,Is Training
10000,1.4189384,346.0,-7.5511284,-0.06733329097429912,-0.06733329097429912,1.0
20000,1.4157118,None,-7.186869,None,None,1.0
30000,1.4137298,None,-5.21131,None,None,1.0
40000,1.4098866,1410.0,-5.8650074,-5.384333521127701,-5.384333521127701,1.0
50000,1.4077598,None,-5.818041,None,None,1.0
60000,1.4039268,1963.75,-7.8467937,-7.721857692514147,-7.721857692514147,1.0
70000,1.4015404,813.4,-4.9148455,-9.409091578288512,-9.409091578288512,1.0
80000,1.3976098,508.2,-5.7878423,-1.9211580321977013,-1.9211580321977013,1.0
90000,1.3939756,590.0,-5.444427,-1.9510000546773274,-1.9510000546773274,1.0
100000,1.3934491,None,-3.6681468,None,None,1.0
110000,1.3914483,1392.5,-5.6092334,-5.631667027870814,-5.631667027870814,1.0
120000,1.3910712,None,-2.7113998,None,None,1.0
130000,1.3907335,1927.0,-5.8648033,-9.566750526428223,-9.566750526428223,1.0
140000,1.3905085,1667.5,-2.161423,-7.483222723007202,-7.483222723007202,1.0
150000,1.3885006,1999.0,13.978711,-9.247500650584698,-9.247500650584698,1.0
160000,1.3871568,1999.0,17.601269,-9.329333782196045,-9.329333782196045,1.0
170000,1.3861693,305.5,-0.9729035,-0.6966666877269745,-0.6966666877269745,1.0
180000,1.3834516,1654.0,-0.8764333,-7.974555989106496,-7.974555989106496,1.0
190000,1.381799,1530.0,-2.1151853,-5.742500339945157,-5.742500339945157,1.0
200000,1.3838893,None,-1.7121073,None,None,1.0
210000,1.3858627,1310.1666666666667,-4.479784,-6.198529809713364,-6.198529809713364,1.0
220000,1.3911126,792.0,-1.0165834,-3.02490014731884,-3.02490014731884,1.0
230000,1.3940924,None,-5.0911746,None,None,1.0
240000,1.3968675,1787.2,-0.5825289,-7.507083850602309,-7.507083850602309,1.0
250000,1.3984758,1999.0,-4.303989,-9.662667155265808,-9.662667155265808,1.0
260000,1.400515,767.0,-0.85620314,-1.7090000212192535,-1.7090000212192535,1.0
270000,1.401373,1999.0,-2.033156,-7.237200331687927,-7.237200331687927,1.0
280000,1.4035202,1169.0,-0.51239365,-5.346000234285991,-5.346000234285991,1.0
290000,1.4024442,1481.4,-2.510793,-6.477267148097356,-6.477267148097356,1.0
300000,1.405291,None,-0.6169,None,None,1.0
310000,1.404503,1999.0,2.8186817,-9.496000488599142,-9.496000488599142,1.0
320000,1.4001727,1093.6666666666667,-0.5581202,-7.499000549316406,-7.499000549316406,1.0
330000,1.398166,1999.0,-0.68889,-5.290833632151286,-5.290833632151286,1.0
340000,1.3975844,1999.0,-0.60610616,-8.999000668525696,-8.999000668525696,1.0
350000,1.3960001,1999.0,-0.6318018,-8.996000468730927,-8.996000468730927,1.0
360000,1.3950806,1627.0,-0.53163475,-7.604667206605275,-7.604667206605275,1.0
370000,1.3928952,None,-0.49924588,None,None,1.0
380000,1.3931963,1999.0,-0.46028328,-8.996000428994497,-8.996000428994497,1.0
390000,1.3954908,1186.5,-0.46396244,-6.280733728408814,-6.280733728408814,1.0
400000,1.3948617,1992.3333333333333,-0.42409402,-9.186889350414276,-9.186889350414276,1.0
410000,1.3940156,None,-0.6496756,None,None,1.0
420000,1.3937724,None,-0.41989267,None,None,1.0
430000,1.3912926,1525.75,-1.0589277,-6.881500442822774,-6.881500442822774,1.0
440000,1.3924054,1999.0,-0.48274297,-9.665667414665222,-9.665667414665222,1.0
450000,1.3930382,None,-0.4777201,None,None,1.0
460000,1.3937584,1999.0,-0.44381613,-9.354429168360573,-9.354429168360573,1.0
470000,1.394651,1999.0,-0.28751916,-9.854857802391052,-9.854857802391052,1.0
480000,1.3967268,907.25,-0.30020484,-4.039500258862972,-4.039500258862972,1.0
490000,1.3999568,None,-0.1789471,None,None,1.0
500000,1.3997875,1205.0,-0.12567972,-4.618333634920418,-4.618333634920418,1.0
510000,1.4007022,1517.0,0.4103691,-7.613889452483919,-7.613889452483919,1.0
520000,1.4011545,1487.0,-0.26934552,-6.548111451996697,-6.548111451996697,1.0
530000,1.3997632,1673.0,-0.3217412,-7.032667239507039,-7.032667239507039,1.0
540000,1.3991144,1010.5,-0.31874305,-4.56025031208992,-4.56025031208992,1.0
550000,1.3988627,1999.0,-0.34507662,-8.461818738417191,-8.461818738417191,1.0
560000,1.3983124,None,-0.3639367,None,None,1.0
570000,1.3996493,1222.5,-0.36897326,-3.67375011742115,-3.67375011742115,1.0
580000,1.4010367,1335.6666666666667,-0.3836933,-6.556454988365823,-6.556454988365823,1.0
590000,1.4017531,1515.5,-0.38192433,-6.913333751261234,-6.913333751261234,1.0
600000,1.403312,1691.6666666666667,-0.3808981,-7.348222663005193,-7.348222663005193,1.0
610000,1.4038858,None,-0.3871462,None,None,1.0
620000,1.4033737,1154.0,-0.40662703,-6.219000434875488,-6.219000434875488,1.0
630000,1.4033613,1040.5,-0.39773938,-3.681857313428606,-3.681857313428606,1.0
640000,1.4035828,1591.3333333333333,-0.39234257,-7.180555949608485,-7.180555949608485,1.0
650000,1.4045664,1503.25,-0.41464296,-7.019000492990017,-7.019000492990017,1.0
660000,1.4060929,1999.0,-0.45183522,-9.49900072813034,-9.49900072813034,1.0
670000,1.4067223,1525.0,-0.41126835,-6.592636696316979,-6.592636696316979,1.0
680000,1.4058754,313.5,-0.402755,-2.926875114440918,-2.926875114440918,1.0
690000,1.4067093,1096.0,-0.39037582,-5.148667057355245,-5.148667057355245,1.0
700000,1.4064894,1999.0,-0.4382132,-9.16466736793518,-9.16466736793518,1.0
710000,1.4067378,902.4,-0.40390745,-2.901000114587637,-2.901000114587637,1.0
720000,1.4060869,1999.0,-0.38125864,-9.269455129450018,-9.269455129450018,1.0
730000,1.4073701,119.0,-0.4149942,-0.26266664266586304,-0.26266664266586304,1.0
740000,1.4084853,1160.75,-0.35962746,-4.878272977064956,-4.878272977064956,1.0
750000,1.4087425,1180.4,-0.3929266,-4.904133615891139,-4.904133615891139,1.0
760000,1.4087849,1031.0,-0.38453197,-3.7884002923965454,-3.7884002923965454,1.0
770000,1.4086641,139.0,-0.38168648,-3.4170002222061155,-3.4170002222061155,1.0
780000,1.4085485,1560.0,-0.4383674,-6.579444848828846,-6.579444848828846,1.0
790000,1.4079454,1999.0,-0.40773883,-8.996000428994497,-8.996000428994497,1.0
800000,1.405491,1229.0,-0.4033352,-5.312666883071263,-5.312666883071263,1.0
810000,1.4036093,1999.0,-0.43697804,-9.329333821932474,-9.329333821932474,1.0
820000,1.4041963,1355.6666666666667,-0.43754247,-6.113667084111108,-6.113667084111108,1.0
830000,1.404789,1169.7142857142858,-0.41196522,-5.136857418786912,-5.136857418786912,1.0
840000,1.4059925,1999.0,-0.41837502,-8.997000654538473,-8.997000654538473,1.0
850000,1.406502,1999.0,-0.43439338,-8.997000575065613,-8.997000575065613,1.0
860000,1.4055827,562.3333333333334,-0.46594703,-1.9247778587871127,-1.9247778587871127,1.0
870000,1.4056525,1999.0,-0.4541514,-9.329333782196045,-9.329333782196045,1.0
880000,1.4056098,1999.0,-0.44624224,-9.996000528335571,-9.996000528335571,1.0
890000,1.4065917,1820.5,-0.42562544,-7.803286250148501,-7.803286250148501,1.0
900000,1.406619,1267.5714285714287,-0.43977287,-4.953055875168906,-4.953055875168906,1.0
910000,1.4062985,1022.5,-0.42413816,-6.076000438796149,-6.076000438796149,1.0
920000,1.4052606,810.5,-0.035874493,-3.387333502372106,-3.387333502372106,1.0
930000,1.4043044,1999.0,-0.39515883,-8.997000608179304,-8.997000608179304,1.0
940000,1.4038064,None,1.7803732,None,None,1.0
950000,1.4029579,None,-0.4256206,None,None,1.0
960000,1.4035441,1309.0,3.7083435,-5.547750289241473,-5.547750289241473,1.0
970000,1.4032301,1535.75,-0.44576782,-7.01383380095164,-7.01383380095164,1.0
980000,1.4032506,1506.5,13.240027,-6.408111519283718,-6.408111519283718,1.0
990000,1.4035392,1326.6666666666667,-0.8416144,-5.60788920852873,-5.60788920852873,1.0
1000000,1.4049991,716.0,-0.87291837,-5.6223336309194565,-5.6223336309194565,1.0
1010000,1.4049814,1315.0,-0.7675199,-4.912333647410075,-4.912333647410075,1.0
1020000,1.4050869,None,-0.81171054,None,None,1.0
1030000,1.4062524,1445.3333333333333,-0.59125763,-5.874600341916084,-5.874600341916084,1.0
1040000,1.4073004,1157.0,-0.7575763,-4.955667008956273,-4.955667008956273,1.0
1050000,1.4075632,1999.0,-0.58681405,-9.330333987871805,-9.330333987871805,1.0
1060000,1.4078815,1515.75,-0.6257153,-6.8307504405577975,-6.8307504405577975,1.0
1070000,1.406591,1170.5,-0.49638644,-4.854000190893809,-4.854000190893809,1.0
1080000,1.4057325,1282.0,-0.47720644,-5.080667068560918,-5.080667068560918,1.0
1090000,1.4069397,None,-0.46142378,None,None,1.0
1100000,1.407367,1589.25,-0.5292256,-6.553800302743912,-6.553800302743912,1.0
1110000,1.4068185,1371.6,-0.44793904,-6.220235675573349,-6.220235675573349,1.0
1120000,1.406652,535.0,-0.6116098,-2.012333482503891,-2.012333482503891,1.0
1130000,1.4062599,1334.6666666666667,-0.48989797,-9.198200702667236,-9.198200702667236,1.0
1140000,1.4066421,1338.0,-0.5813407,-4.793461846044431,-4.793461846044431,1.0
1150000,1.4070812,730.8,-0.44794425,-2.5232667843500773,-2.5232667843500773,1.0
1160000,1.4064146,1616.0,-0.74964213,-6.414333740870158,-6.414333740870158,1.0
1170000,1.4052783,1999.0,-0.46097007,-9.996000528335571,-9.996000528335571,1.0
1180000,1.4019588,1999.0,-0.72518134,-9.248250603675842,-9.248250603675842,1.0
1190000,1.4004794,1854.6666666666667,-0.43560296,-7.9430005848407745,-7.9430005848407745,1.0
1200000,1.399868,413.0,-0.6587692,-1.7326666514078777,-1.7326666514078777,1.0
1210000,1.3982711,1872.3333333333333,-0.43793705,-7.87983379761378,-7.87983379761378,1.0
1220000,1.397342,1407.8,-0.55019206,-6.756555994351705,-6.756555994351705,1.0
1230000,1.3956472,1190.0,-0.41458082,-4.8412224716610375,-4.8412224716610375,1.0
1240000,1.3959465,1092.0,-0.38516018,-4.355800211429596,-4.355800211429596,1.0
1250000,1.3958267,None,-0.429735,-6.996000230312347,-6.996000230312347,1.0
1260000,1.3962913,1657.0,-0.4319695,-7.287500411272049,-7.287500411272049,1.0
1270000,1.396254,1275.5,-0.40097558,-4.6556002497673035,-4.6556002497673035,1.0
1280000,1.3963532,1202.0,-0.42749733,-5.724857428244182,-5.724857428244182,1.0
1290000,1.3962594,1305.5,-0.414239,-6.056059229023316,-6.056059229023316,1.0
1300000,1.3964735,1999.0,-0.42546982,-7.941857780729022,-7.941857780729022,1.0
1310000,1.3970536,1999.0,-0.37078094,-8.665667364994684,-8.665667364994684,1.0
1320000,1.3967992,532.6666666666666,-0.4024562,-1.5275713886533464,-1.5275713886533464,1.0
1330000,1.3955897,None,-0.38853735,-3.6490001678466797,-3.6490001678466797,1.0
1340000,1.3942734,1414.6666666666667,-0.4060183,-6.298222631216049,-6.298222631216049,1.0
1350000,1.3918883,1517.6,-0.426982,-6.590600442886353,-6.590600442886353,1.0
1360000,1.3923235,976.4,-0.3926039,-4.434428872806685,-4.434428872806685,1.0
1370000,1.3926469,650.6,-0.33815917,-2.188250094652176,-2.188250094652176,1.0
1380000,1.394317,None,-0.4031246,None,None,1.0
1390000,1.3944688,1340.0,-0.39704034,-4.220666885375977,-4.220666885375977,1.0
1400000,1.3935941,1002.5,-0.4047608,-5.7867781817913055,-5.7867781817913055,1.0
1410000,1.3925515,296.0,-0.4302787,-1.148666759332021,-1.148666759332021,1.0
1420000,1.3917395,1832.5,-0.42678577,-8.081417217850685,-8.081417217850685,1.0
1430000,1.391508,1333.3333333333333,-0.42408064,-5.253125317860395,-5.253125317860395,1.0
1440000,1.3922815,1191.25,-0.39057007,-5.730846456037118,-5.730846456037118,1.0
1450000,1.3917284,707.6666666666666,-0.40459308,-2.7632223897510104,-2.7632223897510104,1.0
1460000,1.3919483,1999.0,-0.58124423,-8.997000634670258,-8.997000634670258,1.0
1470000,1.3913106,1122.3333333333333,-0.42630744,-4.946333603726493,-4.946333603726493,1.0
1480000,1.3904939,1065.6666666666667,-0.7674324,-4.3300002730555,-4.3300002730555,1.0
1490000,1.3903843,1524.3333333333333,-0.42951,-6.735778265529209,-6.735778265529209,1.0
1500000,1.3909143,1999.0,-0.8296267,-8.665667355060577,-8.665667355060577,1.0
1510000,1.3917371,1485.6666666666667,-0.65497977,-6.987889392508401,-6.987889392508401,1.0
1520000,1.3928113,950.6666666666666,-0.41162965,-3.8672780005468264,-3.8672780005468264,1.0
1530000,1.393394,1164.0,-0.5121561,-5.323000321785609,-5.323000321785609,1.0
1540000,1.3936574,1999.0,-0.4963112,-8.997000654538473,-8.997000654538473,1.0
1550000,1.392843,1027.5,-0.4440551,-4.305666993061702,-4.305666993061702,1.0
1560000,1.3921193,1305.5,-0.46598455,-5.698167075713475,-5.698167075713475,1.0
1570000,1.3917767,1999.0,-0.4736848,-8.996000468730927,-8.996000468730927,1.0
1580000,1.3914897,1999.0,-0.4675433,-9.499000787734985,-9.499000787734985,1.0
1590000,1.3918456,1995.0,-0.48698783,-8.893667260805765,-8.893667260805765,1.0
1600000,1.393188,1031.5,-0.46951324,-3.393200258910656,-3.393200258910656,1.0
1610000,1.3931718,9.0,-0.41088352,-3.2270001910626886,-3.2270001910626886,1.0
1620000,1.393231,1866.0,-0.46829447,-6.999333729346593,-6.999333729346593,1.0
1630000,1.3932891,1999.0,-0.47117466,-8.797200560569763,-8.797200560569763,1.0
1640000,1.3932424,1009.0,-0.41569403,-5.469143188425472,-5.469143188425472,1.0
1650000,1.3933933,1160.5,-0.4410357,-4.879909470677376,-4.879909470677376,1.0
1660000,1.3926119,1257.0,-0.40518686,-5.769187831319869,-5.769187831319869,1.0
1670000,1.3918376,1999.0,-0.40303302,-9.164667338132858,-9.164667338132858,1.0
1680000,1.3928674,644.75,-0.6066484,-2.4765001721680164,-2.4765001721680164,1.0
1690000,1.3930614,1999.0,-0.41558495,-8.996000468730927,-8.996000468730927,1.0
1700000,1.394234,1876.0,-0.43111992,-8.2855004966259,-8.2855004966259,1.0
1710000,1.3964717,None,-0.4409357,None,None,1.0
1720000,1.3979268,1948.0,-0.42541403,-8.74333397547404,-8.74333397547404,1.0
1730000,1.3986905,1540.0,-0.4390707,-9.552556137243906,-9.552556137243906,1.0
1740000,1.3993361,681.0,-0.4039425,-2.2597501426935196,-2.2597501426935196,1.0
1750000,1.4011754,1517.5,-0.41354966,-6.923333803812663,-6.923333803812663,1.0
1760000,1.4024792,1556.0,-0.42755947,-4.566000302632649,-4.566000302632649,1.0
1770000,1.4024882,996.6666666666666,-0.41091725,-5.555727590214122,-5.555727590214122,1.0
1780000,1.4030893,875.0,-0.4148524,-2.4707500487565994,-2.4707500487565994,1.0
1790000,1.4019364,1865.5,-0.4169449,-8.164833943049112,-8.164833943049112,1.0
1800000,1.4000244,1214.6666666666667,-0.39631125,-4.964555793338352,-4.964555793338352,1.0
1810000,1.3997473,1083.0,-0.4160471,-4.917250302930673,-4.917250302930673,1.0
1820000,1.3984805,1558.0,-0.39992738,-6.536100316047668,-6.536100316047668,1.0
1830000,1.3983577,None,-0.39796665,-6.579000532627106,-6.579000532627106,1.0
1840000,1.3988521,1999.0,-0.44385868,-9.596600580215455,-9.596600580215455,1.0
1850000,1.3994915,969.0,-0.3914193,-4.1535716738019675,-4.1535716738019675,1.0
1860000,1.3998854,1999.0,-0.3953229,-8.665667374928793,-8.665667374928793,1.0
1870000,1.4006981,1999.0,-0.38301703,-8.999000668525696,-8.999000668525696,1.0
1880000,1.4007033,1299.0,-0.39533073,-5.689923458374464,-5.689923458374464,1.0
1890000,1.3993897,1231.625,-0.36824813,-5.244208694746097,-5.244208694746097,1.0
1900000,1.3975873,376.0,-0.37452215,-1.5486665964126587,-1.5486665964126587,1.0
1910000,1.3977721,1999.0,-0.3875068,-8.996000468730927,-8.996000468730927,1.0
1920000,1.3970705,1000.5,-0.3997797,-4.172166954105099,-4.172166954105099,1.0
1930000,1.3973391,1199.0,-0.37253538,-4.999000330766042,-4.999000330766042,1.0
1940000,1.3999056,572.0,-0.38456136,-2.195333480834961,-2.195333480834961,1.0
1950000,1.4011364,1603.8,-0.3989435,-6.808500454894134,-6.808500454894134,1.0
1960000,1.4025803,1999.0,-0.7115496,-9.297200584411621,-9.297200584411621,1.0
1970000,1.403027,938.0,-0.395878,-4.135777996646033,-4.135777996646033,1.0
1980000,1.4037853,1036.6666666666667,-1.1384065,-4.518666903177897,-4.518666903177897,1.0
1990000,1.4045819,1933.0,-0.46870023,-7.999333580334981,-7.999333580334981,1.0
2000000,1.405942,1375.6666666666667,-1.4973226,-6.3254448837704125,-6.3254448837704125,1.0
2010000,1.4068986,1000.5,-0.7873514,-4.172166983907421,-4.172166983907421,1.0
2020000,1.4065329,1485.5,-0.41579407,-5.147000156342983,-5.147000156342983,1.0
2030000,1.4054232,987.0,-0.8467923,-5.039182131940668,-5.039182131940668,1.0
2040000,1.4052988,1346.6666666666667,-0.38653287,-5.8457781010203895,-5.8457781010203895,1.0
2050000,1.4045016,1435.4,-0.9101735,-6.179800393184026,-6.179800393184026,1.0
2060000,1.4049118,None,-0.38245636,None,None,1.0
2070000,1.4039502,1999.0,-0.3795014,-9.997000694274902,-9.997000694274902,1.0
2080000,1.4037933,1675.5,-0.39340505,-7.5353755205869675,-7.5353755205869675,1.0
2090000,1.4058393,1280.0,-0.38651568,-5.403333644072215,-5.403333644072215,1.0
2100000,1.4069806,1852.3333333333333,-0.39495704,-7.564167166749637,-7.564167166749637,1.0
2110000,1.4059715,1999.0,-0.46656576,-9.330333968003591,-9.330333968003591,1.0
2120000,1.404522,1999.0,-0.4158895,-8.569286384752818,-8.569286384752818,1.0
2130000,1.4037563,750.5,-0.4344525,-4.440125226974487,-4.440125226974487,1.0
2140000,1.4034615,1005.5,-0.3962665,-4.531500230232875,-4.531500230232875,1.0
2150000,1.4038477,1699.0,-0.417692,-7.831667211320665,-7.831667211320665,1.0
2160000,1.4032422,1999.0,-0.43349284,-8.499000608921051,-8.499000608921051,1.0
2170000,1.4033414,1999.0,-0.42370468,-9.197800660133362,-9.197800660133362,1.0
2180000,1.4041339,531.6666666666666,-0.38468415,-2.8592001900076864,-2.8592001900076864,1.0
2190000,1.4053376,1014.0,-0.4226422,-4.827571788004467,-4.827571788004467,1.0
2200000,1.4054652,1463.25,-0.40940437,-6.019222663508521,-6.019222663508521,1.0
2210000,1.4054244,1039.0,-0.36940378,-4.93480034271876,-4.93480034271876,1.0
2220000,1.4053117,1999.0,-0.41125202,-8.997000575065613,-8.997000575065613,1.0
2230000,1.4052268,1582.0,-0.39838552,-6.746333733201027,-6.746333733201027,1.0
2240000,1.4048059,1503.3333333333333,-0.39845073,-5.964111467202504,-5.964111467202504,1.0
2250000,1.4044329,1103.0,-0.39458287,-4.516000201304753,-4.516000201304753,1.0
2260000,1.4042195,1290.0,-0.40609905,-5.349750258028507,-5.349750258028507,1.0
2270000,1.4036548,1412.5,-0.4148459,-5.0951431180749625,-5.0951431180749625,1.0
2280000,1.4043467,1094.4,-0.3508323,-4.674400307734808,-4.674400307734808,1.0
2290000,1.4045311,924.0,-0.39778152,-3.6172001540660856,-3.6172001540660856,1.0
2300000,1.4051778,1129.25,-0.34306303,-4.933643160121782,-4.933643160121782,1.0
2310000,1.4071596,727.5,-0.38869932,-2.4733335077762604,-2.4733335077762604,1.0
2320000,1.4070027,None,-0.3684174,None,None,1.0
2330000,1.4060158,1683.5,-0.41299397,-6.599750325083733,-6.599750325083733,1.0
2340000,1.4053195,1509.0,-0.38669035,-6.154273095456037,-6.154273095456037,1.0
2350000,1.4052305,759.0,-0.43848825,-4.7878753785043955,-4.7878753785043955,1.0
2360000,1.4055306,1155.0,-0.39063728,-4.908384920312808,-4.908384920312808,1.0
2370000,1.405675,1347.6666666666667,-0.38845065,-5.583375263959169,-5.583375263959169,1.0
2380000,1.4056551,1321.8,-0.3464027,-5.3696432156222205,-5.3696432156222205,1.0
2390000,1.4056113,539.0,-0.36561382,-4.416000264883041,-4.416000264883041,1.0
2400000,1.4054906,447.5,-0.3641379,-1.5723333929975827,-1.5723333929975827,1.0
2410000,1.4054381,435.0,-0.37204316,-0.5123332540194193,-0.5123332540194193,1.0
2420000,1.404623,1605.6,-0.38396358,-6.621583727498849,-6.621583727498849,1.0
2430000,1.4034833,1364.6666666666667,-0.40162522,-6.765727698802948,-6.765727698802948,1.0
2440000,1.4019668,980.3333333333334,-0.39821982,-3.641125224530697,-3.641125224530697,1.0
2450000,1.4022663,1114.5,-0.38548023,-5.3502146026917865,-5.3502146026917865,1.0
2460000,1.4022931,800.1666666666666,-0.32725576,-2.8918890601230993,-2.8918890601230993,1.0
2470000,1.4015625,1999.0,-0.43004838,-9.997000694274902,-9.997000694274902,1.0
2480000,1.401834,None,-0.38525003,-9.997000694274902,-9.997000694274902,1.0
2490000,1.4029057,None,-0.4539024,None,None,1.0
2500000,1.4025737,1316.5,-0.40032768,-5.3340002913028,-5.3340002913028,1.0
2510000,1.4024321,1999.0,-0.57069135,-8.662667095661163,-8.662667095661163,1.0
2520000,1.4022171,791.0,-0.37773967,-2.702875167131424,-2.702875167131424,1.0
2530000,1.4017136,1517.142857142857,-0.5032174,-6.768050488829613,-6.768050488829613,1.0
2540000,1.4025689,79.0,-0.35038987,-3.236000180244446,-3.236000180244446,1.0
2550000,1.4021701,782.5,-0.330781,-2.9978335201740265,-2.9978335201740265,1.0
2560000,1.4015462,None,-0.39488924,None,None,1.0
2570000,1.4011309,1003.75,-0.39674288,-4.188166924131413,-4.188166924131413,1.0
2580000,1.4016567,1665.5,-0.40425193,-6.997167110443115,-6.997167110443115,1.0
2590000,1.4018183,1784.3333333333333,-0.391729,-7.047571888991764,-7.047571888991764,1.0
2600000,1.4018219,741.3333333333334,-0.33559433,-4.21545475568961,-4.21545475568961,1.0
2610000,1.4018244,1999.0,-0.42912602,-8.66366720199585,-8.66366720199585,1.0
2620000,1.4021944,1173.3333333333333,-0.36419454,-4.925389172302352,-4.925389172302352,1.0
2630000,1.4022752,None,-0.41040808,None,None,1.0
2640000,1.4017859,1999.0,-0.39429727,-8.999000708262125,-8.999000708262125,1.0
2650000,1.4010807,781.75,-0.39447224,-4.374692647502973,-4.374692647502973,1.0
2660000,1.4001085,1217.8,-0.35405618,-4.731647291604211,-4.731647291604211,1.0
2670000,1.3999783,1352.3333333333333,-0.38252473,-5.763000342581007,-5.763000342581007,1.0
2680000,1.3981577,885.0,-0.43609858,-2.7623333732287088,-2.7623333732287088,1.0
2690000,1.3979503,1661.3333333333333,-0.45198718,-6.630667075514793,-6.630667075514793,1.0
2700000,1.3986098,119.0,-0.40994737,-4.296500235795975,-4.296500235795975,1.0
2710000,1.3989305,None,-0.45842355,None,None,1.0
2720000,1.400165,1999.0,-0.40060186,-9.665667414665222,-9.665667414665222,1.0
2730000,1.4010899,1999.0,-0.5020539,-9.088273351842707,-9.088273351842707,1.0
2740000,1.4013875,867.5714285714286,-0.3339932,-3.7335911253043874,-3.7335911253043874,1.0
2750000,1.4013402,908.0,-0.36511627,-3.543333570162455,-3.543333570162455,1.0
2760000,1.4019753,1999.0,-0.36890063,None,None,1.0
2770000,1.4025991,1034.0,-0.39906204,-6.001889222198063,-6.001889222198063,1.0
2780000,1.4023833,1347.0,-0.39677677,-5.873200362920761,-5.873200362920761,1.0
2790000,1.4019676,None,-0.41420984,-6.062000334262848,-6.062000334262848,1.0
2800000,1.4018289,1759.75,-0.39122066,-6.846778147750431,-6.846778147750431,1.0
2810000,1.4022753,1508.25,-0.34435016,-7.034800506631533,-7.034800506631533,1.0
2820000,1.4030311,1098.25,-0.38442832,-4.134143063000271,-4.134143063000271,1.0
2830000,1.4037114,19.0,-0.35439935,-2.661500146612525,-2.661500146612525,1.0
2840000,1.4040697,1303.25,-0.35729858,-5.2680002599954605,-5.2680002599954605,1.0
2850000,1.4037706,705.5,-0.37444156,-2.530250142018,-2.530250142018,1.0
2860000,1.4035907,1999.0,-0.37394947,-8.665667335192362,-8.665667335192362,1.0
2870000,1.4042916,1650.0,-0.38072842,-7.252333694034153,-7.252333694034153,1.0
2880000,1.4051958,292.0,-0.3948924,-0.7973333398501078,-0.7973333398501078,1.0
2890000,1.4052131,1302.5,-0.41539437,-5.847333649794261,-5.847333649794261,1.0
2900000,1.4049524,1757.5,-0.39908502,-7.540250531087319,-7.540250531087319,1.0
2910000,1.4047741,625.0,-0.40398934,-2.4623334606488547,-2.4623334606488547,1.0
2920000,1.4045825,1629.0,-0.41200137,-6.642444872193867,-6.642444872193867,1.0
2930000,1.4044187,579.3333333333334,-0.3703333,-3.6732502058148384,-3.6732502058148384,1.0
2940000,1.4046082,1139.0,-0.36601782,-4.3064547804268924,-4.3064547804268924,1.0
2950000,1.4056185,1036.0,-0.39910445,-5.012143135070801,-5.012143135070801,1.0
2960000,1.405356,1017.0,-0.372479,-4.086333552996318,-4.086333552996318,1.0
2970000,1.405377,1487.5,-0.38180563,-5.939000298579534,-5.939000298579534,1.0
2980000,1.4057022,927.6666666666666,-0.3602424,-3.7521112826135425,-3.7521112826135425,1.0
2990000,1.4057754,1233.3333333333333,-0.37597203,-5.058889253271951,-5.058889253271951,1.0
3000000,1.4064437,1324.0,-0.3967498,-5.456333776315053,-5.456333776315053,1.0
3010000,1.4066416,529.0,-0.37687448,-0.9823333968718847,-0.9823333968718847,1.0
3020000,1.4048629,1510.4,-0.37668267,-6.753400351603826,-6.753400351603826,1.0
3030000,1.4033877,1028.8333333333333,-0.3780729,-4.201722429858314,-4.201722429858314,1.0
3040000,1.4024,1055.75,-0.41104376,-3.947916860381762,-3.947916860381762,1.0
3050000,1.4019486,None,-0.3732074,None,None,1.0
3060000,1.401169,1115.3333333333333,-0.39078093,-4.02377802795834,-4.02377802795834,1.0
3070000,1.4009902,351.6666666666667,-0.39037803,-0.9818888902664185,-0.9818888902664185,1.0
3080000,1.4011879,1752.0,-0.40751284,-6.916200488805771,-6.916200488805771,1.0
3090000,1.4007038,1341.3333333333333,-0.34540668,-6.336900396645069,-6.336900396645069,1.0
3100000,1.400267,1860.75,-0.3798,-7.806500525524219,-7.806500525524219,1.0
3110000,1.3992708,352.3333333333333,-0.35064426,-1.2084444330798254,-1.2084444330798254,1.0
3120000,1.399024,1432.0,-0.3894339,-5.497333496809006,-5.497333496809006,1.0
3130000,1.3977355,1361.0,-0.3828947,-5.13983357946078,-5.13983357946078,1.0
3140000,1.397342,1999.0,-0.40454426,-8.829333782196045,-8.829333782196045,1.0
3150000,1.3970232,265.5,-0.38418418,-0.8289999713500341,-0.8289999713500341,1.0
3160000,1.3958733,1237.5,-0.33978724,-5.106166936457157,-5.106166936457157,1.0
3170000,1.39574,1196.8,-0.3488515,-4.920733631650607,-4.920733631650607,1.0
3180000,1.3962563,1068.25,-0.37630957,-4.093000166118145,-4.093000166118145,1.0
3190000,1.395716,1183.75,-0.39383462,-4.338166895012061,-4.338166895012061,1.0
3200000,1.3949802,826.0,-0.40032437,-2.4653334468603134,-2.4653334468603134,1.0
3210000,1.3944681,1492.0,-0.38762593,-5.797333598136902,-5.797333598136902,1.0
3220000,1.3940707,1445.6666666666667,-0.3829058,-5.897333628601498,-5.897333628601498,1.0
3230000,1.3933924,1120.3333333333333,-0.3835238,-3.553875118494034,-3.553875118494034,1.0
3240000,1.3932662,882.0,-0.40327936,-4.340333600838979,-4.340333600838979,1.0
3250000,1.3939997,1003.6666666666666,-0.3493703,-3.6621002674102785,-3.6621002674102785,1.0
3260000,1.3944496,1071.5,-0.40587744,-4.52616695376734,-4.52616695376734,1.0
3270000,1.3951592,1385.6666666666667,-0.409082,-6.152555998828676,-6.152555998828676,1.0
3280000,1.3964047,1310.5,-0.4231902,-5.7231670419375105,-5.7231670419375105,1.0
3290000,1.3971071,1406.6666666666667,-0.40975198,-5.047000288963318,-5.047000288963318,1.0
3300000,1.3976101,1017.0,-0.36168396,-5.689625296741724,-5.689625296741724,1.0
3310000,1.3985474,659.0,-0.40839162,-2.132333422700564,-2.132333422700564,1.0
3320000,1.3992414,1330.1666666666667,-0.36513418,-5.541889203919305,-5.541889203919305,1.0
3330000,1.3997167,1459.0,-0.43540415,-5.797500307361285,-5.797500307361285,1.0
3340000,1.4001529,1999.0,-0.45845407,-9.997000694274902,-9.997000694274902,1.0
3350000,1.3999966,1020.5,-0.34100142,-5.579125445336103,-5.579125445336103,1.0
3360000,1.4002093,1999.0,-0.38858676,-8.997000575065613,-8.997000575065613,1.0
3370000,1.4008349,984.6666666666666,-0.38619202,-1.2233333537975948,-1.2233333537975948,1.0
3380000,1.4004053,1093.0,-0.33066294,-5.166778076854017,-5.166778076854017,1.0
3390000,1.3997113,1053.25,-0.35177937,-4.601583616808057,-4.601583616808057,1.0
3400000,1.3990045,1238.4,-0.36263633,-5.259866948922475,-5.259866948922475,1.0
3410000,1.3989604,635.25,-0.36430687,-1.6292999714612961,-1.6292999714612961,1.0
3420000,1.3994348,1556.0,-0.3853091,-5.44375030323863,-5.44375030323863,1.0
3430000,1.3985288,1453.0,-0.3557373,-5.59933344523112,-5.59933344523112,1.0
3440000,1.3983363,1075.5,-0.3513926,-4.4360002934932705,-4.4360002934932705,1.0
3450000,1.3981531,1182.5,-0.34508044,-4.783800363540649,-4.783800363540649,1.0
3460000,1.3977311,1617.25,-0.3885804,-5.478250354528427,-5.478250354528427,1.0
3470000,1.3974985,858.25,-0.33685645,-4.036214455429997,-4.036214455429997,1.0
3480000,1.3979262,1419.0,-0.36656594,-5.919889267947939,-5.919889267947939,1.0
3490000,1.3972685,699.0,-0.32281953,-3.1913335621356964,-3.1913335621356964,1.0
3500000,1.3965415,1256.0,-0.3504189,-4.781000271439552,-4.781000271439552,1.0
3510000,1.396642,1200.5,-0.3551134,-4.472571636949267,-4.472571636949267,1.0
3520000,1.3971702,336.0,-0.35836333,-0.014333248138427734,-0.014333248138427734,1.0
3530000,1.3964658,1435.5,-0.34346205,-6.512182219461962,-6.512182219461962,1.0
3540000,1.3960615,1237.0,-0.3408331,-4.708750307559967,-4.708750307559967,1.0
3550000,1.3962961,1238.0,-0.36803392,-4.970111383332147,-4.970111383332147,1.0
3560000,1.3958117,900.75,-0.32548168,-3.357181876897812,-3.357181876897812,1.0
3570000,1.395708,585.0,-0.35323787,-1.2295000553131104,-1.2295000553131104,1.0
3580000,1.3960739,1450.0,-0.32470962,-4.213833525776863,-4.213833525776863,1.0
3590000,1.3960406,1489.5,-0.36070973,-6.742444766892327,-6.742444766892327,1.0
3600000,1.3947232,476.0,-0.33568695,-2.0476667086283364,-2.0476667086283364,1.0
3610000,1.3939898,1246.0,-0.3186886,-4.56433351462086,-4.56433351462086,1.0
3620000,1.3938936,1999.0,-0.3570313,-8.665667355060577,-8.665667355060577,1.0
3630000,1.3942995,1240.2,-0.38075572,-5.33593363960584,-5.33593363960584,1.0
3640000,1.3942496,1096.142857142857,-0.31531906,-4.292666939042864,-4.292666939042864,1.0
3650000,1.3931932,834.3333333333334,-0.3364753,-3.649571687515293,-3.649571687515293,1.0
3660000,1.3929797,383.0,-0.38121116,-0.5551999330520629,-0.5551999330520629,1.0
3670000,1.3927398,1269.0,-0.38118613,-4.680833553274472,-4.680833553274472,1.0
3680000,1.392912,1328.6666666666667,-0.37716118,-5.645666976769765,-5.645666976769765,1.0
3690000,1.3931853,1052.5,-0.36453626,-3.5983335773150125,-3.5983335773150125,1.0
3700000,1.3942428,1197.6,-0.35778904,-4.733692561204617,-4.733692561204617,1.0
3710000,1.3949035,1999.0,-0.3862844,-8.481545973907817,-8.481545973907817,1.0
3720000,1.395749,643.6,-0.31448868,-1.664333425462246,-1.664333425462246,1.0
3730000,1.3952667,None,-0.34393865,-2.448666830857595,-2.448666830857595,1.0
3740000,1.3944147,None,-0.35595578,None,None,1.0
3750000,1.394078,1043.2,-0.32735124,-4.085066949824492,-4.085066949824492,1.0
3760000,1.3945924,1999.0,-0.3861027,-9.32983390490214,-9.32983390490214,1.0
3770000,1.3944874,1999.0,-0.38689524,-9.163667291402817,-9.163667291402817,1.0
3780000,1.3941463,1150.75,-0.34110713,-4.172916904091835,-4.172916904091835,1.0
3790000,1.3945788,690.4,-0.32849935,-2.3871334329247476,-2.3871334329247476,1.0
3800000,1.3946561,1999.0,-0.39828426,-9.997000694274902,-9.997000694274902,1.0
3810000,1.39426,1722.0,-0.37047145,-6.945333778858185,-6.945333778858185,1.0
3820000,1.3936739,1326.5,-0.36341393,-5.467833676608279,-5.467833676608279,1.0
3830000,1.3938608,1027.5,-0.4374724,-5.964333693186442,-5.964333693186442,1.0
3840000,1.3939531,1135.0,-0.36083758,-4.33706695040067,-4.33706695040067,1.0
3850000,1.3939013,1069.0,-0.53277725,-5.013666992386182,-5.013666992386182,1.0
3860000,1.3937848,1955.6666666666667,-0.65135205,-8.627875544130802,-8.627875544130802,1.0
3870000,1.3942183,419.0,-0.42818293,-3.322000078856945,-3.322000078856945,1.0
3880000,1.3946035,1025.0,-0.46899533,-4.210083567847808,-4.210083567847808,1.0
3890000,1.3944817,1075.5,-0.41923037,-5.045666933059692,-5.045666933059692,1.0
3900000,1.3942162,1261.0,-0.36473253,-3.8244287499359677,-3.8244287499359677,1.0
3910000,1.394315,1240.5,-0.39952105,-5.583500251173973,-5.583500251173973,1.0
3920000,1.3942353,1037.5,-0.4212567,-4.355666935443878,-4.355666935443878,1.0
3930000,1.3946189,999.0,-0.43494084,-3.3303336103757224,-3.3303336103757224,1.0
3940000,1.3945901,1260.0,-0.44728187,-4.969000253412458,-4.969000253412458,1.0
3950000,1.39475,1321.25,-0.3992549,-5.818454829129306,-5.818454829129306,1.0
3960000,1.3951743,865.0,-0.41536602,-2.5752501040697098,-2.5752501040697098,1.0
3970000,1.3953313,1348.0,-0.40093923,-5.159916991988818,-5.159916991988818,1.0
3980000,1.3955688,1999.0,-0.4529468,-9.664167324701944,-9.664167324701944,1.0
3990000,1.3959274,358.0,-0.3670837,-1.2910001128911972,-1.2910001128911972,1.0
4000000,1.3965241,1029.6,-0.39449975,-4.217066882054011,-4.217066882054011,1.0
4010000,1.39718,1234.0,-0.39717218,-4.5058334817488985,-4.5058334817488985,1.0
4020000,1.397774,924.1666666666666,-0.3490554,-3.0677779997802443,-3.0677779997802443,1.0
4030000,1.3982381,1315.5,-0.35521916,-4.913833608229955,-4.913833608229955,1.0
4040000,1.3981856,1117.0,-0.39165688,-5.370286051716123,-5.370286051716123,1.0
4050000,1.3982469,711.6666666666666,-0.3367358,-1.8843636919151654,-1.8843636919151654,1.0
4060000,1.3983179,1064.0,-0.3304887,-2.096666725145446,-2.096666725145446,1.0
4070000,1.3984919,1124.0,-0.38949853,-4.787666956583659,-4.787666956583659,1.0
4080000,1.3985584,744.3333333333334,-0.36358252,-4.043000263472398,-4.043000263472398,1.0
4090000,1.3984066,1994.3333333333333,-0.5840577,-9.419445097446442,-9.419445097446442,1.0
4100000,1.3981217,583.0,-0.3726204,-1.1410000324249268,-1.1410000324249268,1.0
4110000,1.3981315,1999.0,-1.4180117,-5.78400024175644,-5.78400024175644,1.0
4120000,1.3984534,794.8,-0.29594737,-2.97107709141878,-2.97107709141878,1.0
4130000,1.3986379,1244.2,-1.4170543,-5.021941449712305,-5.021941449712305,1.0
4140000,1.3991315,1294.0,-0.24350053,-3.2107502967119217,-3.2107502967119217,1.0
4150000,1.3996431,834.1666666666666,-0.17752853,-3.5551502338610588,-3.5551502338610588,1.0
4160000,1.3997595,410.5,-0.24664636,-0.3898332317670186,-0.3898332317670186,1.0
4170000,1.399535,1999.0,-0.24464138,-9.496000528335571,-9.496000528335571,1.0
4180000,1.3987006,901.3333333333334,-0.23748773,-4.153647265013526,-4.153647265013526,1.0
4190000,1.3987957,847.0,-0.23196653,-2.841050159558654,-2.841050159558654,1.0
4200000,1.398594,None,-0.27463576,None,None,1.0
4210000,1.3982196,1276.0,-0.27606082,-5.549167101581891,-5.549167101581891,1.0
4220000,1.3977199,1169.0,-0.30591342,-3.6838669161001842,-3.6838669161001842,1.0
4230000,1.397876,698.0,-0.32220548,-3.951583551863829,-3.951583551863829,1.0
4240000,1.3980862,315.0,-0.33213922,None,None,1.0
4250000,1.3979077,1311.3333333333333,-0.31886178,-3.8844212497535504,-3.8844212497535504,1.0
4260000,1.3977768,761.0,-0.32827052,-4.114636644721031,-4.114636644721031,1.0
4270000,1.3971663,972.3333333333334,-0.27525732,-3.5303335073921414,-3.5303335073921414,1.0
4280000,1.3963366,1340.5,-0.32606557,-8.665667315324148,-8.665667315324148,1.0
4290000,1.3961889,1999.0,-0.351345,-1.7453335523605347,-1.7453335523605347,1.0
4300000,1.3964827,1075.0,-0.31843674,-4.043866900602977,-4.043866900602977,1.0
4310000,1.3960987,701.75,-0.3511832,-3.740733468532562,-3.740733468532562,1.0
4320000,1.3956271,895.6666666666666,-0.31938267,-3.3698891354983465,-3.3698891354983465,1.0
4330000,1.3952696,1074.0,-0.306725,-4.540666997432709,-4.540666997432709,1.0
4340000,1.3949066,1209.75,0.10204605,-4.885333600143592,-4.885333600143592,1.0
4350000,1.3948324,609.6,-0.34899104,-2.1837333838144937,-2.1837333838144937,1.0
4360000,1.3950114,665.6666666666666,0.82899284,-1.6640000840028126,-1.6640000840028126,1.0
4370000,1.3944075,1525.75,2.0843935,-7.670800560712815,-7.670800560712815,1.0
4380000,1.3942194,926.4,-0.15525351,-2.9045294698546913,-2.9045294698546913,1.0
4390000,1.3943572,903.3333333333334,-0.19294971,-3.2964445849259696,-3.2964445849259696,1.0
4400000,1.3950129,1003.6,-0.24803323,-3.687466859817505,-3.687466859817505,1.0
4410000,1.3953801,1143.0,-0.21041332,-4.382666925589244,-4.382666925589244,1.0
4420000,1.39534,892.5,-0.2826169,-2.797333444158236,-2.797333444158236,1.0
4430000,1.3953543,1326.0,-0.30117354,-5.298166995247205,-5.298166995247205,1.0
4440000,1.3953886,861.3333333333334,-0.25940332,-2.8088334790534444,-2.8088334790534444,1.0
4450000,1.3949667,1031.0,-0.25858024,-4.157000212205781,-4.157000212205781,1.0
4460000,1.3946463,1339.0,-0.30942833,-5.918222533331977,-5.918222533331977,1.0
4470000,1.3945526,989.0,-0.28814468,-3.279833495616913,-3.279833495616913,1.0
4480000,1.3947428,892.0,-0.34485626,-2.962500194708506,-2.962500194708506,1.0
4490000,1.3949405,1102.3333333333333,-0.3091263,-4.401555796464284,-4.401555796464284,1.0
4500000,1.394694,837.25,-0.2735213,-2.6885001733899117,-2.6885001733899117,1.0
4510000,1.3947631,1179.0,-0.32476172,-4.831533686319987,-4.831533686319987,1.0
4520000,1.3950307,915.0,-0.30540967,-3.851166861752669,-3.851166861752669,1.0
4530000,1.3948185,1069.0,-0.26701823,-2.3170000165700912,-2.3170000165700912,1.0
4540000,1.39426,910.1666666666666,-0.27297306,-3.350117802318624,-3.350117802318624,1.0
4550000,1.3941189,532.3333333333334,-0.2850918,-2.8883000940084456,-2.8883000940084456,1.0
4560000,1.3940674,529.0,-0.2704587,-1.2550000473856926,-1.2550000473856926,1.0
4570000,1.3938073,1999.0,-0.36366343,-9.66366732120514,-9.66366732120514,1.0
4580000,1.3934766,1088.0,-0.33726415,-1.8316667502125104,-1.8316667502125104,1.0
4590000,1.3939432,1351.3333333333333,-0.37502232,-6.256636733358556,-6.256636733358556,1.0
4600000,1.3943352,935.6,-0.33348384,-3.949750177562237,-3.949750177562237,1.0
4610000,1.3941648,1125.3333333333333,-0.35708869,-4.629666891362932,-4.629666891362932,1.0
4620000,1.3942199,1148.25,-0.34714362,-4.90966700265805,-4.90966700265805,1.0
4630000,1.3941087,1164.0,-0.34651098,-4.351636629212987,-4.351636629212987,1.0
4640000,1.393795,402.5,-0.3413562,-1.7270001130444663,-1.7270001130444663,1.0
4650000,1.3936168,389.0,-0.38321337,-0.9459999601046244,-0.9459999601046244,1.0
4660000,1.3933582,1021.6,-0.34270704,-4.676083599527677,-4.676083599527677,1.0
4670000,1.3932229,793.3333333333334,-0.3160868,-2.6179048901512507,-2.6179048901512507,1.0
4680000,1.393119,689.1666666666666,-0.27741954,-2.0589446135693126,-2.0589446135693126,1.0
4690000,1.3931693,1124.75,-0.32913336,-7.489428997039795,-7.489428997039795,1.0
4700000,1.3934741,774.0,-0.29534975,-1.8101875623688102,-1.8101875623688102,1.0
4710000,1.3931248,728.3333333333334,-0.27401412,-2.4371668009294405,-2.4371668009294405,1.0
4720000,1.3933502,529.0,-0.31126338,-1.0635000839829445,-1.0635000839829445,1.0
4730000,1.3937447,641.0,-0.35185805,-1.5403334150711696,-1.5403334150711696,1.0
4740000,1.3934542,1267.5714285714287,-0.31534135,-4.6397371543081185,-4.6397371543081185,1.0
4750000,1.3932029,884.3333333333334,-0.3287138,-4.528454840352589,-4.528454840352589,1.0
4760000,1.3930737,1012.5,-0.3139697,-4.397333617011706,-4.397333617011706,1.0
4770000,1.3930146,645.75,-0.31587133,-1.8145834331711133,-1.8145834331711133,1.0
4780000,1.3927456,None,-0.37308088,None,None,1.0
4790000,1.3927208,1579.0,-0.3492748,-6.230333844820659,-6.230333844820659,1.0
4800000,1.3924376,1140.5,-0.16782445,-3.6472002625465394,-3.6472002625465394,1.0
4810000,1.3925937,1617.6,-0.35859928,-7.097071894577572,-7.097071894577572,1.0
4820000,1.3926048,798.5,-0.046253484,-3.695650202035904,-3.695650202035904,1.0
4830000,1.392431,1439.0,0.29826814,-5.863000303506851,-5.863000303506851,1.0
4840000,1.392476,933.6,-0.29182336,-2.4210834155480065,-2.4210834155480065,1.0
4850000,1.3925477,380.5,-0.3166497,-3.4922224606076875,-3.4922224606076875,1.0
4860000,1.3926331,1179.0,-0.35835278,-4.23233367005984,-4.23233367005984,1.0
4870000,1.3926324,None,-0.38117796,None,None,1.0
4880000,1.3925693,1699.75,-0.38469627,-6.55788935886489,-6.55788935886489,1.0
4890000,1.3925812,951.6666666666666,-0.33248875,-4.858684542147737,-4.858684542147737,1.0
4900000,1.3926247,544.0,-0.38098544,-1.6381427815982275,-1.6381427815982275,1.0
4910000,1.3925635,1172.25,-0.30026764,-4.6636926129173775,-4.6636926129173775,1.0
4920000,1.3923858,854.6666666666666,-0.28084058,-3.1647224360042148,-3.1647224360042148,1.0
4930000,1.392297,1999.0,-0.37143984,-9.332334081331888,-9.332334081331888,1.0
4940000,1.3923042,496.0,-0.43118063,-0.8153333266576132,-0.8153333266576132,1.0
4950000,1.3924044,941.1666666666666,-0.3552339,-3.5425002483858004,-3.5425002483858004,1.0
4960000,1.3924611,965.6666666666666,-0.405033,-3.1643335637119083,-3.1643335637119083,1.0
4970000,1.3924159,928.5,-0.32577416,-3.3942502550780773,-3.3942502550780773,1.0
4980000,1.3925074,1087.0,-0.39859653,-5.322083602348964,-5.322083602348964,1.0
4990000,1.3925556,1022.0,-0.34119678,-3.040222297112147,-3.040222297112147,1.0
5000000,1.3925683,964.0,-0.36076182,-3.3230001777410507,-3.3230001777410507,1.0
5010000,1.3926322,1142.0,-0.36317486,-1.9048333565394084,-1.9048333565394084,1.0
5020000,1.3926281,889.3333333333334,-0.3445504,-4.586000303427379,-4.586000303427379,1.0
5030000,1.3925385,1118.25,-0.39181548,-3.7130002200603487,-3.7130002200603487,1.0
5040000,1.3924619,1064.0,-0.37206727,-6.232909449122169,-6.232909449122169,1.0
5050000,1.3924615,697.6,-0.39583454,-0.4433333118756612,-0.4433333118756612,1.0
5060000,1.3923882,583.0,-0.28505978,-3.4004668831825255,-3.4004668831825255,1.0
5070000,1.3923215,1137.0,-0.6707824,-4.576222485966152,-4.576222485966152,1.0
5080000,1.3922697,1101.0,-0.36238903,-3.8398334880669913,-3.8398334880669913,1.0
5090000,1.3920392,1109.3333333333333,-1.868268,-4.437555819749832,-4.437555819749832,1.0
5100000,1.3920107,1999.0,-3.9578507,-8.663667241732279,-8.663667241732279,1.0
5110000,1.3919916,1861.0,-0.30954814,-6.949333747227986,-6.949333747227986,1.0
5120000,1.3920128,925.5,-3.3075671,-4.406450238451361,-4.406450238451361,1.0
5130000,1.3920932,810.3,-0.2595704,-2.8006130687652098,-2.8006130687652098,1.0
5140000,1.3921449,936.0,-0.25430092,-3.0148333261410394,-3.0148333261410394,1.0
5150000,1.3921477,1025.0,-0.3269452,-3.0290001392364503,-3.0290001392364503,1.0
5160000,1.3924121,604.3333333333334,-0.2804608,-1.7860000878572464,-1.7860000878572464,1.0
5170000,1.3924258,1143.25,-0.32041737,-4.051333516836166,-4.051333516836166,1.0
5180000,1.3923999,None,-0.3217883,None,None,1.0
5190000,1.3923198,1279.0,-0.31059638,-4.896500254670779,-4.896500254670779,1.0
5200000,1.3922753,1251.0,-0.37311605,-6.626583769917488,-6.626583769917488,1.0
5210000,1.3922826,358.6666666666667,-0.31276616,-0.6249998783071836,-0.6249998783071836,1.0
5220000,1.3922575,1119.0,-0.3094607,0.4696667393048604,0.4696667393048604,1.0
5230000,1.392227,1321.2,-0.32695296,-6.125294588725357,-6.125294588725357,1.0
5240000,1.3921356,1132.857142857143,-0.467052,-4.90922758389603,-4.90922758389603,1.0
5250000,1.3919884,317.0,-0.25999385,-0.1428888738155365,-0.1428888738155365,1.0
5260000,1.3919393,625.0,-1.324156,-1.6290000081062317,-1.6290000081062317,1.0
5270000,1.3919357,None,-2.5518146,None,None,1.0
5280000,1.3919448,1466.6666666666667,-0.33578646,-5.780778196122911,-5.780778196122911,1.0
5290000,1.3918053,1418.25,-2.9462013,-5.7604170342286425,-5.7604170342286425,1.0
5300000,1.3917761,1062.5,-0.3441575,-4.064250196019809,-4.064250196019809,1.0
5310000,1.3917642,390.5,-0.3123788,-0.28833335638046265,-0.28833335638046265,1.0
5320000,1.3917747,1182.25,-0.39679927,-4.414000242948532,-4.414000242948532,1.0
5330000,1.3918604,1218.0,-0.3126976,-4.981889235476653,-4.981889235476653,1.0
5340000,1.3919718,1042.5,-0.3445699,-4.8806669940628735,-4.8806669940628735,1.0
5350000,1.3920316,1910.5,-0.372539,-8.055500576893488,-8.055500576893488,1.0
5360000,1.3920654,1056.6666666666667,-0.36037374,-4.17488913403617,-4.17488913403617,1.0
5370000,1.392047,None,-0.37244454,None,None,1.0
5380000,1.3920014,839.0,-0.37182093,-2.947000073889891,-2.947000073889891,1.0
5390000,1.3919387,1750.3333333333333,-0.41852686,-7.532444934050242,-7.532444934050242,1.0
5400000,1.3919227,1154.4,-0.36354634,-4.439666883150736,-4.439666883150736,1.0
5410000,1.3919072,839.1666666666666,-0.30495656,-3.1424446826179824,-3.1424446826179824,1.0
5420000,1.3919303,510.5,-0.35223275,-0.8873333483934402,-0.8873333483934402,1.0
5430000,1.392064,1299.0,-0.36940956,-5.164000372091929,-5.164000372091929,1.0
5440000,1.3921287,803.0,-0.34772348,-3.4304287561348508,-3.4304287561348508,1.0
5450000,1.392207,475.5,-0.35026574,-0.5558749735355377,-0.5558749735355377,1.0
5460000,1.3922244,1631.5,-0.331672,-6.6600004301096005,-6.6600004301096005,1.0
5470000,1.3922046,1999.0,-0.3692383,-9.32933380206426,-9.32933380206426,1.0
5480000,1.3921714,975.0,-0.36697415,-3.626750228305658,-3.626750228305658,1.0
5490000,1.3921741,1177.25,-0.37074733,-4.925727605819702,-4.925727605819702,1.0
5500000,1.3922254,801.3333333333334,-0.3281153,-2.95600021481514,-2.95600021481514,1.0
5510000,1.3922086,429.0,-0.3369771,-1.2471251003444195,-1.2471251003444195,1.0
5520000,1.3922172,1024.0,-0.32560217,-3.44142884016037,-3.44142884016037,1.0
5530000,1.3922547,1547.0,-0.35916314,-6.466846587566229,-6.466846587566229,1.0
5540000,1.3922676,554.0,-0.38043404,-3.328375142067671,-3.328375142067671,1.0
5550000,1.392187,356.0,-0.3846135,-0.7809999287128448,-0.7809999287128448,1.0
5560000,1.3921597,1049.0,-0.31324646,-3.953363873064518,-3.953363873064518,1.0
5570000,1.3921701,741.6666666666666,-0.3327855,-0.5976666957139969,-0.5976666957139969,1.0
5580000,1.3921723,1466.5,-0.37328973,-6.054333666463693,-6.054333666463693,1.0
5590000,1.3921536,399.0,-0.3350076,-0.7747778296470642,-0.7747778296470642,1.0
5600000,1.3921499,1424.75,-0.36933336,-5.79291704048713,-5.79291704048713,1.0
5610000,1.3921629,494.5,-0.28051758,-1.4756667912006378,-1.4756667912006378,1.0
5620000,1.3921399,433.0,-0.36790526,-0.499333123366038,-0.499333123366038,1.0
5630000,1.3921567,873.0,-0.41058785,-2.699333369731903,-2.699333369731903,1.0
5640000,1.3922446,989.6,-0.32641864,-3.7498001436392467,-3.7498001436392467,1.0
5650000,1.3923843,1486.25,-0.34295166,-6.1840004076560335,-6.1840004076560335,1.0
5660000,1.3924801,None,-0.40053424,None,None,1.0
5670000,1.3924897,1306.25,-0.36970636,-4.941300240159035,-4.941300240159035,1.0
5680000,1.3925277,1122.1666666666667,-0.38833505,-5.200895047501514,-5.200895047501514,1.0
5690000,1.392538,703.0,-0.3118027,-2.373312609270215,-2.373312609270215,1.0
5700000,1.3925222,None,-1.1811007,None,None,1.0
5710000,1.392498,1198.4,-0.37817255,-4.208357376711709,-4.208357376711709,1.0
5720000,1.3924806,799.0,-2.982468,-3.699000245332718,-3.699000245332718,1.0
5730000,1.392449,None,-0.35970527,None,None,1.0
5740000,1.3923777,1253.3333333333333,-5.0757074,-4.715111411280102,-4.715111411280102,1.0
5750000,1.3923025,1468.0,-0.26979247,-5.014555858241187,-5.014555858241187,1.0
5760000,1.3922637,202.5,-5.033608,-3.0093335707982383,-3.0093335707982383,1.0
5770000,1.3922075,1197.0,-0.20440713,-5.630154238297389,-5.630154238297389,1.0
5780000,1.3921992,905.4285714285714,-0.2663178,-2.8058637861501086,-2.8058637861501086,1.0
5790000,1.3922282,338.5,-0.28784326,-1.3098571641104562,-1.3098571641104562,1.0
5800000,1.3922502,830.4,-0.28894928,-2.9459231954354506,-2.9459231954354506,1.0
5810000,1.392297,809.0,-0.24553195,-2.7576430216431618,-2.7576430216431618,1.0
5820000,1.3923306,490.5,-0.27080742,-0.7888333375255266,-0.7888333375255266,1.0
5830000,1.3923365,754.6666666666666,-0.26672524,-2.7766668134265475,-2.7766668134265475,1.0
5840000,1.3923025,1572.25,-0.34311056,-6.614000394940376,-6.614000394940376,1.0
5850000,1.3923337,603.0,-0.33214995,-1.3493333558241527,-1.3493333558241527,1.0
5860000,1.3923798,1999.0,-0.37583914,-9.66366732120514,-9.66366732120514,1.0
5870000,1.3923658,1788.0,-0.35936067,-7.497889406151241,-7.497889406151241,1.0
5880000,1.3923239,1047.0,-0.36797333,-4.169166860481103,-4.169166860481103,1.0
5890000,1.3923104,907.6666666666666,-0.3523867,-4.2872729707847945,-4.2872729707847945,1.0
5900000,1.3922778,1134.0,-0.3096661,-4.182571649551392,-4.182571649551392,1.0
5910000,1.3922678,None,-0.32554385,None,None,1.0
5920000,1.3922669,1053.0,-0.36193857,-3.903222428427802,-3.903222428427802,1.0
5930000,1.3922616,1491.3333333333333,-0.3735349,-6.017416966458161,-6.017416966458161,1.0
5940000,1.3922799,1999.0,-0.3304369,-9.996500611305237,-9.996500611305237,1.0
5950000,1.3922876,1999.0,-0.39072138,-8.665667394797007,-8.665667394797007,1.0
5960000,1.392288,804.25,-0.34530318,-2.7737502058347068,-2.7737502058347068,1.0
5970000,1.3922882,1085.1666666666667,-0.36547145,-4.37261137035158,-4.37261137035158,1.0
5980000,1.3922881,962.25,-0.34538782,-3.4809168552358947,-3.4809168552358947,1.0
5990000,1.3922888,1596.0,-0.3732873,-7.31433383623759,-7.31433383623759,1.0
6000000,1.3922898,1043.3333333333333,-0.38510117,-4.218000219927894,-4.218000219927894,1.0
