Steps,Policy/Entropy,Policy/Extrinsic Value Estimate,Environment/Episode Length,Environment/Cumulative Reward,Policy/Extrinsic Reward,Losses/Value Loss,Losses/Policy Loss,Policy/Learning Rate,Is Training
100000,4.478067,-0.07804935,1476.0,38.49029779504053,38.49029779504053,0.79945594,0.016409533,0.00029509666,1.0
110000,4.476873,-0.07176179,1603.0,40.040635463781655,40.040635463781655,4.371252,0.024756111,0.00029453263,1.0
120000,4.487501,-0.057413798,None,None,None,None,None,None,1.0
130000,4.471953,0.15276347,999.5,14.882485755102705,14.882485755102705,1.3189471,0.023908237,0.00029399508,1.0
140000,4.473357,0.8674635,None,None,None,6.3397083,0.025418716,0.00029344825,1.0
150000,4.466758,0.5688437,None,None,None,9.037381,0.027367724,0.00029289784,1.0
160000,4.4645386,0.45651603,None,None,None,4.80582,0.025916643,0.00029237298,1.0
170000,4.4631457,0.29509825,None,None,None,1.5526462,0.032888655,0.00029180982,1.0
180000,4.470103,0.2956765,None,None,None,0.40088388,0.022825,0.00029125938,1.0
190000,4.4613705,0.19073981,969.0,40.756605481612496,40.756605481612496,1.6788567,0.026229972,0.00029073464,1.0
200000,4.462637,0.19062005,None,None,None,2.2407422,0.024860308,0.0002901694,1.0
210000,4.4613204,0.12143028,1189.0,43.54826002588379,43.54826002588379,3.0289543,0.029455315,0.00028961143,1.0
220000,4.459136,0.114973985,1772.0,37.21991331875324,37.21991331875324,1.3673435,0.023430523,0.00028907758,1.0
230000,4.4472156,0.15354136,1999.0,32.59998405701481,32.59998405701481,1.3840923,0.027034573,0.0002885368,1.0
240000,4.447088,0.1229899,None,None,None,None,None,None,1.0
250000,4.443452,0.021506397,1892.0,46.773337517588516,46.773337517588516,0.8304154,0.027780673,0.00028798642,1.0
260000,4.3850546,0.42254123,1999.0,27.375074290415135,27.375074290415135,3.4825597,0.025444712,0.0002874596,1.0
270000,4.33303,0.72997487,None,None,None,8.164724,0.020359065,0.00028689002,1.0
280000,4.3347025,0.5615664,None,None,None,2.5996802,0.024785092,0.00028636522,1.0
290000,4.3105545,0.34771308,None,None,None,1.6052696,0.018926604,0.000285802,1.0
300000,4.2823076,0.3027874,None,None,None,1.9640176,0.02460865,0.00028525162,1.0
310000,4.2715497,0.27722144,None,None,None,0.39944893,0.022522591,0.0002847268,1.0
320000,4.2916627,0.24951115,1999.0,33.973543843021616,33.973543843021616,0.50112706,0.03369159,0.0002841636,1.0
330000,4.356825,0.33611774,1483.3333333333333,35.61506128478019,35.61506128478019,2.777012,0.018695274,0.0002836232,1.0
340000,4.3802004,0.5434599,None,None,None,1.0418755,0.029309524,0.00028310344,1.0
350000,4.3638163,0.4223612,1999.0,31.193144873323035,31.193144873323035,3.1865716,0.027981568,0.00028253702,1.0
360000,4.354536,0.47392157,None,None,None,None,None,None,1.0
370000,4.3674603,0.32860526,None,None,None,2.36539,0.029295688,0.00028198343,1.0
380000,4.394016,0.25701395,1999.0,23.99534567084629,23.99534567084629,0.5520104,0.025093157,0.0002814458,1.0
390000,4.3687377,0.7665162,1999.0,24.37351805323447,24.37351805323447,2.5705926,0.02310366,0.00028089219,1.0
400000,4.3648925,1.0063883,773.0,39.01365938712843,39.01365938712843,7.46005,0.021416226,0.00028036305,1.0
410000,4.3716035,0.6807644,1129.0,33.350677431968506,33.350677431968506,5.3247375,0.030906547,0.00027980426,1.0
420000,4.3853416,0.42315596,None,None,None,4.8222246,0.024674375,0.00027926656,1.0
430000,4.3645096,0.2231246,1149.0,36.07533903992589,36.07533903992589,2.6419764,0.02904021,0.00027874188,1.0
440000,4.3653727,0.375211,None,None,None,2.7185655,0.022939231,0.00027817945,1.0
450000,4.3260646,0.34692022,1962.5,25.916308530140668,25.916308530140668,1.2703768,0.025962243,0.0002776258,1.0
460000,4.307164,0.2343944,1113.5,29.89186888858967,29.89186888858967,6.4170184,0.023050793,0.0002770634,1.0
470000,4.2444687,0.20809941,1492.5,39.06602403593206,39.06602403593206,2.284046,0.022104481,0.00027653566,1.0
480000,4.327234,0.2381086,1345.5,42.17786237876862,42.17786237876862,None,None,None,1.0
490000,4.3432903,0.30003273,1319.0,33.859091524471296,33.859091524471296,2.9493315,0.025006058,0.00027597867,1.0
500000,4.309336,0.48205256,1816.0,37.4221973800195,37.4221973800195,2.712827,0.023221564,0.00027543778,1.0
510000,4.339944,0.46565312,1999.0,29.76424828045464,29.76424828045464,3.0564363,0.025865333,0.0002748952,1.0
520000,4.3163085,0.6836041,359.0,40.56116696826315,40.56116696826315,5.3260946,0.028338088,0.00027435756,1.0
530000,4.3383775,0.51049453,None,None,None,8.94407,0.025455026,0.000273812,1.0
540000,4.3085794,0.21645379,None,None,None,1.7156148,0.02840703,0.00027326163,1.0
550000,4.338226,0.18419927,None,None,None,0.41167358,0.023927212,0.00027273683,1.0
560000,4.2999334,0.1284808,1529.0,42.06219323527572,42.06219323527572,0.24661301,0.029530298,0.0002721736,1.0
570000,4.3454065,0.69440764,1502.0,40.77336155308876,40.77336155308876,6.7091327,0.02298247,0.0002716218,1.0
580000,4.3608975,0.47440395,1999.0,40.28684237017296,40.28684237017296,4.9128485,0.029969735,0.0002710842,1.0
590000,4.294174,0.8099088,1819.0,33.21743585193811,33.21743585193811,4.8035455,0.022565732,0.00027052668,1.0
600000,4.307914,0.61317366,None,29.98395552195143,29.98395552195143,16.064632,0.024980364,0.00027001143,1.0
610000,4.344695,0.35730898,1199.0,35.14194710657466,35.14194710657466,None,None,None,1.0
620000,4.3537583,0.44205666,None,None,None,4.4457316,0.023113525,0.00026944184,1.0
630000,4.3795085,0.33775046,979.0,43.63447145721875,43.63447145721875,1.3834599,0.0227039,0.00026892585,1.0
640000,4.374549,0.23809972,1813.0,35.18521766792983,35.18521766792983,4.3446226,0.026033275,0.0002683498,1.0
650000,4.3506427,0.86580884,1999.0,34.41075652145082,34.41075652145082,4.833229,0.023945332,0.00026781583,1.0
660000,4.3331437,0.4657118,1209.0,50.57776259537786,50.57776259537786,7.3949747,0.016355257,0.0002672878,1.0
670000,4.3393703,0.5931733,420.0,52.034170302329585,52.034170302329585,1.874997,0.025374096,0.0002667658,1.0
680000,4.3073864,0.7248412,987.5,48.64174882642692,48.64174882642692,4.6803074,0.019530179,0.00026623203,1.0
690000,4.2128525,0.7882494,1653.1666666666667,39.74795508805497,39.74795508805497,4.291776,0.02874428,0.000265713,1.0
700000,4.2725577,0.90197206,None,None,None,9.511823,0.030240515,0.00026513703,1.0
710000,4.2645464,0.8351965,1502.0,36.74862432605975,36.74862432605975,4.8115916,0.02302329,0.0002646064,1.0
720000,4.2663307,0.9764907,None,None,None,5.547727,0.027446216,0.00026405603,1.0
730000,4.289448,0.43413645,945.0,42.471489291793354,42.471489291793354,3.1301155,0.021406813,0.0002635269,1.0
740000,4.264815,0.56873494,562.0,45.70453242084477,45.70453242084477,None,None,None,1.0
750000,4.2433414,0.6599587,987.5,49.03325100848451,49.03325100848451,5.2062883,0.025677266,0.00026296626,1.0
760000,4.258128,0.61950356,489.0,53.920102812349796,53.920102812349796,2.4405448,0.02952574,0.00026243,1.0
770000,4.24872,0.590906,997.5,49.82002631366777,49.82002631366777,6.633054,0.021486305,0.00026190965,1.0
780000,4.2609506,0.7466806,1999.0,44.31837533041835,44.31837533041835,4.3968353,0.024555776,0.0002613438,1.0
790000,4.25722,0.28492594,1999.0,32.585352460242575,32.585352460242575,3.9275613,0.019600611,0.00026079026,1.0
800000,4.211968,0.4277014,1865.5,32.717438548017526,32.717438548017526,1.8674314,0.026187656,0.00026023664,1.0
810000,4.1941004,0.5589992,1999.0,None,None,1.9397639,0.029709904,0.0002596948,1.0
820000,4.1623216,0.6032783,1999.0,36.03538003300006,36.03538003300006,1.837404,0.03175955,0.0002591508,1.0
830000,4.255269,0.5198732,1093.0,47.349422425962985,47.349422425962985,4.2212906,0.021814518,0.00025858442,1.0
840000,4.2083435,0.66654956,1984.0,40.23794802494376,40.23794802494376,4.9098706,0.027283119,0.00025804524,1.0
850000,4.2693706,0.3797827,None,None,None,None,None,None,1.0
860000,4.2197514,0.26796642,1573.6666666666667,39.12928408073882,39.12928408073882,3.0924644,0.024053518,0.00025748202,1.0
870000,4.13526,0.7105858,818.6666666666666,54.20300702999035,54.20300702999035,5.0141273,0.023400959,0.00025695967,1.0
880000,4.1786036,1.0161567,1464.75,43.931971641781274,43.931971641781274,8.533425,0.020011265,0.00025642943,1.0
890000,4.1916375,0.5670283,905.6666666666666,47.26694986678194,47.26694986678194,15.771045,0.03060118,0.00025590966,1.0
900000,4.192464,1.0057628,1069.5,57.346953904489055,57.346953904489055,4.5216274,0.025675979,0.00025539118,1.0
910000,4.192299,0.78253233,756.0,43.549999678944005,43.549999678944005,3.5482128,0.028880564,0.00025483503,1.0
920000,4.142724,0.92163426,1292.5,42.96734140254557,42.96734140254557,2.4599411,0.023615649,0.00025429425,1.0
930000,4.138973,1.1791215,1379.0,37.399086944446026,37.399086944446026,2.472869,0.01992098,0.00025377102,1.0
940000,4.1421194,0.69632936,1800.5,50.831793684279546,50.831793684279546,2.7027142,0.021549076,0.00025323025,1.0
950000,4.074256,1.4539537,1357.0,40.98736613020689,40.98736613020689,2.9898622,0.021740388,0.0002527112,1.0
960000,4.143662,0.9346427,None,None,None,4.513882,0.024857769,0.00025214563,1.0
970000,4.1563687,0.48330212,1463.0,55.903760930523276,55.903760930523276,1.9958864,0.02771451,0.00025158408,1.0
980000,4.1635556,0.6169506,1178.25,48.4611743881178,48.4611743881178,8.171868,0.0322531,0.0002510502,1.0
990000,4.1883802,1.0967919,1509.0,41.1378193506971,41.1378193506971,None,None,None,1.0
1000000,4.2085176,0.56532985,1451.3333333333333,49.10014536899204,49.10014536899204,7.153989,0.02689479,0.00025049222,1.0
1010000,4.2382174,0.79455084,442.0,56.03744575753808,56.03744575753808,4.8047004,0.027384408,0.0002499536,1.0
1020000,4.2143173,0.55257964,423.0,None,None,4.423215,0.026426544,0.00024937862,1.0
1030000,4.1764627,0.9873607,1309.6666666666667,50.18373661771572,50.18373661771572,3.2385738,0.032370046,0.0002488564,1.0
1040000,4.229361,0.47998184,1809.0,33.029683685432246,33.029683685432246,5.3385863,0.02042667,0.00024831566,1.0
1050000,4.136817,1.5502295,1140.6666666666667,42.13922818626743,42.13922818626743,3.6631396,0.024678785,0.00024779545,1.0
1060000,4.1315002,1.0177343,187.5,57.069662331525855,57.069662331525855,11.618165,0.029495535,0.00024724563,1.0
1070000,4.1994267,0.67772853,1999.0,28.976436908560572,28.976436908560572,6.6319394,0.025117489,0.00024667103,1.0
1080000,4.1776366,1.0654788,1999.0,41.359021723037586,41.359021723037586,5.215414,0.027373875,0.0002461366,1.0
1090000,4.247538,0.3922632,489.0,48.939069187268615,48.939069187268615,3.923824,0.03100587,0.00024556063,1.0
1100000,4.200514,0.3481831,892.0,50.19827068368128,50.19827068368128,5.7972116,0.02605526,0.00024501645,1.0
1110000,4.196071,0.8470265,808.0,52.49183599146394,52.49183599146394,None,None,None,1.0
1120000,4.1299634,2.2201066,1018.0,49.895208737347275,49.895208737347275,4.1097302,0.026778365,0.00024449025,1.0
1130000,4.16362,1.429013,1366.5,43.980968753632624,43.980968753632624,16.310007,0.022976108,0.00024396268,1.0
1140000,4.1633873,1.211676,685.0,53.36949145770632,53.36949145770632,14.8804455,0.024732765,0.00024340625,1.0
1150000,4.117918,1.7959715,676.8,53.93981341654435,53.93981341654435,7.274388,0.02274998,0.00024288302,1.0
1160000,4.1023865,1.8629328,462.5,57.648005787554816,57.648005787554816,13.306327,0.025846096,0.00024233368,1.0
1170000,4.1410923,1.6818908,1235.0,50.11502523848321,50.11502523848321,6.2319374,0.02755878,0.00024177047,1.0
1180000,4.159799,1.2049762,430.5,46.66097928702154,46.66097928702154,12.806867,0.023285372,0.00024122087,1.0
1190000,4.120734,0.910311,364.0,57.32628343254328,57.32628343254328,4.9042506,0.029489608,0.00024070265,1.0
1200000,4.1163144,1.2320365,1532.5,50.6324470739981,50.6324470739981,4.02379,0.032045286,0.0002401864,1.0
1210000,4.129401,1.1547035,828.5,51.88873312063515,51.88873312063515,3.962248,0.024996651,0.00023965487,1.0
1220000,4.1318455,1.2288771,332.3333333333333,53.18245146558911,53.18245146558911,6.45762,0.026967626,0.00023910866,1.0
1230000,4.1310024,1.3577349,1023.5,45.26129078771919,45.26129078771919,11.062328,0.023937305,0.00023857925,1.0
1240000,4.1437154,1.6823678,1327.0,48.663710100741206,48.663710100741206,7.808799,0.020084353,0.00023802562,1.0
1250000,4.1880207,0.73505795,135.0,60.92062062583864,60.92062062583864,None,None,None,1.0
1260000,4.195235,0.21671976,493.0,56.95505910925567,56.95505910925567,3.8616264,0.028890468,0.00023748641,1.0
1270000,4.1285706,0.8374325,1294.0,51.978487266072385,51.978487266072385,4.5933914,0.019809254,0.00023695249,1.0
1280000,3.9937975,1.7576909,1364.4,45.23076458799915,45.23076458799915,2.8944693,0.020954551,0.00023643764,1.0
1290000,4.0297613,2.154674,574.2,54.95093952212483,54.95093952212483,12.642609,0.02067554,0.00023586705,1.0
1300000,4.092361,1.5229697,None,51.68662133789621,51.68662133789621,10.6911,0.024189385,0.0002353454,1.0
1310000,4.042541,0.92987496,970.1428571428571,50.500733633559626,50.500733633559626,8.250049,0.025492754,0.00023479499,1.0
1320000,3.9483445,3.0221882,653.0,48.766210943227634,48.766210943227634,10.018014,0.025225151,0.00023425184,1.0
1330000,4.1120443,1.0420433,795.5,52.82981240970548,52.82981240970548,9.868837,0.01970567,0.00023373684,1.0
1340000,4.087254,1.4471678,929.0,55.244235157966614,55.244235157966614,7.749414,0.029832412,0.00023320505,1.0
1350000,3.8536465,1.6122726,698.0,50.418653027908086,50.418653027908086,5.326211,0.024981597,0.00023265409,1.0
1360000,3.9541476,2.3612745,684.6666666666666,51.6382780079075,51.6382780079075,11.266775,0.026951456,0.00023212623,1.0
1370000,4.0028358,2.7926576,617.8,51.49310234529548,51.49310234529548,16.753597,0.024733227,0.0002315954,1.0
1380000,4.040454,1.3508835,353.75,55.78106033043878,55.78106033043878,7.843794,0.02294461,0.0002310464,1.0
1390000,4.031444,2.59562,455.0769230769231,54.99747278510282,54.99747278510282,19.450148,0.017537309,0.0002305059,1.0
1400000,4.044248,1.6864014,600.5714285714286,55.25624123774469,55.25624123774469,None,None,None,1.0
1410000,4.044913,1.6348352,650.6666666666666,56.524133323824834,56.524133323824834,10.017857,0.022978755,0.00022998422,1.0
1420000,3.954999,2.731741,424.25,51.61900971344623,51.61900971344623,5.870409,0.022481147,0.00022947103,1.0
1430000,3.8426945,2.8531165,456.625,55.805160094605526,55.805160094605526,16.337313,0.02773254,0.00022892604,1.0
1440000,3.8876317,2.6333382,577.1666666666666,55.20346954757988,55.20346954757988,17.36884,0.032038994,0.00022837722,1.0
1450000,3.8625374,2.248587,394.57142857142856,55.63035388787726,55.63035388787726,16.990902,0.02326896,0.00022784568,1.0
1460000,3.8747432,3.5977502,319.75,56.294540877919644,56.294540877919644,12.612504,0.026897091,0.00022727184,1.0
1470000,3.7986715,3.1646047,532.5,56.6024111226226,56.6024111226226,17.49032,0.030422432,0.00022675902,1.0
1480000,4.0595703,2.2805054,479.5,48.19859823491424,48.19859823491424,12.560395,0.0246425,0.00022622863,1.0
1490000,3.957307,1.9425641,670.0,53.80621284627289,53.80621284627289,13.936844,0.030425252,0.0002257048,1.0
1500000,3.9585688,1.853539,622.5,55.99148258017764,55.99148258017764,11.003412,0.02811699,0.00022514428,1.0
1510000,3.9882174,2.4348354,524.0,54.1473958727438,54.1473958727438,11.762921,0.017406976,0.00022461808,1.0
1520000,3.9836996,2.100306,576.6666666666666,53.30329860995213,53.30329860995213,6.3468876,0.025176179,0.00022410505,1.0
1530000,4.0422373,1.0304015,442.3333333333333,57.00322930111239,57.00322930111239,8.1606455,0.023850627,0.00022357721,1.0
1540000,4.0981593,1.2543026,502.0,57.83947647269815,57.83947647269815,6.191003,0.020632777,0.00022305462,1.0
1550000,4.008406,1.4639039,705.25,52.51595351480258,52.51595351480258,3.9097235,0.02216198,0.00022252003,1.0
1560000,3.965284,1.6704566,1077.5,52.310978340450674,52.310978340450674,None,None,None,1.0
1570000,3.8994098,1.7719237,938.8571428571429,52.464198794186814,52.464198794186814,5.2772756,0.02178583,0.00022198989,1.0
1580000,3.8193247,3.133389,550.8333333333334,55.48142138435651,55.48142138435651,11.258366,0.024849033,0.00022144087,1.0
1590000,4.010685,2.7130523,498.6666666666667,57.0540933245793,57.0540933245793,14.546084,0.025754917,0.00022090662,1.0
1600000,3.855114,2.472457,457.375,55.26418356454399,55.26418356454399,9.779426,0.024140568,0.00022038924,1.0
1610000,3.6075149,5.068302,557.5714285714286,56.293650276900735,56.293650276900735,13.458705,0.026243284,0.00021981605,1.0
1620000,3.804728,3.6662464,397.25,56.80321611575782,56.80321611575782,19.249685,0.023857785,0.00021924585,1.0
1630000,3.661488,4.223335,310.2352941176471,56.44788158295809,56.44788158295809,10.94079,0.024058355,0.00021871725,1.0
1640000,3.7189307,4.1410794,446.962962962963,56.41837194297841,56.41837194297841,23.586634,0.019066077,0.00021817083,1.0
1650000,3.4530501,4.4256706,274.64,58.110371039299935,58.110371039299935,22.60867,0.02174359,0.00021764882,1.0
1660000,3.7005231,5.08567,189.0,60.65945959825767,60.65945959825767,24.64757,0.027844455,0.00021708563,1.0
1670000,3.7596447,3.7769248,249.5,57.692339793758165,57.692339793758165,20.141695,0.021712054,0.00021655989,1.0
1680000,3.8075285,3.1288967,358.0,56.531534871668555,56.531534871668555,14.736135,0.024456466,0.00021603228,1.0
1690000,3.915887,2.8212905,273.3333333333333,55.59170569185517,55.59170569185517,11.719239,0.019593585,0.00021550262,1.0
1700000,3.8688076,2.2123113,325.1666666666667,58.7991471982428,58.7991471982428,None,None,None,1.0
1710000,3.7855642,2.896608,283.42857142857144,57.729515643027426,57.729515643027426,12.964817,0.021824462,0.00021493505,1.0
1720000,3.8482323,3.815526,288.75,57.66589140286669,57.66589140286669,13.9272995,0.02321897,0.00021437046,1.0
1730000,3.6408513,4.4896736,663.7777777777778,53.96828260483453,53.96828260483453,9.455616,0.022867998,0.00021381503,1.0
1740000,3.591468,3.9000795,590.2,55.03033989316318,55.03033989316318,23.780796,0.024037868,0.00021328223,1.0
1750000,3.6126063,4.9713297,277.0,55.75340844442447,55.75340844442447,22.157642,0.024394607,0.00021271886,1.0
1760000,3.7106857,4.440473,254.85714285714286,58.34837834992504,58.34837834992504,20.793297,0.022637604,0.00021215946,1.0
1770000,3.680911,3.9178932,305.14285714285717,58.348388625386484,58.348388625386484,24.230032,0.031033842,0.00021161449,1.0
1780000,3.5841734,4.8151994,227.66666666666666,58.557122187190025,58.557122187190025,17.251492,0.025177091,0.00021109001,1.0
1790000,3.965766,2.9777315,243.33333333333334,59.71913425670937,59.71913425670937,15.066351,0.020902548,0.00021056208,1.0
1800000,3.8045752,3.0823913,587.5,54.33544230604699,54.33544230604699,9.513129,0.025475495,0.00021000403,1.0
1810000,3.6684124,3.4535873,528.5714285714286,54.09488014398188,54.09488014398188,None,None,None,1.0
1820000,3.4024825,5.678425,272.0,58.1516814237564,58.1516814237564,16.42992,0.027063627,0.00020944465,1.0
1830000,3.633457,5.4763584,224.75,58.71068343997467,58.71068343997467,21.038237,0.019051136,0.00020892866,1.0
1840000,3.658807,3.5059521,523.4285714285714,54.910971038376374,54.910971038376374,16.819695,0.02245679,0.00020841422,1.0
1850000,3.6316068,3.517497,462.125,54.01833668763201,54.01833668763201,13.771506,0.023623407,0.00020785288,1.0
1860000,3.727286,4.5103836,338.5,59.066553598290064,59.066553598290064,15.596561,0.02261272,0.00020728704,1.0
1870000,3.4834633,4.6314383,292.44444444444446,56.530683034338146,56.530683034338146,17.082554,0.021958793,0.00020674229,1.0
1880000,3.5334005,4.9351006,288.7142857142857,56.441649481356144,56.441649481356144,20.951332,0.023586722,0.00020618424,1.0
1890000,3.5761328,4.3887863,298.2857142857143,55.9233358619062,55.9233358619062,17.688139,0.030307097,0.00020564247,1.0
1900000,3.6863985,3.6335032,250.75,57.63308502351865,57.63308502351865,14.416651,0.029484099,0.00020511182,1.0
1910000,3.7267025,3.7760205,346.3333333333333,57.83622367058415,57.83622367058415,13.520908,0.02694159,0.00020456448,1.0
1920000,3.5447052,4.644214,599.0,55.98341711792163,55.98341711792163,13.654281,0.02223382,0.00020401605,1.0
1930000,3.4980984,4.9184337,226.42857142857142,57.595946318122515,57.595946318122515,None,None,None,1.0
1940000,3.6068184,4.46397,381.2,58.40108222782146,58.40108222782146,16.218565,0.022707308,0.00020349765,1.0
1950000,3.6982994,3.0558126,615.4285714285714,59.650788011707704,59.650788011707704,19.229979,0.021670545,0.00020293523,1.0
1960000,3.6397083,3.5670888,389.2,52.861077635300006,52.861077635300006,11.920947,0.022289896,0.00020240163,1.0
1970000,3.3516133,5.2761564,464.375,57.048315449451266,57.048315449451266,16.756989,0.02527902,0.00020185609,1.0
1980000,3.6159751,4.417493,223.75,54.00732746780576,54.00732746780576,20.64024,0.02468673,0.0002013386,1.0
1990000,3.4767828,4.7385545,223.0,59.75732927378483,59.75732927378483,18.089027,0.02684118,0.00020077106,1.0
2000000,3.6118426,4.3234434,372.7826086956522,58.02816358276177,58.02816358276177,18.317776,0.024364447,0.00020023748,1.0
2010000,3.625564,3.4020765,458.1666666666667,57.35511842207052,57.35511842207052,13.791678,0.02435138,0.0001996762,1.0
2020000,3.7131257,3.48563,420.2,58.09457342827227,58.09457342827227,12.759153,0.021437291,0.00019914383,1.0
2030000,3.658184,3.8134406,364.8333333333333,59.061269730529084,59.061269730529084,12.315645,0.021531222,0.00019861384,1.0
2040000,3.7224965,3.4160686,197.6,61.594498257152736,61.594498257152736,19.168085,0.022186033,0.00019808147,1.0
2050000,3.5373752,3.585764,622.8571428571429,57.77163552170896,57.77163552170896,15.039168,0.021444758,0.0001975269,1.0
2060000,3.732794,3.3443723,432.3333333333333,53.929074994909264,53.929074994909264,None,None,None,1.0
2070000,3.7466035,2.167766,457.1666666666667,56.09224634934217,56.09224634934217,8.210029,0.02695517,0.00019699804,1.0
2080000,3.378047,4.4033012,463.51162790697674,56.401320394244976,56.401320394244976,11.708377,0.024878146,0.00019647644,1.0
2090000,3.3490999,5.7450256,425.0,58.14537130882309,58.14537130882309,20.615414,0.025222037,0.00019595925,1.0
2100000,3.4130433,5.4080067,445.8,58.5384193321981,58.5384193321981,22.358578,0.02658891,0.00019543186,1.0
2110000,3.495799,3.4583561,321.5,55.804164548900545,55.804164548900545,22.186625,0.024658764,0.00019490205,1.0
2120000,3.536344,4.576606,313.25,61.02673370931353,61.02673370931353,14.759263,0.01999464,0.00019436047,1.0
2130000,3.579249,2.9881334,313.7142857142857,54.71320719669827,54.71320719669827,10.892341,0.020200066,0.00019384029,1.0
2140000,3.3565032,4.2869086,272.2,61.16745943935846,61.16745943935846,15.312794,0.018714149,0.00019332723,1.0
2150000,3.0674396,6.1701756,331.25,57.87587233051696,57.87587233051696,24.232544,0.025887046,0.00019279042,1.0
2160000,3.2615387,6.683607,192.5,60.73889985698874,60.73889985698874,25.856085,0.021895362,0.00019225065,1.0
2170000,3.516869,4.5308814,476.2857142857143,58.19501764164306,58.19501764164306,17.749607,0.02172927,0.00019169645,1.0
2180000,3.410364,4.168445,482.125,57.31404360906648,57.31404360906648,20.076368,0.023014436,0.00019117446,1.0
2190000,3.5087113,4.19235,233.125,60.56426699676214,60.56426699676214,24.605371,0.02315509,0.00019062265,1.0
2200000,3.1246254,5.6315436,311.46153846153845,59.984431405591366,59.984431405591366,18.163387,0.02155342,0.00019007086,1.0
2210000,3.1785173,6.408263,342.8888888888889,55.32055384452719,55.32055384452719,26.904305,0.019408526,0.0001895193,1.0
2220000,3.3295388,5.2616153,293.875,57.44378772798033,57.44378772798033,23.243532,0.023628052,0.00018900068,1.0
2230000,3.2976043,5.8251295,212.75,58.75305824747608,58.75305824747608,None,None,None,1.0
2240000,3.4200096,5.197328,181.22222222222223,58.06628698417788,58.06628698417788,24.412209,0.026964614,0.0001884539,1.0
2250000,3.4173744,5.1691885,427.2857142857143,57.69320017153708,57.69320017153708,17.08576,0.02558173,0.00018789986,1.0
2260000,3.2246466,5.6223445,225.05882352941177,58.464274960164204,58.464274960164204,21.675152,0.026736116,0.00018737325,1.0
2270000,3.4582303,5.091952,214.28571428571428,60.03041418201091,60.03041418201091,22.771923,0.023245113,0.00018681487,1.0
2280000,3.3954928,4.1460075,216.11111111111111,58.516229375100615,58.516229375100615,21.243864,0.019693397,0.00018624785,1.0
2290000,3.272554,5.152632,225.66666666666666,59.793987723559525,59.793987723559525,20.956205,0.023717768,0.00018573267,1.0
2300000,3.2747817,6.1173296,418.625,57.74464693512501,57.74464693512501,22.120846,0.021093816,0.00018518606,1.0
2310000,3.4300642,4.8125424,377.2857142857143,59.032059821125586,59.032059821125586,17.557026,0.025023472,0.00018465341,1.0
2320000,3.3898723,4.7078133,176.44444444444446,59.47899997056811,59.47899997056811,17.358656,0.03192356,0.00018410427,1.0
2330000,3.2070076,4.6653056,256.6666666666667,58.28770053994635,58.28770053994635,17.340261,0.030492377,0.00018356688,1.0
2340000,3.1870725,6.6947002,271.75,59.711946143215755,59.711946143215755,23.84957,0.025432585,0.00018302644,1.0
2350000,3.2114995,6.81111,270.1111111111111,56.600957050974316,56.600957050974316,22.219387,0.025927786,0.00018250706,1.0
2360000,3.2614727,4.9294443,570.7,58.826062797092426,58.826062797092426,None,None,None,1.0
2370000,3.0541208,6.8453283,456.27027027027026,56.12875127413067,56.12875127413067,18.733845,0.022628684,0.00018195526,1.0
2380000,3.0907211,7.9951677,175.46666666666667,58.8078398354682,58.8078398354682,21.511875,0.021900266,0.00018141507,1.0
2390000,3.1235666,6.1191406,246.1,57.81574023428468,57.81574023428468,20.27129,0.029599812,0.00018087166,1.0
2400000,3.129118,5.7314363,193.0,59.232476232212015,59.232476232212015,28.243994,0.022210695,0.00018035945,1.0
2410000,3.4050765,5.8062124,218.75,58.700636087873136,58.700636087873136,24.495144,0.029604992,0.00017984306,1.0
2420000,3.3129604,3.1075385,403.57142857142856,56.585349490200834,56.585349490200834,20.881275,0.02460905,0.00017928425,1.0
2430000,3.1850183,5.790208,193.11111111111111,59.40427594276242,59.40427594276242,12.693892,0.022393538,0.00017876463,1.0
2440000,3.4830754,4.8001842,241.8,58.631087494791366,58.631087494791366,19.447193,0.026342286,0.00017824642,1.0
2450000,3.2460847,4.731067,527.75,54.95106245196075,54.95106245196075,13.179553,0.029506776,0.0001777051,1.0
2460000,3.0907922,5.549458,272.6363636363636,59.20716596954199,59.20716596954199,18.506233,0.022782398,0.00017717188,1.0
2470000,3.3276284,5.9347105,212.83333333333334,58.22189782125255,58.22189782125255,26.53456,0.026051166,0.00017664165,1.0
2480000,3.5059152,4.0563607,344.2857142857143,58.240538223054806,58.240538223054806,12.949351,0.02049657,0.00017610409,1.0
2490000,3.0299175,5.647654,277.9230769230769,58.776707314056175,58.776707314056175,22.792772,0.02462342,0.00017557625,1.0
2500000,3.0583296,7.4251027,516.8148148148148,55.319311017153915,55.319311017153915,25.459282,0.019778924,0.00017504807,1.0
2510000,2.9992688,5.989026,266.4878048780488,57.82729690709733,57.82729690709733,None,None,None,1.0
2520000,3.0912025,7.0819874,169.7,60.47865920789939,60.47865920789939,20.641375,0.025156047,0.00017449849,1.0
2530000,3.1865437,5.215927,136.6,59.49987329647411,59.49987329647411,27.160412,0.020097762,0.00017393549,1.0
2540000,3.2076104,5.194525,286.8,57.744388176808165,57.744388176808165,22.581793,0.022499066,0.00017338822,1.0
2550000,3.250945,6.308568,162.0,61.612229090616374,61.612229090616374,23.743032,0.02511755,0.00017283346,1.0
2560000,3.2350018,4.757384,602.7142857142857,57.01990692993942,57.01990692993942,19.467583,0.02635046,0.00017229703,1.0
2570000,3.2369187,5.3569713,334.1818181818182,59.02588303600946,59.02588303600946,16.337122,0.028870156,0.00017178469,1.0
2580000,3.3230004,5.6790175,150.16666666666666,61.70799451987259,61.70799451987259,20.555162,0.02365795,0.00017121105,1.0
2590000,3.203871,5.610032,315.25,57.71191643735963,57.71191643735963,22.970257,0.021904113,0.00017068708,1.0
2600000,3.321328,4.0870953,327.8,58.50986272895534,58.50986272895534,13.833315,0.017122915,0.00017017168,1.0
2610000,3.3164184,4.4443974,313.6666666666667,58.52254786046355,58.52254786046355,12.504696,0.029333584,0.00016965024,1.0
2620000,3.4723556,3.3084376,610.5,58.723942862732656,58.723942862732656,10.920934,0.027600892,0.00016909729,1.0
2630000,3.413505,3.9601986,374.14285714285717,55.341744865779766,55.341744865779766,10.240725,0.021342633,0.00016852748,1.0
2640000,3.0756352,4.5433993,440.1111111111111,57.85024041449651,57.85024041449651,None,None,None,1.0
2650000,3.111715,5.897405,243.28571428571428,57.81795109280696,57.81795109280696,16.786766,0.026551105,0.00016797005,1.0
2660000,3.1408117,4.993982,341.0,58.75085590519302,58.75085590519302,19.997995,0.023743112,0.0001674489,1.0
2670000,2.9300969,6.3089423,282.75,58.09777981486695,58.09777981486695,16.560501,0.021387452,0.00016691224,1.0
2680000,3.198555,4.8004727,335.1,59.36537546874024,59.36537546874024,21.113081,0.028034098,0.00016635803,1.0
2690000,3.0223215,6.3480268,196.71428571428572,58.35138838567218,58.35138838567218,17.705275,0.025189577,0.0001658223,1.0
2700000,3.4087684,3.7577808,631.92,58.50613398795637,58.50613398795637,22.109922,0.021920707,0.00016530341,1.0
2710000,3.1592085,5.362932,367.4117647058824,57.36741436757276,57.36741436757276,15.133136,0.025234362,0.00016474005,1.0
2720000,3.368993,5.2349186,401.3333333333333,56.377751051508916,56.377751051508916,24.370792,0.03321493,0.00016420007,1.0
2730000,3.1151998,5.1005807,256.8888888888889,59.98538306126138,59.98538306126138,19.761545,0.028657068,0.00016365763,1.0
2740000,3.00081,6.479949,267.45454545454544,58.65023033562201,58.65023033562201,16.438246,0.018838078,0.00016312083,1.0
2750000,3.0689268,6.143963,303.7142857142857,60.88978114913698,60.88978114913698,27.467335,0.022828056,0.00016256103,1.0
2760000,2.9177442,6.08148,204.54545454545453,59.509780130010434,59.509780130010434,19.187523,0.029956603,0.00016201806,1.0
2770000,3.1652596,5.7521124,220.0,59.3743562126765,59.3743562126765,None,None,None,1.0
2780000,3.195706,6.3341336,355.6666666666667,57.35064313893478,57.35064313893478,20.820839,0.021257821,0.00016146543,1.0
2790000,3.4397166,3.5170486,245.8,58.81866864049031,58.81866864049031,22.24812,0.02482039,0.00016094788,1.0
2800000,3.3004391,3.9302068,579.7142857142857,55.98348136171698,55.98348136171698,7.6966004,0.02215251,0.00016041944,1.0
2810000,3.2701285,5.060521,320.10526315789474,56.56075575614814,56.56075575614814,13.851096,0.024157315,0.00015990304,1.0
2820000,3.06987,5.002282,323.0,57.48723286722735,57.48723286722735,12.755384,0.023704084,0.0001593767,1.0
2830000,3.3081212,5.0889935,604.6,55.64307364788838,55.64307364788838,15.471239,0.019669674,0.0001588639,1.0
2840000,3.3827364,3.3623428,231.0,58.6924441200681,58.6924441200681,13.907374,0.022703351,0.00015833662,1.0
2850000,3.2598486,3.001103,565.125,59.083429761418714,59.083429761418714,8.661654,0.022360634,0.00015779784,1.0
2860000,3.1748927,5.0134673,135.66666666666666,57.61196296314216,57.61196296314216,16.794453,0.028185396,0.00015725048,1.0
2870000,3.495297,3.8276083,365.6666666666667,60.55049688508734,60.55049688508734,9.614133,0.022448752,0.00015671828,1.0
2880000,3.195392,3.8143892,252.85714285714286,58.297193204766245,58.297193204766245,9.267217,0.028601022,0.00015618745,1.0
2890000,3.2865152,4.6188717,141.0,59.521551522581525,59.521551522581525,18.900434,0.029383682,0.00015564446,1.0
2900000,3.271889,3.1711755,720.1111111111111,55.490175001788884,55.490175001788884,6.9760437,0.030898528,0.00015511464,1.0
2910000,2.9435017,5.3985243,514.5,56.90628399262205,56.90628399262205,18.715515,0.025253262,0.00015454847,1.0
2920000,3.0340817,5.023365,235.57142857142858,60.70107484670007,60.70107484670007,18.280586,0.02216596,0.00015400404,1.0
2930000,3.1291397,4.4875627,461.0,57.29584285345239,57.29584285345239,None,None,None,1.0
2940000,3.0373034,4.654352,243.28571428571428,58.94619734256412,58.94619734256412,16.08815,0.029160134,0.00015348525,1.0
2950000,3.0559886,5.010601,558.0,55.62749501883589,55.62749501883589,18.793385,0.026609283,0.00015293848,1.0
2960000,2.8170524,5.4987893,432.8,58.75935565966431,58.75935565966431,16.396938,0.031741746,0.00015239327,1.0
2970000,3.006988,5.1052237,392.3333333333333,58.107826089748414,58.107826089748414,21.769342,0.023393838,0.00015185824,1.0
2980000,3.1028748,4.581414,210.75,58.92995308918762,58.92995308918762,17.080957,0.027236922,0.00015130926,1.0
2990000,3.366674,2.3819466,177.33333333333334,60.707371945725754,60.707371945725754,12.329465,0.027036944,0.00015076787,1.0
3000000,3.3223684,2.9667907,365.75,56.77486129802128,56.77486129802128,8.147164,0.02119581,0.00015024608,1.0
3010000,3.0209768,3.5681186,576.75,56.07545960371499,56.07545960371499,6.2745166,0.020770347,0.00014972627,1.0
3020000,3.0149848,5.997017,313.0,58.70191500056535,58.70191500056535,17.933176,0.025275122,0.00014917586,1.0
3030000,2.6688464,6.549054,227.66666666666666,58.65245009369683,58.65245009369683,23.228786,0.021162111,0.0001486567,1.0
3040000,3.3086622,4.345611,241.6,58.66953212232329,58.66953212232329,17.026527,0.02297316,0.00014814068,1.0
3050000,3.0903757,3.6843967,599.75,57.625790315240415,57.625790315240415,15.191638,0.014355717,0.00014760609,1.0
3060000,3.075535,4.5373306,141.4,58.630555781256405,58.630555781256405,14.872382,0.019785108,0.00014706928,1.0
3070000,3.1891408,3.5264716,350.6,59.395488050114366,59.395488050114366,10.338769,0.024566984,0.00014654547,1.0
3080000,2.9906874,3.9348307,680.5,55.8255757618592,55.8255757618592,14.181324,0.024168573,0.0001460107,1.0
3090000,2.7661738,5.9607015,388.3636363636364,57.84902594407322,57.84902594407322,None,None,None,1.0
3100000,2.9742625,5.090291,356.25,58.11133902935641,58.11133902935641,22.988792,0.023299832,0.00014546126,1.0
3110000,2.8899367,5.071305,217.71428571428572,60.5574330418749,60.5574330418749,19.165646,0.023745839,0.00014488967,1.0
3120000,2.8484533,6.3364263,257.6666666666667,58.38462061122326,58.38462061122326,20.178808,0.026894381,0.00014432507,1.0
3130000,3.1246526,4.3697553,158.57142857142858,59.616338147005685,59.616338147005685,20.05226,0.020956108,0.00014379589,1.0
3140000,3.1189601,4.9515777,268.0,59.41536741905535,59.41536741905535,17.175608,0.029962208,0.00014327046,1.0
3150000,3.0219462,4.4255548,291.6363636363636,59.62196642367215,59.62196642367215,14.634588,0.021916768,0.00014274225,1.0
3160000,2.584142,7.1482296,260.9166666666667,59.04361110642718,59.04361110642718,29.665733,0.024770344,0.00014217607,1.0
3170000,2.8350978,9.021894,143.33333333333334,60.875157868105454,60.875157868105454,35.20145,0.020241214,0.00014165168,1.0
3180000,3.0756269,3.734153,387.8888888888889,58.06697488344896,58.06697488344896,17.46692,0.02447369,0.00014112487,1.0
3190000,2.7131667,6.424502,465.125,57.711165768161756,57.711165768161756,23.689507,0.027885908,0.00014059506,1.0
3200000,2.9639342,5.4500747,299.3333333333333,58.19036250474164,58.19036250474164,19.18227,0.0244105,0.0001400685,1.0
3210000,2.9525464,6.4006934,283.7142857142857,59.81054629360733,59.81054629360733,23.070675,0.023476692,0.00013955489,1.0
3220000,3.1539686,5.4474263,355.0,58.07841340918094,58.07841340918094,17.158504,0.020259298,0.00013903808,1.0
3230000,3.2943046,4.036467,205.5,60.793813169335145,60.793813169335145,17.071379,0.022031145,0.00013852245,1.0
3240000,3.1315432,5.0308475,273.2857142857143,59.693913425086066,59.693913425086066,None,None,None,1.0
3250000,3.028386,4.9860325,327.0,57.164275179248456,57.164275179248456,17.853327,0.021340013,0.00013796105,1.0
3260000,2.9105728,5.5288486,299.09090909090907,59.421725375636015,59.421725375636015,14.98993,0.023866327,0.00013740924,1.0
3270000,2.9206297,6.009713,325.0,57.10124694386226,57.10124694386226,20.64668,0.022735795,0.00013684647,1.0
3280000,3.242786,4.258779,221.66666666666666,59.16426065727137,59.16426065727137,15.303185,0.024424937,0.00013632565,1.0
3290000,3.5506551,2.0597012,851.3333333333334,53.613754668583475,53.613754668583475,12.234862,0.016774386,0.00013577504,1.0
3300000,3.3106537,2.9868183,755.1666666666666,58.34679125125209,58.34679125125209,10.386745,0.026643496,0.00013520068,1.0
3310000,3.2947588,4.1782265,235.75,59.36683461489156,59.36683461489156,12.208466,0.01686346,0.00013466606,1.0
3320000,3.4110315,3.3602808,138.75,59.70696718688123,59.70696718688123,15.124264,0.017269999,0.00013412368,1.0
3330000,3.294449,2.8697453,869.5,55.61478001166446,55.61478001166446,4.997481,0.024074249,0.00013359588,1.0
3340000,3.3349469,4.324568,492.0,55.07865809593932,55.07865809593932,12.561639,0.020965002,0.00013307689,1.0
3350000,3.4044673,3.7684457,324.2,60.28920761068972,60.28920761068972,14.084077,0.02809875,0.00013255907,1.0
3360000,3.1473856,2.8680158,482.625,55.396262017427944,55.396262017427944,None,None,None,1.0
3370000,3.003647,6.0056305,381.25,58.57165345499691,58.57165345499691,12.370279,0.027097825,0.00013199066,1.0
3380000,2.6745937,6.8214903,325.8181818181818,60.61611564954828,60.61611564954828,16.351353,0.018854646,0.00013145588,1.0
3390000,2.912558,5.867507,151.26666666666668,59.99057667720545,59.99057667720545,29.433758,0.02246048,0.00013090429,1.0
3400000,3.0311186,5.194578,541.4285714285714,58.10429664322042,58.10429664322042,16.947348,0.017781446,0.00013039168,1.0
3410000,3.0261571,3.8240745,400.77777777777777,58.33544840940158,58.33544840940158,17.965208,0.020098988,0.00012986668,1.0
3420000,2.8348515,6.357701,370.8888888888889,58.8694295946334,58.8694295946334,19.524815,0.021068871,0.00012931507,1.0
3430000,2.661989,6.062271,367.57142857142856,58.842464409564855,58.842464409564855,22.427135,0.0239734,0.00012879384,1.0
3440000,2.902501,5.267815,144.0,59.043881210294785,59.043881210294785,16.36441,0.022961104,0.00012824548,1.0
3450000,2.9080465,4.093186,221.71428571428572,59.26907388420659,59.26907388420659,19.591526,0.018939285,0.00012770723,1.0
3460000,2.8583894,4.6510143,248.0,59.62398874864448,59.62398874864448,21.996881,0.026816959,0.00012718467,1.0
3470000,2.9584992,4.5915446,460.7142857142857,56.36682212349115,56.36682212349115,14.732128,0.019968735,0.00012664146,1.0
3480000,2.6861358,4.3980026,208.66666666666666,60.483543925181344,60.483543925181344,21.860174,0.02858946,0.00012606986,1.0
3490000,2.8839383,4.6032977,184.2,59.43909316719925,59.43909316719925,13.293337,0.01945753,0.0001255543,1.0
3500000,2.8851297,4.78789,699.2857142857143,60.01181065725783,60.01181065725783,None,None,None,1.0
3510000,3.1590166,2.6469634,319.75,55.268182910978794,55.268182910978794,11.91373,0.023589881,0.00012499029,1.0
3520000,2.9961555,3.4442341,548.4,57.140339755336754,57.140339755336754,7.893753,0.018986655,0.00012443986,1.0
3530000,2.8942978,4.85482,315.22222222222223,58.56398503982928,58.56398503982928,13.924854,0.029188117,0.00012389869,1.0
3540000,2.9712307,5.2981353,310.5652173913044,58.834296372457175,58.834296372457175,19.314894,0.02329864,0.0001233853,1.0
3550000,2.7096593,4.1389375,573.2727272727273,57.72032774864188,57.72032774864188,17.259119,0.019981917,0.00012282706,1.0
3560000,2.6802797,6.2621126,333.1,58.718812018876804,58.718812018876804,21.667925,0.021963898,0.00012228847,1.0
3570000,2.5443485,6.9820967,335.90909090909093,59.13348634840678,59.13348634840678,25.58475,0.029015807,0.000121720885,1.0
3580000,2.733496,6.44384,158.0,59.69476369256154,59.69476369256154,19.668343,0.023692789,0.00012116886,1.0
3590000,2.903686,5.5333533,247.66666666666666,59.766057373955846,59.766057373955846,22.037867,0.022564264,0.000120625446,1.0
3600000,2.60849,7.1679177,317.8,58.665219937316245,58.665219937316245,19.920837,0.02329567,0.00012008447,1.0
3610000,2.762306,4.4227204,517.9,57.45654924613902,57.45654924613902,21.925196,0.026095837,0.000119544864,1.0
3620000,2.9412522,6.0792212,195.6,60.15179697377607,60.15179697377607,19.202368,0.018393125,0.00011900187,1.0
3630000,2.639794,5.404452,241.57142857142858,59.02199485559767,59.02199485559767,None,None,None,1.0
3640000,2.3157823,7.425185,266.1694915254237,58.289323167902275,58.289323167902275,18.422916,0.02296702,0.00011847208,1.0
3650000,2.2312303,9.225654,231.24324324324326,60.6180086712001,60.6180086712001,31.816935,0.022731747,0.000117952266,1.0
3660000,2.5805185,5.2471337,193.2,60.180507294264515,60.180507294264515,26.397139,0.029302176,0.000117433476,1.0
3670000,2.6036644,7.6769733,203.42857142857142,59.725929330865256,59.725929330865256,27.703236,0.01836959,0.00011688307,1.0
3680000,2.8767588,3.779646,431.8,57.347170055090615,57.347170055090615,14.576821,0.03342389,0.000116348885,1.0
3690000,2.493932,7.741981,306.0,57.60737950989001,57.60737950989001,12.743092,0.025666622,0.00011582747,1.0
3700000,2.5313373,6.741112,153.1818181818182,60.21889498082722,60.21889498082722,22.838083,0.019270616,0.000115266856,1.0
3710000,2.4224594,6.6088047,285.7,59.347011197738176,59.347011197738176,32.742867,0.021470567,0.000114739094,1.0
3720000,2.1886983,8.139188,210.6,59.331831545846974,59.331831545846974,24.993969,0.020851396,0.00011419408,1.0
3730000,2.4423435,6.6370163,141.33333333333334,60.41081844218641,60.41081844218641,28.632032,0.021490613,0.00011364985,1.0
3740000,2.214768,7.314687,185.375,60.799639259174,60.799639259174,24.053951,0.024241097,0.00011312069,1.0
3750000,2.2688031,9.234854,121.1,61.203364581149074,61.203364581149074,34.02584,0.027235972,0.00011260787,1.0
3760000,2.4189928,7.1270256,277.8,59.43071707027716,59.43071707027716,18.662569,0.025779447,0.00011209027,1.0
3770000,2.4205031,7.663359,432.8888888888889,58.26127251685673,58.26127251685673,25.975796,0.027836146,0.00011155127,1.0
3780000,1.7431555,8.257217,211.3181818181818,59.268086923338984,59.268086923338984,None,None,None,1.0
3790000,2.0117226,11.145917,130.15384615384616,61.82263773377856,61.82263773377856,36.571922,0.021203224,0.00011099326,1.0
3800000,2.0562103,8.397127,177.91666666666666,59.272933108145374,59.272933108145374,42.441483,0.021788124,0.00011047187,1.0
3810000,2.2442534,7.3544717,149.2,60.62712716216761,60.62712716216761,27.330023,0.024386643,0.00010991949,1.0
3820000,2.3203096,6.8436284,282.1666666666667,58.9168672530097,58.9168672530097,25.266552,0.019057414,0.000109358065,1.0
3830000,1.9263341,8.973551,180.72413793103448,59.35562980279792,59.35562980279792,24.09284,0.029446688,0.000108806664,1.0
3840000,1.8237988,8.787957,220.71428571428572,59.33137758094213,59.33137758094213,38.689476,0.024187459,0.00010828627,1.0
3850000,1.705464,9.346614,160.94444444444446,60.178255013500454,60.178255013500454,30.145184,0.019665448,0.000107755266,1.0
3860000,1.9864689,9.637994,137.0,60.38678679168273,60.38678679168273,34.166782,0.024491278,0.00010719268,1.0
3870000,1.736697,10.776424,157.53333333333333,60.12673254323818,60.12673254323818,31.452787,0.03416988,0.000106661086,1.0
3880000,2.2158208,8.433766,130.2,60.60542972534313,60.60542972534313,32.965225,0.017855315,0.00010610446,1.0
3890000,2.208471,7.285439,196.15384615384616,59.600835431008214,59.600835431008214,28.848347,0.02274396,0.00010558966,1.0
3900000,2.6019018,6.1683474,151.55555555555554,60.735312854358924,60.735312854358924,22.849806,0.023913266,0.00010505828,1.0
3910000,2.1213522,8.226965,202.63636363636363,60.47090145687107,60.47090145687107,None,None,None,1.0
3920000,2.5020561,6.879539,378.2857142857143,58.866426043245156,58.866426043245156,21.553307,0.024621839,0.000104489285,1.0
3930000,2.4310036,6.251808,282.6363636363636,59.30487218629569,59.30487218629569,19.781328,0.02639697,0.00010397608,1.0
3940000,2.2407238,6.5649652,274.6,59.61365837843041,59.61365837843041,20.830963,0.022135668,0.00010341807,1.0
3950000,2.1376438,8.079866,285.6363636363636,58.80017478686413,58.80017478686413,29.831364,0.022418093,0.000102861704,1.0
3960000,1.9413446,7.9464803,209.23076923076923,60.26394466775154,60.26394466775154,23.462475,0.022407832,0.00010229887,1.0
3970000,2.1860633,10.386048,207.88888888888889,60.54230737010243,60.54230737010243,29.840986,0.02060044,0.00010174747,1.0
3980000,2.3729482,6.806711,253.44444444444446,58.777168252447154,58.777168252447154,30.710413,0.030274231,0.00010119609,1.0
3990000,2.3699398,7.6368055,226.44444444444446,59.507466409749924,59.507466409749924,22.669373,0.022586921,0.000100643294,1.0
4000000,2.1104178,7.56816,173.16666666666666,59.949061103708836,59.949061103708836,22.77101,0.02410545,0.000100081284,1.0
4010000,2.3844488,6.0042253,257.7142857142857,59.010577724082395,59.010577724082395,16.958733,0.02387256,9.953565e-05,1.0
4020000,2.2917926,6.2340217,200.2,59.47515094690213,59.47515094690213,19.308964,0.023406833,9.900469e-05,1.0
4030000,2.205925,7.8707943,203.57142857142858,59.491341905028094,59.491341905028094,None,None,None,1.0
4040000,2.1977036,6.3810368,205.46511627906978,59.68863545238855,59.68863545238855,22.259243,0.013724638,9.8488905e-05,1.0
4050000,2.2388916,6.827983,267.6341463414634,59.810651555361055,59.810651555361055,17.516838,0.02941506,9.7938086e-05,1.0
4060000,2.2111313,6.814918,563.7272727272727,57.37763508272959,57.37763508272959,22.621958,0.021109032,9.7423865e-05,1.0
4070000,2.0050714,7.7961383,344.0,58.79644301009778,58.79644301009778,21.437447,0.023570633,9.686211e-05,1.0
4080000,2.1808267,8.625968,241.9090909090909,59.62970022680675,59.62970022680675,28.530079,0.022124326,9.631668e-05,1.0
4090000,1.8825225,9.099592,210.9090909090909,59.072532331944856,59.072532331944856,23.521883,0.026522316,9.577286e-05,1.0
4100000,2.2009718,7.6088614,206.9,60.37710387120605,60.37710387120605,34.444256,0.021461338,9.522106e-05,1.0
4110000,2.1519806,8.585378,182.9090909090909,59.48946108403616,59.48946108403616,24.25692,0.022595955,9.470149e-05,1.0
4120000,2.0581005,6.983413,399.0,59.07690476725111,59.07690476725111,20.990778,0.022426248,9.415627e-05,1.0
4130000,1.6362787,10.171548,226.0,58.83722566022805,58.83722566022805,32.26707,0.028830944,9.363868e-05,1.0
4140000,1.8872074,10.262497,175.83333333333334,61.09539853250261,61.09539853250261,35.27397,0.027700815,9.310906e-05,1.0
4150000,1.9563265,8.340031,180.85714285714286,59.666922014108145,59.666922014108145,28.87687,0.025766823,9.2581875e-05,1.0
4160000,2.083469,9.50467,149.88888888888889,61.173345114686526,61.173345114686526,28.055197,0.025897762,9.2046495e-05,1.0
4170000,1.982284,8.106997,138.77777777777777,60.16714874043222,60.16714874043222,28.871319,0.026095957,9.150786e-05,1.0
4180000,2.0985131,8.114892,183.6060606060606,60.0922411048642,60.0922411048642,None,None,None,1.0
4190000,2.3736105,6.3501577,265.625,58.687270697123104,58.687270697123104,26.210283,0.030300504,9.0990885e-05,1.0
4200000,2.1335297,6.6256804,231.85106382978722,58.04810264599897,58.04810264599897,16.238276,0.018109782,9.045987e-05,1.0
4210000,2.1077173,7.6870513,156.94594594594594,60.69187849716982,60.69187849716982,26.556211,0.028099962,8.993429e-05,1.0
4220000,2.0960872,7.638405,287.45454545454544,58.62361890238244,58.62361890238244,24.911993,0.02284621,8.940928e-05,1.0
4230000,2.0538864,7.44498,280.7857142857143,59.399136539262074,59.399136539262074,23.538752,0.025467748,8.8877896e-05,1.0
4240000,2.3222013,7.3384547,136.0,61.69723559927661,61.69723559927661,28.41189,0.03582131,8.833729e-05,1.0
4250000,2.2368674,7.024024,167.3,59.44560085060075,59.44560085060075,19.701176,0.023623146,8.777591e-05,1.0
4260000,2.322101,6.040501,346.54545454545456,58.97782119829208,58.97782119829208,19.757778,0.019044345,8.72521e-05,1.0
4270000,2.130757,8.306338,176.0,60.106502470798375,60.106502470798375,24.62795,0.02669336,8.670106e-05,1.0
4280000,2.2178595,8.032079,233.125,60.38561887565468,60.38561887565468,27.554792,0.020327127,8.616325e-05,1.0
4290000,2.2141728,6.6206665,282.1,59.40447070284022,59.40447070284022,26.308784,0.020596407,8.564209e-05,1.0
4300000,2.1149461,8.412607,381.8139534883721,60.48543227194089,60.48543227194089,28.500505,0.025573444,8.512749e-05,1.0
4310000,2.220705,6.331387,166.7,59.991760931055374,59.991760931055374,27.114765,0.026670368,8.459289e-05,1.0
4320000,2.1939814,6.577265,412.1111111111111,59.75392607530978,59.75392607530978,17.370392,0.023015505,8.407406e-05,1.0
4330000,1.8058276,7.773598,266.1818181818182,59.013267798507066,59.013267798507066,23.935896,0.022564264,8.355507e-05,1.0
4340000,1.6948937,9.418889,178.69230769230768,60.84912780075805,60.84912780075805,34.212833,0.027172556,8.301409e-05,1.0
4350000,1.8968502,8.35777,447.0,58.852963526616804,58.852963526616804,None,None,None,1.0
4360000,1.9287285,8.458825,233.72727272727272,57.93804123785131,57.93804123785131,23.24041,0.025027934,8.245747e-05,1.0
4370000,2.031138,7.974269,190.4,58.91333524183008,58.91333524183008,21.21033,0.027351458,8.192387e-05,1.0
4380000,2.069334,7.522297,236.5,59.59542562210911,59.59542562210911,20.971743,0.02479153,8.136889e-05,1.0
4390000,2.034984,6.2395763,221.5,59.84115937956439,59.84115937956439,18.400286,0.025561508,8.085286e-05,1.0
4400000,1.9553413,8.290899,188.04255319148936,59.77815175455804,59.77815175455804,27.386238,0.018343128,8.0313286e-05,1.0
4410000,1.8926647,8.198123,133.0,60.12770865315666,60.12770865315666,25.732613,0.02478871,7.977169e-05,1.0
4420000,2.1084023,8.991917,170.66666666666666,60.140380383562295,60.140380383562295,29.578228,0.020786995,7.9241094e-05,1.0
4430000,2.024212,6.772755,358.53061224489795,59.5991123836658,59.5991123836658,14.649446,0.02753793,7.8688296e-05,1.0
4440000,2.1889482,6.7192497,173.0,59.98320751884603,59.98320751884603,28.304167,0.021312622,7.814406e-05,1.0
4450000,1.9013475,8.549213,318.7857142857143,58.79312813125216,58.79312813125216,24.443176,0.025846096,7.761649e-05,1.0
4460000,1.8079818,8.787768,193.28571428571428,59.56490405307495,59.56490405307495,30.172285,0.028404282,7.709208e-05,1.0
4470000,1.7393626,8.54828,198.375,61.3536858704233,61.3536858704233,37.222633,0.028812129,7.6575685e-05,1.0
4480000,1.7099302,10.924951,246.6,60.06081406639602,60.06081406639602,34.908707,0.02587335,7.6048076e-05,1.0
4490000,1.9320037,8.735498,216.41666666666666,59.48689167570914,59.48689167570914,31.575684,0.024219083,7.552949e-05,1.0
4500000,1.7979988,10.521063,108.41666666666667,60.29377736607481,60.29377736607481,32.301792,0.026547918,7.500828e-05,1.0
4510000,1.860285,9.012205,188.14285714285714,60.081765734713244,60.081765734713244,None,None,None,1.0
4520000,1.9663361,8.678929,191.41860465116278,59.9891017611292,59.9891017611292,28.073586,0.020085989,7.4447686e-05,1.0
4530000,1.7938432,8.704458,220.8181818181818,59.29013419363182,59.29013419363182,29.105532,0.026427155,7.3891286e-05,1.0
4540000,1.6646484,8.652381,187.85714285714286,60.01418555921607,60.01418555921607,26.51129,0.018392794,7.337608e-05,1.0
4550000,1.7931145,10.202462,122.36363636363636,61.34659864833399,61.34659864833399,33.92836,0.024812294,7.280228e-05,1.0
4560000,1.8227557,7.9530263,175.42105263157896,59.67470242627896,59.67470242627896,30.273905,0.029896652,7.2287476e-05,1.0
4570000,1.7222619,9.739871,361.51612903225805,58.823095067008396,58.823095067008396,27.270233,0.02247404,7.174349e-05,1.0
4580000,2.1101384,7.499998,157.0,61.02619637761058,61.02619637761058,32.546738,0.026223067,7.120769e-05,1.0
4590000,1.7712053,8.67161,195.3125,60.525543163408294,60.525543163408294,28.791782,0.022294719,7.06449e-05,1.0
4600000,1.6095661,10.021518,142.75,59.747689178226906,59.747689178226906,35.05376,0.022871107,7.012287e-05,1.0
4610000,1.8206125,9.624427,199.0909090909091,59.85807274598887,59.85807274598887,38.71759,0.020076461,6.958608e-05,1.0
4620000,1.8128846,8.227629,177.5,60.121297309819575,60.121297309819575,24.287848,0.03038907,6.904989e-05,1.0
4630000,1.7501421,8.245254,127.33333333333333,60.5598222581071,60.5598222581071,28.450806,0.022745496,6.851829e-05,1.0
4640000,1.7462511,11.084601,251.51612903225808,59.10682455622009,59.10682455622009,None,None,None,1.0
4650000,1.8555099,7.4402766,158.6734693877551,61.13309088661811,61.13309088661811,30.813965,0.021037666,6.799448e-05,1.0
4660000,1.6861591,9.00728,310.1333333333333,59.246911086049614,59.246911086049614,27.653906,0.019557398,6.747209e-05,1.0
4670000,1.859691,11.038792,103.54545454545455,62.37763300052611,62.37763300052611,31.382874,0.01697902,6.691308e-05,1.0
4680000,1.8126453,9.17933,211.76923076923077,59.7086987962913,59.7086987962913,31.119963,0.019733965,6.6358094e-05,1.0
4690000,1.8699973,10.808048,177.55555555555554,58.56263898568189,58.56263898568189,30.538816,0.020848017,6.582949e-05,1.0
4700000,1.9834205,8.37896,356.2142857142857,58.139765606623165,58.139765606623165,26.751177,0.026424177,6.527048e-05,1.0
4710000,1.6537464,10.00221,116.4375,62.080350175038014,62.080350175038014,37.420006,0.02541842,6.470948e-05,1.0
4720000,1.6786779,10.154933,188.5,60.53611305319514,60.53611305319514,37.744656,0.023998488,6.418311e-05,1.0
4730000,1.7133458,9.081227,214.84615384615384,59.19316484405335,59.19316484405335,26.337015,0.026779646,6.366269e-05,1.0
4740000,1.6511977,10.1789465,152.2,59.56425535154219,59.56425535154219,30.822666,0.028770471,6.310289e-05,1.0
4750000,1.5348966,11.383641,210.86666666666667,60.87752562964098,60.87752562964098,33.888023,0.02411617,6.2583094e-05,1.0
4760000,1.879558,8.7771635,181.42857142857142,59.832251449568304,59.832251449568304,27.069555,0.026771931,6.2054874e-05,1.0
4770000,1.9802681,7.344788,309.6923076923077,59.72144260231047,59.72144260231047,22.960075,0.021113236,6.152269e-05,1.0
4780000,1.7832819,10.131729,185.45454545454547,60.08716018875726,60.08716018875726,None,None,None,1.0
4790000,1.5916301,8.836198,245.92307692307693,59.74379546907913,59.74379546907913,33.191578,0.027845677,6.0992672e-05,1.0
4800000,1.3461739,10.473613,171.94444444444446,59.933012164696315,59.933012164696315,26.873882,0.027310563,6.0476475e-05,1.0
4810000,1.6844032,12.192204,139.6,59.84863750698924,59.84863750698924,31.135458,0.024642594,5.993069e-05,1.0
4820000,1.7399001,9.825163,155.83333333333334,59.59706447689799,59.59706447689799,33.90721,0.0270645,5.9378297e-05,1.0
4830000,1.887573,5.9392962,222.0,60.0163498393588,60.0163498393588,28.472586,0.024032451,5.881648e-05,1.0
4840000,1.820425,7.9235106,273.77777777777777,60.3797175001985,60.3797175001985,22.263805,0.02043104,5.8301877e-05,1.0
4850000,1.7841746,8.725406,165.875,60.89321902513297,60.89321902513297,20.298178,0.02296198,5.7733687e-05,1.0
4860000,1.8050802,6.1990237,240.30769230769232,59.82402860225799,59.82402860225799,21.535229,0.028237548,5.7215093e-05,1.0
4870000,1.7058289,9.678001,121.77777777777777,61.35956398072885,61.35956398072885,29.439442,0.029969402,5.6669895e-05,1.0
4880000,1.8710308,7.722551,136.36363636363637,60.06036385706102,60.06036385706102,21.236643,0.019608755,5.6136872e-05,1.0
4890000,1.7917917,7.6708426,284.0,57.41465713871407,57.41465713871407,20.293427,0.02071958,5.558509e-05,1.0
4900000,1.6134312,9.357619,134.36363636363637,60.574384628620464,60.574384628620464,28.867382,0.022447834,5.5060067e-05,1.0
4910000,1.6711171,8.497493,289.875,59.44732176222715,59.44732176222715,25.297129,0.023533443,5.4545482e-05,1.0
4920000,1.8463689,6.377163,203.42857142857142,58.82789726310875,58.82789726310875,14.740294,0.020415884,5.4011896e-05,1.0
4930000,1.6674991,6.0408087,444.5,60.02970990442797,60.02970990442797,None,None,None,1.0
4940000,1.5996243,8.7723,369.1,59.2146072975381,59.2146072975381,24.21787,0.022943394,5.3492487e-05,1.0
4950000,1.6895622,7.4599624,161.0909090909091,59.77437597594981,59.77437597594981,25.028166,0.02863337,5.2957086e-05,1.0
4960000,1.7756033,8.165771,359.7450980392157,59.33455390296612,59.33455390296612,28.088417,0.032222923,5.2421277e-05,1.0
4970000,1.6568875,9.263102,240.42105263157896,59.35746672911531,59.35746672911531,22.871752,0.021615325,5.1855088e-05,1.0
4980000,1.5607848,9.844108,155.44,60.3119146588486,60.3119146588486,28.00047,0.024289953,5.129129e-05,1.0
4990000,1.6814898,7.590877,182.76923076923077,60.314386623383406,60.314386623383406,31.586836,0.028453967,5.0734077e-05,1.0
5000000,1.5506017,9.77183,254.07142857142858,60.675482346133016,60.675482346133016,28.724022,0.01972874,5.0178074e-05,1.0
5010000,1.528524,10.073607,146.86666666666667,59.319220291215785,59.319220291215785,36.362915,0.020228796,4.9656483e-05,1.0
5020000,1.7472162,8.859385,150.7,61.22229299669416,61.22229299669416,33.042652,0.021513771,4.9113885e-05,1.0
5030000,1.4799439,10.186893,267.1272727272727,59.877864573946034,59.877864573946034,26.9966,0.0240205,4.858048e-05,1.0
5040000,1.4655062,10.003251,134.0,61.00175585054191,61.00175585054191,31.905727,0.020045426,4.8035286e-05,1.0
5050000,1.3436936,9.299741,254.125,60.06912474019555,60.06912474019555,None,None,None,1.0
5060000,1.3852155,11.376719,133.1818181818182,60.40379899747253,60.40379899747253,26.014229,0.015835568,4.749469e-05,1.0
5070000,1.5258191,8.595535,179.71428571428572,59.649920932628945,59.649920932628945,30.51415,0.024044506,4.695169e-05,1.0
5080000,1.4488763,9.921371,166.46153846153845,59.868030428291405,59.868030428291405,29.98629,0.022694567,4.6422087e-05,1.0
5090000,1.6039555,9.882102,144.0,60.53398857519763,60.53398857519763,28.032288,0.024825048,4.5903485e-05,1.0
5100000,1.7531275,7.7607555,258.8412698412698,59.41807326651057,59.41807326651057,28.675833,0.019614529,4.533929e-05,1.0
5110000,1.500395,9.715206,162.3913043478261,59.36675724700682,59.36675724700682,22.173212,0.020567862,4.480729e-05,1.0
5120000,1.3166118,11.442997,281.2307692307692,60.60033859744726,60.60033859744726,35.946987,0.023837747,4.4262495e-05,1.0
5130000,1.4190484,10.533438,174.875,60.48213855599981,60.48213855599981,32.92824,0.029274194,4.3744298e-05,1.0
5140000,1.2963116,12.063874,162.41379310344828,60.326323890874704,60.326323890874704,36.663773,0.017001849,4.3231492e-05,1.0
5150000,1.3506587,11.661535,143.93939393939394,60.20608255811226,60.20608255811226,42.045277,0.025737101,4.266409e-05,1.0
5160000,1.3034153,11.941947,151.67741935483872,60.33469841154874,60.33469841154874,39.738285,0.024463551,4.211369e-05,1.0
5170000,1.4191203,9.797854,175.04615384615386,60.23504261130165,60.23504261130165,26.772701,0.021842884,4.1596093e-05,1.0
5180000,1.5243301,11.19429,140.15384615384616,60.63242523967683,60.63242523967683,34.512226,0.026061505,4.105647e-05,1.0
5190000,1.4893085,9.662266,171.66666666666666,60.44003086741941,60.44003086741941,None,None,None,1.0
5200000,1.782206,8.997786,147.05405405405406,61.12956949868385,61.12956949868385,34.362167,0.026089795,4.0495885e-05,1.0
5210000,1.7420888,9.564611,146.15384615384616,60.25774284693762,60.25774284693762,27.631157,0.023651382,3.997508e-05,1.0
5220000,1.7684828,8.196825,172.46153846153845,60.79540754651482,60.79540754651482,28.275877,0.027987171,3.945769e-05,1.0
5230000,1.8304073,9.341635,291.77777777777777,59.75178261245053,59.75178261245053,28.433664,0.018330812,3.8942686e-05,1.0
5240000,1.5963776,9.403646,180.66666666666666,58.960499618463,58.960499618463,20.830961,0.028932068,3.8404294e-05,1.0
5250000,1.8128198,8.051985,226.76923076923077,60.823860886873895,60.823860886873895,32.815395,0.018404543,3.785909e-05,1.0
5260000,1.6441718,8.616496,174.0,59.895841215604875,59.895841215604875,26.20808,0.027226927,3.7338694e-05,1.0
5270000,1.7107533,8.70631,227.54545454545453,59.309728042857024,59.309728042857024,22.439207,0.027749505,3.680969e-05,1.0
5280000,1.6204337,9.027587,197.4375,59.68544854422918,59.68544854422918,29.823956,0.02659947,3.626449e-05,1.0
5290000,1.6603252,9.794263,153.36363636363637,60.57843966955922,60.57843966955922,35.87127,0.018523728,3.5752295e-05,1.0
5300000,1.6414427,10.344035,283.9230769230769,59.20174980118066,59.20174980118066,34.657185,0.023914652,3.5223482e-05,1.0
5310000,1.4928112,9.593353,149.35294117647058,60.77602949528227,60.77602949528227,30.283134,0.023255162,3.469189e-05,1.0
5320000,1.6408321,10.726806,161.66666666666666,60.69220059923949,60.69220059923949,43.491558,0.019231979,3.416689e-05,1.0
5330000,1.4672699,9.673319,261.6923076923077,59.39853321035272,59.39853321035272,33.517357,0.024025593,3.36113e-05,1.0
5340000,1.5159918,9.347933,182.4,60.32149855528093,60.32149855528093,36.24401,0.026187867,3.309229e-05,1.0
5350000,1.497237,9.19007,144.92857142857142,60.56653173803352,60.56653173803352,34.284973,0.025787955,3.2542877e-05,1.0
5360000,1.5582813,8.032191,189.4255319148936,60.144697212657775,60.144697212657775,26.364437,0.029496152,3.2025684e-05,1.0
5370000,1.414386,10.340767,191.92857142857142,59.992165467962664,59.992165467962664,None,None,None,1.0
5380000,1.3631542,10.856966,178.23529411764707,61.300823847978954,61.300823847978954,36.36746,0.026034387,3.1479092e-05,1.0
5390000,1.5689179,9.635086,192.0,59.53124712882397,59.53124712882397,34.24282,0.026971376,3.096689e-05,1.0
5400000,1.3661371,10.441418,149.4090909090909,61.093821295594594,61.093821295594594,36.836433,0.023631696,3.045228e-05,1.0
5410000,1.5268481,10.652805,155.0,60.7167290364972,60.7167290364972,36.51397,0.02162529,2.990569e-05,1.0
5420000,1.3275597,13.075039,145.26666666666668,61.60370666522962,61.60370666522962,38.430202,0.02106258,2.938249e-05,1.0
5430000,1.3985152,10.146098,146.72222222222223,59.86507029329607,59.86507029329607,40.303047,0.022806084,2.8868493e-05,1.0
5440000,1.4688683,10.001109,146.9655172413793,59.86080823315379,59.86080823315379,45.67846,0.022011405,2.8311686e-05,1.0
5450000,1.2088357,11.839004,156.0,61.367396708088435,61.367396708088435,43.36227,0.01949233,2.7785294e-05,1.0
5460000,1.2765886,11.26599,157.41176470588235,60.293326659062586,60.293326659062586,34.29937,0.02204505,2.7241496e-05,1.0
5470000,1.4412613,10.038014,180.11111111111111,59.71008321636909,59.71008321636909,38.704445,0.027655266,2.6671301e-05,1.0
5480000,1.2199633,12.613575,158.68115942028984,59.707210323897016,59.707210323897016,30.551031,0.024085576,2.6118698e-05,1.0
5490000,1.3558772,11.692075,151.33333333333334,61.0317676948016,61.0317676948016,34.16413,0.025369978,2.5561096e-05,1.0
5500000,1.2318536,12.988145,172.89830508474577,59.860531326475666,59.860531326475666,36.369427,0.025688367,2.5033094e-05,1.0
5510000,1.4995018,10.114376,170.21951219512195,59.76228735158855,59.76228735158855,None,None,None,1.0
5520000,1.3617238,10.182401,182.875,59.565621977889286,59.565621977889286,27.715187,0.025128538,2.4460696e-05,1.0
5530000,1.3079476,10.948519,149.35714285714286,61.303224687032454,61.303224687032454,27.512886,0.020291742,2.3923481e-05,1.0
5540000,1.3661884,9.290458,179.87878787878788,60.12227110987527,60.12227110987527,35.87416,0.025282225,2.3378694e-05,1.0
5550000,1.2413242,11.698634,127.02857142857142,61.1184196116946,61.1184196116946,35.00104,0.01952449,2.2833487e-05,1.0
5560000,1.326683,10.287952,139.1864406779661,60.85754851388226,60.85754851388226,36.75935,0.027643846,2.2287697e-05,1.0
5570000,1.2853804,12.2384405,158.41935483870967,61.08188367609012,61.08188367609012,34.477856,0.022305857,2.175249e-05,1.0
5580000,1.3043903,10.554764,231.2,60.090913518096784,60.090913518096784,34.770733,0.027242443,2.1214693e-05,1.0
5590000,1.1455953,12.775205,164.625,58.46751321602496,58.46751321602496,39.38484,0.019243497,2.0664887e-05,1.0
5600000,1.1977258,13.609873,127.0,61.33318419399972,61.33318419399972,43.552246,0.02602776,2.0115696e-05,1.0
5610000,1.2864224,10.7842,150.5625,61.09503284812595,61.09503284812595,36.745827,0.024536666,1.9562895e-05,1.0
5620000,1.3505658,12.299376,172.12121212121212,59.89650329277412,59.89650329277412,41.59719,0.026785644,1.9048695e-05,1.0
5630000,1.2191991,12.300009,122.8051948051948,60.83748442059441,60.83748442059441,None,None,None,1.0
5640000,1.3948585,11.098136,154.73333333333332,60.717324383233276,60.717324383233276,40.162296,0.019834403,1.8496088e-05,1.0
5650000,1.1819283,11.24908,153.83333333333334,61.2112200831685,61.2112200831685,34.450275,0.026238026,1.7953103e-05,1.0
5660000,1.3281828,12.225522,129.71428571428572,60.53064917264938,60.53064917264938,40.385315,0.02852831,1.7421295e-05,1.0
5670000,1.5243652,10.542903,142.58333333333334,60.4120885051816,60.4120885051816,33.145927,0.031185348,1.6884494e-05,1.0
5680000,1.319586,10.890028,191.5820895522388,58.96685047674449,58.96685047674449,32.95545,0.018375635,1.63657e-05,1.0
5690000,1.4252121,11.273927,201.6153846153846,60.344340210887964,60.344340210887964,37.33646,0.025766117,1.5824286e-05,1.0
5700000,1.1110768,12.440688,174.25,60.29580735116523,60.29580735116523,31.089577,0.021392409,1.5282892e-05,1.0
5710000,1.3025643,12.356679,137.375,60.24724433340556,60.24724433340556,42.6959,0.025877459,1.47467035e-05,1.0
5720000,1.3326757,10.735882,145.72222222222223,61.0079410997247,61.0079410997247,37.063107,0.015874023,1.42158915e-05,1.0
5730000,1.3266616,12.28353,192.14285714285714,60.38405459769554,60.38405459769554,37.189,0.020454573,1.3648696e-05,1.0
5740000,1.3788549,11.056327,151.7058823529412,60.67291130727972,60.67291130727972,36.776367,0.02165048,1.3135895e-05,1.0
5750000,1.3648759,11.1995125,167.78571428571428,61.10302307130769,61.10302307130769,32.16056,0.022496244,1.2621497e-05,1.0
5760000,1.2914706,11.487675,136.0,60.04459239515092,60.04459239515092,40.513393,0.022268243,1.20739e-05,1.0
5770000,1.2907376,9.945551,163.64705882352942,60.59962911580159,60.59962911580159,32.89681,0.027587872,1.1547293e-05,1.0
5780000,1.2515625,11.97167,132.65079365079364,60.680285815298944,60.680285815298944,None,None,None,1.0
5790000,1.2206885,11.687536,117.6268656716418,61.20570427018838,61.20570427018838,40.357048,0.022099284,1.0998103e-05,1.0
5800000,1.398817,10.68801,155.63636363636363,60.597937902356286,60.597937902356286,40.15973,0.022161277,1.04843e-05,1.0
5810000,1.2332606,11.774966,157.08333333333334,60.800992736227876,60.800992736227876,32.517418,0.023192737,9.923092e-06,1.0
5820000,1.2728446,9.678873,226.61111111111111,60.14883987546533,60.14883987546533,37.853043,0.021946628,9.362903e-06,1.0
5830000,1.2518474,12.749756,232.5090909090909,60.05431067231284,60.05431067231284,40.45623,0.022764495,8.827304e-06,1.0
5840000,1.3310343,11.631507,150.54545454545453,61.147541170635336,61.147541170635336,36.185104,0.026233131,8.253899e-06,1.0
5850000,1.4351294,9.889488,223.85714285714286,59.23960568914966,59.23960568914966,25.309412,0.020599734,7.704494e-06,1.0
5860000,1.3496403,9.795431,178.1875,60.415418887537044,60.415418887537044,30.188908,0.019247483,7.1904933e-06,1.0
5870000,1.2493151,12.186457,138.0,59.25327186034146,59.25327186034146,32.885384,0.025594367,6.656305e-06,1.0
5880000,1.2402904,12.72204,140.7,60.49697327959693,60.49697327959693,35.65903,0.02142314,6.104895e-06,1.0
5890000,1.0955433,12.800798,159.5,60.53841942893403,60.53841942893403,42.36696,0.02050921,5.555096e-06,1.0
5900000,1.2847065,10.747347,172.0,59.922082477590614,59.922082477590614,34.462273,0.026525743,5.0311014e-06,1.0
5910000,1.2341293,11.080964,138.1764705882353,60.736205922320046,60.736205922320046,None,None,None,1.0
5920000,1.162727,12.446218,164.52941176470588,60.5549806864409,60.5549806864409,38.961575,0.018078536,4.4899016e-06,1.0
5930000,1.2436215,11.767491,128.61971830985917,59.99024366566381,59.99024366566381,38.061897,0.016044054,3.952692e-06,1.0
5940000,1.2740115,13.043444,136.0,60.34752973830193,60.34752973830193,41.581936,0.027276477,3.4350967e-06,1.0
5950000,1.1843791,12.385342,164.0,60.55080244852549,60.55080244852549,33.955776,0.024113609,2.882705e-06,1.0
5960000,1.3951696,12.584612,134.3125,60.46626392522012,60.46626392522012,35.332478,0.029809972,2.3329058e-06,1.0
5970000,1.4219359,11.539068,146.42857142857142,60.11026344471611,60.11026344471611,37.15754,0.02709389,1.8201033e-06,1.0
5980000,1.2791747,12.051423,132.46666666666667,59.8964585594503,59.8964585594503,31.25127,0.020049315,1.2618999e-06,1.0
5990000,1.3664169,11.113606,165.81632653061226,60.36157903680942,60.36157903680942,37.765553,0.020316238,7.234917e-07,1.0
6000000,1.4412365,9.681294,179.64,60.1937182082814,60.1937182082814,29.89325,0.027200239,2.0269619e-07,1.0
