Steps,Policy/Entropy,Policy/Extrinsic Value Estimate,Losses/Value Loss,Losses/Policy Loss,Policy/Learning Rate,Environment/Episode Length,Environment/Cumulative Reward,Policy/Extrinsic Reward,Is Training
50000,4.484703,-0.031665977,1.4524574,0.023243608,0.00029782398,800.0,36.5357963712886,36.5357963712886,1.0
60000,4.479021,-0.04721801,1.2581877,0.026027579,0.00029726702,None,None,None,1.0
70000,4.470902,-0.10078069,1.7696522,0.025335832,0.00029672947,None,None,None,1.0
80000,4.4705114,-0.13186298,0.22940002,0.026737502,0.00029617906,1250.0,37.72192952269688,37.72192952269688,1.0
90000,4.4537864,-0.13097656,0.16281338,0.02519912,0.0002956216,None,None,None,1.0
100000,4.4431424,-0.10662409,0.75050914,0.018589372,0.00029510263,1506.0,45.742114264983684,45.742114264983684,1.0
110000,4.448447,-0.12187046,0.9416113,0.02604511,0.0002945266,None,None,None,1.0
120000,4.4636045,-0.05607463,None,None,None,None,None,None,1.0
130000,4.4534755,0.17392878,1.0173901,0.027791874,0.00029397625,1036.32,15.92477020691731,15.92477020691731,1.0
140000,4.445912,0.49196061,5.4410677,0.023727082,0.00029344874,None,None,None,1.0
150000,4.4521627,0.28316668,6.5448585,0.022725165,0.00029289842,None,None,None,1.0
160000,4.4433784,0.12730826,3.0170915,0.02340608,0.0002923608,None,None,None,1.0
170000,4.439828,0.053889513,0.2365922,0.019918231,0.0002918104,None,None,None,1.0
180000,4.4435496,0.071010195,0.508155,0.01624748,0.00029126002,1999.0,28.29597258917056,28.29597258917056,1.0
190000,4.4439335,0.0725027,0.7855721,0.02852163,0.000290732,None,None,None,1.0
200000,4.4509716,-0.027899766,1.0362254,0.027257029,0.0002901688,None,None,None,1.0
210000,4.4544015,-0.055805165,0.7801914,0.02226499,0.00028961521,1999.0,13.555895471014082,13.555895471014082,1.0
220000,4.442643,0.04690005,1.9525298,0.019458486,0.00028909938,1362.0,31.829605390434153,31.829605390434153,1.0
230000,4.4498954,0.020547017,1.7288134,0.029331194,0.0002885842,1999.0,19.970469297724776,19.970469297724776,1.0
240000,4.441688,0.071797155,2.5034373,0.026439605,0.00028804044,1710.5,34.80845496013353,34.80845496013353,1.0
250000,4.4262347,0.1421428,None,None,None,1999.0,24.11325296573341,24.11325296573341,1.0
260000,4.4114904,0.33744088,2.4588866,0.028191505,0.00028748682,1999.0,24.61941591003334,24.61941591003334,1.0
270000,4.38724,0.4757303,4.307661,0.024422878,0.00028695882,None,None,None,1.0
280000,4.406519,0.20707847,5.4274974,0.025800785,0.0002864212,None,None,None,1.0
290000,4.3934574,0.10056837,1.9391929,0.025078714,0.0002858708,None,None,None,1.0
300000,4.4167814,0.1164109,1.0359108,0.022884015,0.00028534603,None,None,None,1.0
310000,4.3873105,0.1360813,0.7403449,0.025898894,0.00028478281,1999.0,30.681190857067122,30.681190857067122,1.0
320000,4.3742237,0.17211911,3.4409468,0.02245794,0.00028422926,None,None,None,1.0
330000,4.383086,0.111968085,2.289385,0.026789647,0.00028369165,1239.0,40.32061892049387,40.32061892049387,1.0
340000,4.351031,0.16854335,4.778014,0.021070216,0.000283146,1659.0,34.069653109734645,34.069653109734645,1.0
350000,4.332493,0.15737422,6.013421,0.020861402,0.00028257963,1939.0,39.601569572114386,39.601569572114386,1.0
360000,4.2871513,0.09517969,8.319057,0.021801315,0.00028205483,1999.0,17.54044320937828,17.54044320937828,1.0
370000,4.334155,0.065125756,4.3694515,0.024105787,0.000281542,1849.0,31.99513006513007,31.99513006513007,1.0
380000,4.3153543,0.08760308,5.174872,0.019347657,0.00028101722,None,None,None,1.0
390000,4.350354,0.29512984,None,None,None,1999.0,24.19244106111208,24.19244106111208,1.0
400000,4.347185,0.13755769,13.1721945,0.023114767,0.00028048278,None,None,None,1.0
410000,4.3110933,0.045794353,2.709112,0.02067391,0.00027994523,672.0,51.61953609623015,51.61953609623015,1.0
420000,4.3337154,0.095307715,1.8588077,0.02564023,0.00027941383,1009.0,44.496612721835845,44.496612721835845,1.0
430000,4.3822384,0.19501916,5.0717883,0.018588452,0.00027885623,729.0,49.034347360167885,49.034347360167885,1.0
440000,4.3751836,0.1783723,3.3522956,0.021517823,0.00027833585,1999.0,31.94669038715074,31.94669038715074,1.0
450000,4.324496,0.21659236,2.1054513,0.030199599,0.00027781105,1025.0,30.717760481566074,30.717760481566074,1.0
460000,4.3257957,0.12614459,2.7170427,0.023511907,0.000277273,1865.6666666666667,41.57317046370493,41.57317046370493,1.0
470000,4.32288,0.51140666,4.273199,0.021559285,0.00027673863,1999.0,34.03708090353757,34.03708090353757,1.0
480000,4.320672,0.24531823,6.078365,0.030152537,0.00027622364,1422.0,30.337167696794495,30.337167696794495,1.0
490000,4.3423243,0.30118072,3.589387,0.025236757,0.00027570347,1557.5,38.78035442577675,38.78035442577675,1.0
500000,4.305974,0.29093662,3.1964884,0.021585159,0.0002751456,1250.8,41.912159449237514,41.912159449237514,1.0
510000,4.3105454,0.5487845,11.864606,0.020419713,0.00027459158,1840.888888888889,None,None,1.0
520000,4.276086,0.68081516,8.938924,0.023397641,0.00027402342,988.2105263157895,40.521613239718135,40.521613239718135,1.0
530000,4.2739763,0.69017434,None,None,None,1219.0,37.71902228302497,37.71902228302497,1.0
540000,4.311171,0.4725333,10.600857,0.017754717,0.00027348785,475.5,53.163634282391286,53.163634282391286,1.0
550000,4.284835,0.7159116,8.903382,0.023186944,0.0002729516,930.3333333333334,44.400979430569954,44.400979430569954,1.0
560000,4.2904754,0.40665144,12.154988,0.024933077,0.00027239282,732.4,47.6326188147068,47.6326188147068,1.0
570000,4.283207,0.89832646,5.1316433,0.026958283,0.00027182582,None,54.50049561746418,54.50049561746418,1.0
580000,4.264592,0.25263897,7.6908994,0.026887465,0.00027128222,1309.0,38.71262613637373,38.71262613637373,1.0
590000,4.2267356,0.27461427,1.6779565,0.025909236,0.00027075742,1152.5,40.89119602594292,40.89119602594292,1.0
600000,4.2567587,0.3732329,5.9223614,0.019443998,0.0002702192,1835.0,40.391831638728036,40.391831638728036,1.0
610000,4.2184477,0.29052496,6.7165356,0.02354482,0.00026967283,982.0,48.88765252063604,48.88765252063604,1.0
620000,4.2653103,0.78575945,10.636962,0.025081964,0.00026913782,815.75,49.50301116061746,49.50301116061746,1.0
630000,4.2489924,0.9048994,7.570137,0.018233337,0.0002685658,None,None,None,1.0
640000,4.2252455,0.49418604,8.267032,0.023634074,0.00026804177,1421.0,42.704092498356474,42.704092498356474,1.0
650000,4.184177,0.6574402,12.363931,0.025028568,0.000267507,311.0,52.79904817774271,52.79904817774271,1.0
660000,4.227821,0.6342771,None,None,None,567.5,51.03380290570203,51.03380290570203,1.0
670000,4.225852,0.8620728,7.0787454,0.021994205,0.00026695957,615.5,47.0669796522925,47.0669796522925,1.0
680000,4.231739,0.32807106,13.940124,0.027297128,0.0002664058,1283.3333333333333,44.790654118172824,44.790654118172824,1.0
690000,4.1972218,0.8244616,2.839489,0.03194719,0.0002658922,1012.25,48.4291676026769,48.4291676026769,1.0
700000,4.2633967,0.67278755,15.369864,0.022526963,0.0002653751,691.0,51.914515365846455,51.914515365846455,1.0
710000,4.212417,1.0421852,14.201406,0.02237804,0.00026482777,922.1666666666666,48.13339346704985,48.13339346704985,1.0
720000,4.1659718,0.9682332,12.56906,0.023742182,0.00026426042,504.5,49.980767785804346,49.980767785804346,1.0
730000,4.2301292,0.93937826,12.711026,0.028637327,0.00026371644,179.0,59.21680776588619,59.21680776588619,1.0
740000,4.2320533,0.4428271,4.004584,0.0206767,0.00026317962,973.6666666666666,47.664622529409826,47.664622529409826,1.0
750000,4.1943583,0.7661851,7.5384474,0.02234148,0.00026265258,573.75,48.2504255923753,48.2504255923753,1.0
760000,4.072986,1.0568177,11.105662,0.02774984,0.00026210543,1039.125,49.89467826273176,49.89467826273176,1.0
770000,4.0771117,1.343302,24.823416,0.023887638,0.0002615472,142.0,57.42883051373428,57.42883051373428,1.0
780000,4.089955,1.1525842,None,None,None,239.0,57.52917102025822,57.52917102025822,1.0
790000,4.1444592,1.0358969,15.086881,0.02438836,0.00026099538,546.0,53.384852316230536,53.384852316230536,1.0
800000,4.1169715,0.76981795,8.860501,0.025114326,0.00026046945,376.6666666666667,53.93132659482459,53.93132659482459,1.0
810000,4.048983,0.9733885,10.009714,0.024472767,0.00025992282,1083.0,47.915161837164,47.915161837164,1.0
820000,4.0641656,1.7539049,15.426478,0.022437435,0.00025940684,752.25,51.68207600673971,51.68207600673971,1.0
830000,4.1376543,1.0807593,15.043203,0.01714315,0.00025888986,316.6666666666667,53.498654435388744,53.498654435388744,1.0
840000,4.0484495,1.3771955,8.473455,0.02373514,0.00025832443,384.25,53.77482509310357,53.77482509310357,1.0
850000,4.063558,1.724883,13.1628475,0.02410689,0.00025777944,710.75,50.6531813237234,50.6531813237234,1.0
860000,4.0961094,0.8408385,11.394529,0.024380423,0.00025722006,902.5,50.958665934042074,50.958665934042074,1.0
870000,4.0734763,1.1497152,9.490685,0.023542248,0.00025666362,622.0,51.562959543429315,51.562959543429315,1.0
880000,4.067034,0.6826291,7.071372,0.025021844,0.00025611478,641.75,53.18844848716011,53.18844848716011,1.0
890000,4.035162,1.718114,12.33788,0.028935907,0.0002555904,824.3846153846154,51.47435909585329,51.47435909585329,1.0
900000,4.052079,1.40133,13.337085,0.023906551,0.00025502782,838.5652173913044,51.74778276016004,51.74778276016004,1.0
910000,3.9723291,1.8843937,None,None,None,499.0,51.718077059369534,51.718077059369534,1.0
920000,4.105443,1.9251591,15.331259,0.022305395,0.00025448846,193.0,56.796820425835904,56.796820425835904,1.0
930000,3.951274,2.1691933,17.555548,0.025921829,0.0002539504,302.3333333333333,56.374696515636366,56.374696515636366,1.0
940000,3.875487,2.2333915,22.788593,0.024671972,0.00025341185,615.3636363636364,51.952731876424515,51.952731876424515,1.0
950000,3.898576,2.913449,29.537638,0.022748033,0.00025284203,228.66666666666666,57.56533432099968,57.56533432099968,1.0
960000,4.0075684,1.5478729,17.760492,0.022443276,0.00025230265,316.25,54.59930065770944,54.59930065770944,1.0
970000,3.997215,1.761462,7.473373,0.02179302,0.00025178344,252.6,52.060381915653124,52.060381915653124,1.0
980000,3.9532669,2.0333192,13.652995,0.020148996,0.00025125797,489.0,53.019296830520034,53.019296830520034,1.0
990000,3.8182507,1.9745353,19.670809,0.01957798,0.00025071524,311.4,54.60781855004219,54.60781855004219,1.0
1000000,3.9782097,1.7130173,14.061601,0.023937251,0.00025019786,433.6,54.289130297183874,54.289130297183874,1.0
1010000,3.97859,1.5642693,20.288214,0.029554337,0.00024967585,1220.0,48.0405232865196,48.0405232865196,1.0
1020000,4.040208,1.1816707,11.022939,0.021018507,0.00024913176,359.0,57.076610435615294,57.076610435615294,1.0
1030000,3.9092865,1.2275658,7.0775137,0.020744676,0.0002485864,484.57142857142856,54.091295507872324,54.091295507872324,1.0
1040000,3.8344765,1.9633614,17.769474,0.024261322,0.00024802703,338.25,53.772128540137786,53.772128540137786,1.0
1050000,3.8114676,2.5449986,None,None,None,728.6666666666666,48.18807361142244,48.18807361142244,1.0
1060000,3.811716,2.7954452,12.44579,0.025664706,0.00024746283,684.1428571428571,54.074752545426236,54.074752545426236,1.0
1070000,3.8800101,2.1269653,24.221014,0.02858901,0.00024692187,478.0,55.16195501570959,55.16195501570959,1.0
1080000,3.735271,2.6122453,18.093542,0.02996338,0.00024635362,398.2857142857143,55.59586711683369,55.59586711683369,1.0
1090000,3.572116,3.6007311,19.889507,0.02891437,0.0002458376,409.75,55.3082537092414,55.3082537092414,1.0
1100000,3.6968277,3.7853715,38.94802,0.022138972,0.00024530804,223.28571428571428,57.15931691109602,57.15931691109602,1.0
1110000,3.746198,3.1088772,21.628809,0.026184957,0.00024478504,255.16666666666666,55.391496679668,55.391496679668,1.0
1120000,3.8338056,2.9255795,19.237965,0.023835272,0.00024421504,342.85714285714283,56.90798158004569,56.90798158004569,1.0
1130000,3.8173213,3.404885,15.861238,0.032750823,0.00024369948,330.2,54.847697815072024,54.847697815072024,1.0
1140000,3.8238292,2.9768987,15.186365,0.020908562,0.00024318587,354.3333333333333,55.831241491856055,55.831241491856055,1.0
1150000,3.8026447,2.6662567,9.150227,0.02877998,0.00024263267,354.0,54.64881640610596,54.64881640610596,1.0
1160000,3.687762,2.799937,21.803778,0.022453016,0.00024208886,420.7,54.418669621773006,54.418669621773006,1.0
1170000,3.688319,4.064665,28.294197,0.021569826,0.00024153887,222.33333333333334,58.50273499385609,58.50273499385609,1.0
1180000,3.738064,3.7336075,18.98104,0.024078576,0.00024101044,175.4,58.5181164911628,58.5181164911628,1.0
1190000,3.7748997,3.086092,None,None,None,402.5,53.11880122795701,53.11880122795701,1.0
1200000,3.7047164,2.9923518,13.706939,0.026970165,0.00024048505,285.875,56.49273367879089,56.49273367879089,1.0
1210000,3.7048259,3.364767,21.943596,0.019474564,0.00023992322,276.625,59.06836254260658,59.06836254260658,1.0
1220000,3.6368546,3.7218716,15.396399,0.018848127,0.00023938081,480.0,56.805580340161484,56.805580340161484,1.0
1230000,3.673639,3.9854376,31.708292,0.022799462,0.00023880643,695.4285714285714,56.43326948810136,56.43326948810136,1.0
1240000,3.6312819,3.4569848,13.145595,0.01897293,0.00023826683,714.0,52.144422796569415,52.144422796569415,1.0
1250000,3.5322595,3.6222389,22.892792,0.029752877,0.00023772984,381.6,54.698431109572994,54.698431109572994,1.0
1260000,3.5590038,4.1642604,30.158926,0.022574762,0.0002372091,221.5,56.86160559131095,56.86160559131095,1.0
1270000,3.622359,4.582938,29.492437,0.024970472,0.00023669144,244.42857142857142,59.61111405318661,59.61111405318661,1.0
1280000,3.5522175,4.1415253,16.790508,0.025778947,0.00023614748,311.42857142857144,56.68588325249342,56.68588325249342,1.0
1290000,3.658656,4.6537285,19.204142,0.026282512,0.00023559302,218.57142857142858,58.062765254901024,58.062765254901024,1.0
1300000,3.6108098,3.7692864,20.128614,0.024052761,0.00023505524,325.0,55.59306991939957,55.59306991939957,1.0
1310000,3.757239,3.2217095,16.951471,0.024156515,0.0002345072,503.5,55.94438888732758,55.94438888732758,1.0
1320000,3.596095,4.6465626,None,None,None,225.66666666666666,54.430590843605636,54.430590843605636,1.0
1330000,3.6741815,3.7734206,31.14017,0.02059522,0.0002339824,292.42857142857144,59.496360953564626,59.496360953564626,1.0
1340000,3.6624482,3.8979058,24.252811,0.024347074,0.00023343408,181.2,55.980658646964,55.980658646964,1.0
1350000,3.7287238,3.5956593,22.456394,0.021490935,0.0002328876,232.57894736842104,57.710268224356696,57.710268224356696,1.0
1360000,3.561764,3.4925742,18.491106,0.025901167,0.00023234083,189.75675675675674,58.849705143346604,58.849705143346604,1.0
1370000,3.6057782,3.6133893,29.202295,0.030895792,0.00023179685,404.1111111111111,59.357123194615156,59.357123194615156,1.0
1380000,3.6036437,3.2254617,23.35607,0.025391916,0.00023125081,189.66666666666666,55.34034542045406,55.34034542045406,1.0
1390000,3.5530028,3.8174477,20.763792,0.021073641,0.00023070487,478.5,57.92142377511482,57.92142377511482,1.0
1400000,3.7001817,4.458307,19.693445,0.022760797,0.00023015108,559.6,54.90143485995941,54.90143485995941,1.0
1410000,3.5040312,3.9212744,15.377824,0.017356105,0.0002296295,406.04,54.268922090224805,54.268922090224805,1.0
1420000,3.5231903,4.047685,24.003029,0.024604613,0.00022908262,345.44444444444446,56.67439583952073,56.67439583952073,1.0
1430000,3.5837874,4.5876036,17.971754,0.015686508,0.00022856047,170.0,60.99745206098305,60.99745206098305,1.0
1440000,3.6209807,4.240531,17.842823,0.022247931,0.00022802086,674.25,56.91702486923896,56.91702486923896,1.0
1450000,3.742463,2.7364295,13.994751,0.021528041,0.00022750541,369.77777777777777,57.28900101501495,57.28900101501495,1.0
1460000,3.5642583,3.330508,None,None,None,540.2352941176471,53.69578283301962,53.69578283301962,1.0
1470000,3.6228027,4.5726447,12.453264,0.023123197,0.00022697725,340.6666666666667,53.74054939337075,53.74054939337075,1.0
1480000,3.6539972,3.8914788,16.010645,0.02572872,0.00022642643,168.6,58.06663043078567,58.06663043078567,1.0
1490000,3.7215226,3.1193197,14.406369,0.031774655,0.00022589842,406.2,56.66910293739056,56.66910293739056,1.0
1500000,3.520169,3.9127603,10.267103,0.027170533,0.00022536941,580.625,56.028686250452665,56.028686250452665,1.0
1510000,3.5899117,4.055513,21.519451,0.022096848,0.0002248438,995.5,54.08197661177837,54.08197661177837,1.0
1520000,3.573046,3.6927326,15.310323,0.025910566,0.00022428765,353.0,56.649795977771284,56.649795977771284,1.0
1530000,3.8184807,2.2881055,13.902696,0.027630456,0.00022377181,429.75,55.64598862081766,55.64598862081766,1.0
1540000,3.547997,2.88928,11.396166,0.02675016,0.00022321523,430.7,55.7774314677931,55.7774314677931,1.0
1550000,3.4492695,5.425513,28.154295,0.024384925,0.0002226907,131.375,59.39090098847325,59.39090098847325,1.0
1560000,3.5456207,3.877649,26.16358,0.019046929,0.00022213427,309.6666666666667,60.729492249536435,60.729492249536435,1.0
1570000,3.5130694,5.045808,20.310217,0.021392973,0.00022158487,430.84615384615387,59.17303662584163,59.17303662584163,1.0
1580000,3.5910928,3.5488784,19.512888,0.028640645,0.00022102763,337.2162162162162,59.13100574503187,59.13100574503187,1.0
1590000,3.545901,3.0166557,12.913473,0.022773117,0.00022051443,336.25,57.10314736149222,57.10314736149222,1.0
1600000,3.3855228,4.880946,None,None,None,243.5,59.700550150572475,59.700550150572475,1.0
1610000,3.6528027,4.3762116,21.584135,0.02796609,0.00021999145,166.25,58.650370278706156,58.650370278706156,1.0
1620000,3.4969969,3.2665875,15.12876,0.020641979,0.00021947364,550.375,56.888849383401165,56.888849383401165,1.0
1630000,3.5651505,5.0052676,15.631009,0.023702625,0.00021890586,205.2,60.43361808313057,60.43361808313057,1.0
1640000,3.5821688,2.990257,19.054829,0.027074836,0.00021837802,239.42857142857142,57.073817184860154,57.073817184860154,1.0
1650000,3.2776918,4.9146767,17.085615,0.0268683,0.00021784565,246.30769230769232,59.53207769550664,59.53207769550664,1.0
1660000,3.2794015,5.663234,30.05085,0.020471228,0.00021730462,329.5,55.61902368579729,55.61902368579729,1.0
1670000,3.1421697,5.841741,24.597645,0.024506398,0.00021678848,220.13333333333333,58.03026915074692,58.03026915074692,1.0
1680000,3.2622547,5.964767,29.672508,0.028763914,0.00021624482,178.55555555555554,58.94921402871195,58.94921402871195,1.0
1690000,3.3517232,4.9102073,24.486578,0.025553921,0.00021570644,395.0,59.82270089202584,59.82270089202584,1.0
1700000,2.9678237,7.1028924,28.077322,0.02676704,0.00021514403,163.92307692307693,58.25692418226135,58.25692418226135,1.0
1710000,3.0884168,7.4206944,28.743374,0.020339431,0.00021460885,412.125,58.20393474343499,58.20393474343499,1.0
1720000,3.1455104,5.4143395,25.140053,0.024082085,0.00021408669,445.0,58.08083706529578,58.08083706529578,1.0
1730000,3.0411537,5.933948,25.797613,0.024882399,0.00021353168,223.71428571428572,58.47597227270827,58.47597227270827,1.0
1740000,2.9892957,8.362004,None,None,None,152.66666666666666,59.01027619440786,59.01027619440786,1.0
1750000,3.3900917,5.094277,37.210915,0.027362604,0.00021296684,208.28571428571428,56.390723452175735,56.390723452175735,1.0
1760000,3.0454555,6.1023583,23.872583,0.028310042,0.00021244849,241.69230769230768,58.868384094712944,58.868384094712944,1.0
1770000,3.2137804,7.6489887,28.31673,0.031993385,0.00021190787,265.3333333333333,57.90086424456344,57.90086424456344,1.0
1780000,3.312413,4.6741886,27.866606,0.02410474,0.00021133806,206.875,60.35534989075839,60.35534989075839,1.0
1790000,3.3561718,6.5738087,20.604818,0.027267972,0.00021078683,426.7142857142857,55.613753723329864,55.613753723329864,1.0
1800000,3.4076355,5.409604,17.217041,0.029830905,0.00021023068,263.25,57.961222939993604,57.961222939993604,1.0
1810000,3.3140943,5.534231,26.226208,0.028264642,0.00020968488,272.8,58.29941923995502,58.29941923995502,1.0
1820000,3.3046458,5.8712664,23.153778,0.023462774,0.00020916943,272.6666666666667,58.70018693046748,58.70018693046748,1.0
1830000,3.3735902,5.8614216,18.987993,0.016749451,0.00020862982,231.71428571428572,57.53612512757536,57.53612512757536,1.0
1840000,3.3996487,5.1679254,15.180714,0.023866557,0.00020807382,234.0,56.965674575578305,56.965674575578305,1.0
1850000,3.243814,5.252194,24.074024,0.027287599,0.00020752105,256.45454545454544,57.93332667137147,57.93332667137147,1.0
1860000,3.0431018,7.4780526,27.28372,0.028466573,0.00020700702,248.07692307692307,58.46196521362379,58.46196521362379,1.0
1870000,3.1298008,6.943729,None,None,None,215.0,59.718262032186615,59.718262032186615,1.0
1880000,3.244632,5.987532,29.793123,0.025486818,0.0002064688,366.2307692307692,57.13996996542185,57.13996996542185,1.0
1890000,3.1735191,6.728573,29.250952,0.026691018,0.00020594928,201.83333333333334,58.40085042580419,58.40085042580419,1.0
1900000,2.9340453,6.8834505,27.67319,0.023334831,0.00020543681,184.84615384615384,59.827604375985295,59.827604375985295,1.0
1910000,3.1354704,6.193503,38.44845,0.0178007,0.00020487687,195.08333333333334,57.9603547261795,57.9603547261795,1.0
1920000,3.3668747,7.182864,29.19294,0.024597095,0.00020434483,176.11111111111111,60.14054154542828,60.14054154542828,1.0
1930000,3.6023862,4.455658,24.20718,0.02475997,0.00020379203,167.83333333333334,57.61046415439341,57.61046415439341,1.0
1940000,3.6406963,2.5304272,15.737563,0.026374293,0.00020323909,228.83333333333334,59.35608417913318,59.35608417913318,1.0
1950000,3.5592804,5.004127,11.926823,0.02167402,0.00020268267,229.66666666666666,58.285291283205154,58.285291283205154,1.0
1960000,3.247998,4.212291,14.575711,0.026479473,0.00020216085,403.8333333333333,57.76696396116379,57.76696396116379,1.0
1970000,3.2670963,6.7080626,31.09604,0.028451266,0.00020160287,105.0,59.91652465376043,59.91652465376043,1.0
1980000,3.2944078,5.7589703,23.257631,0.025073348,0.00020106044,234.11111111111111,58.79684739128854,58.79684739128854,1.0
1990000,3.4942565,3.291608,13.977239,0.02827036,0.00020054405,478.7142857142857,56.21118208526501,56.21118208526501,1.0
2000000,3.4169755,4.7405133,None,None,None,369.1111111111111,60.16081307941931,60.16081307941931,1.0
2010000,3.1946218,6.8651366,19.547033,0.028317042,0.00019998648,235.5,57.75213094794526,57.75213094794526,1.0
2020000,3.3124201,6.2372093,19.167242,0.021078488,0.00019944225,543.8571428571429,55.50365749984485,55.50365749984485,1.0
2030000,3.4444468,4.5766807,17.933613,0.026757576,0.00019891483,196.25,57.83898187382147,57.83898187382147,1.0
2040000,3.3883693,4.2945385,10.87097,0.023646206,0.00019836385,287.625,56.74097914597951,56.74097914597951,1.0
2050000,3.3129992,4.0971165,13.731559,0.021770297,0.0001978295,594.3333333333334,56.39585453334601,56.39585453334601,1.0
2060000,3.2080688,5.816201,17.949652,0.025639836,0.0001972679,188.88888888888889,58.92252458580252,58.92252458580252,1.0
2070000,3.2804208,6.2508903,32.253365,0.026142435,0.00019671569,131.25,59.116065908556,59.116065908556,1.0
2080000,3.2232938,6.0285487,23.618155,0.020848202,0.00019616264,166.22222222222223,60.3460401758086,60.3460401758086,1.0
2090000,3.4689999,3.8597329,18.70794,0.017944003,0.00019564047,480.39130434782606,57.9901524231027,57.9901524231027,1.0
2100000,3.15104,5.2549257,20.423494,0.020442573,0.00019506805,340.5581395348837,58.94107307898704,58.94107307898704,1.0
2110000,3.173331,6.026286,23.790932,0.024815973,0.00019454949,259.55555555555554,58.66908463503761,58.66908463503761,1.0
2120000,3.2175283,5.4245286,24.95548,0.024711665,0.00019402582,221.55555555555554,58.13081434355953,58.13081434355953,1.0
2130000,3.0285523,5.6014285,None,None,None,339.7,57.32249567214405,57.32249567214405,1.0
2140000,3.2227156,5.5299826,27.950825,0.02196982,0.00019346646,156.08333333333334,57.99949057005673,57.99949057005673,1.0
2150000,3.0867064,6.3048573,27.247314,0.020508453,0.00019289745,292.9,60.70722208855713,60.70722208855713,1.0
2160000,3.0442867,7.139952,29.831665,0.022724569,0.00019232665,436.44444444444446,58.1264400785375,58.1264400785375,1.0
2170000,3.0828843,5.639975,27.025751,0.02646509,0.00019179162,304.0,57.96756201800963,57.96756201800963,1.0
2180000,3.0812893,6.291032,19.346233,0.018665874,0.00019124482,197.125,60.12989732767973,60.12989732767973,1.0
2190000,3.2945416,4.7333326,18.81763,0.029248396,0.00019070365,247.0,56.07035274579123,56.07035274579123,1.0
2200000,3.162214,5.061007,16.357464,0.025531275,0.00019016223,325.09090909090907,57.1096984709703,57.1096984709703,1.0
2210000,2.953284,7.7586565,23.94626,0.028508643,0.00018964482,337.2,56.00553551926795,56.00553551926795,1.0
2220000,3.030866,6.3315573,26.965117,0.023469051,0.0001890989,152.1818181818182,58.45794376804648,58.45794376804648,1.0
2230000,2.8882484,7.476697,23.950933,0.020898234,0.00018855087,318.5,58.52041785873007,58.52041785873007,1.0
2240000,2.8371565,6.0635967,27.426249,0.025767822,0.00018800763,237.54545454545453,58.04544208764564,58.04544208764564,1.0
2250000,3.0281255,7.495979,None,None,None,178.16666666666666,60.1171683248734,60.1171683248734,1.0
2260000,3.0148144,5.9026113,34.295662,0.023036929,0.00018747806,152.0,59.21878767422313,59.21878767422313,1.0
2270000,3.027821,6.328933,24.870579,0.017599566,0.00018695071,211.84615384615384,59.451083579270815,59.451083579270815,1.0
2280000,3.198327,6.26677,28.41872,0.016626801,0.00018642284,228.66666666666666,57.85620579130149,57.85620579130149,1.0
2290000,3.1300638,5.2828417,21.91394,0.028363593,0.00018585206,175.375,58.10024643732634,58.10024643732634,1.0
2300000,3.2020042,4.743019,16.658024,0.030438932,0.00018529907,342.875,56.488634662747955,56.488634662747955,1.0
2310000,3.2864125,5.7596226,21.11906,0.02003109,0.00018475289,183.48,58.18866150560401,58.18866150560401,1.0
2320000,3.3151631,5.5359287,16.08415,0.029274512,0.0001842159,481.64,54.39478550684483,54.39478550684483,1.0
2330000,3.3143318,3.7296922,15.603159,0.022174504,0.00018369686,349.9230769230769,58.55766749912679,58.55766749912679,1.0
2340000,3.039947,6.955437,24.152979,0.027451089,0.00018314285,245.4,59.32939071254805,59.32939071254805,1.0
2350000,2.84127,8.108007,30.304197,0.033527378,0.00018262462,192.69230769230768,59.50908069297125,59.50908069297125,1.0
2360000,2.989785,8.067584,27.456356,0.031287923,0.00018206985,173.4,58.26354650339514,58.26354650339514,1.0
2370000,3.0228105,8.207878,25.702911,0.021346906,0.00018150307,536.5555555555555,57.82002716186495,57.82002716186495,1.0
2380000,2.8946676,6.4498773,None,None,None,214.33333333333334,57.200823985867565,57.200823985867565,1.0
2390000,2.9784179,6.2628303,28.484869,0.029003466,0.00018098329,234.3,58.23183940392284,58.23183940392284,1.0
2400000,2.9098632,6.0399814,24.514652,0.025072483,0.00018044606,189.07692307692307,57.65314843058635,57.65314843058635,1.0
2410000,2.6365342,8.96456,22.454832,0.02673735,0.00017992407,285.9375,57.94702112191896,57.94702112191896,1.0
2420000,2.6285136,9.111292,39.91478,0.029315569,0.00017940486,182.66666666666666,60.508392801825806,60.508392801825806,1.0
2430000,2.7811294,9.297793,33.33883,0.02256909,0.00017885544,165.44,59.52139130444266,59.52139130444266,1.0
2440000,2.748141,8.414944,27.500362,0.02140146,0.00017833903,163.1851851851852,58.21896419628368,58.21896419628368,1.0
2450000,2.818424,7.0110993,31.315254,0.022914488,0.00017779104,209.69230769230768,60.36177640790023,60.36177640790023,1.0
2460000,2.7301273,9.100789,27.981642,0.024729894,0.00017727824,168.3846153846154,59.48485280218093,59.48485280218093,1.0
2470000,2.6204078,8.516208,28.842073,0.022702815,0.00017673426,248.53333333333333,57.510797679288466,57.510797679288466,1.0
2480000,2.7641737,9.127268,38.90663,0.021683998,0.00017620205,139.33333333333334,60.69109879844249,60.69109879844249,1.0
2490000,2.8163786,7.897883,32.01296,0.019018775,0.00017564927,226.58333333333334,57.05469487438545,57.05469487438545,1.0
2500000,2.845668,9.068288,31.075432,0.03181438,0.00017513189,134.84848484848484,61.832731850716904,61.832731850716904,1.0
2510000,2.8829672,5.8759117,22.313717,0.018410886,0.00017461547,243.3846153846154,57.44148958812002,57.44148958812002,1.0
2520000,2.992738,7.36051,27.04004,0.021962972,0.00017408967,219.0,58.689379000948975,58.689379000948975,1.0
2530000,2.9703813,6.256702,19.140804,0.023285648,0.00017352865,260.3333333333333,56.18659889539704,56.18659889539704,1.0
2540000,2.79408,7.45613,None,None,None,197.75,61.52564269899581,61.52564269899581,1.0
2550000,2.6926143,8.669661,22.973501,0.022362823,0.00017299983,171.57142857142858,58.20813998541973,58.20813998541973,1.0
2560000,2.63075,8.399032,34.60482,0.023646522,0.00017244465,244.8,59.21793876584619,59.21793876584619,1.0
2570000,2.5292182,10.509316,33.981728,0.021024352,0.00017191087,216.15384615384616,57.64477625501579,57.64477625501579,1.0
2580000,2.7350266,8.082225,32.37739,0.02783476,0.00017139869,182.9090909090909,59.303168751753404,59.303168751753404,1.0
2590000,2.593334,9.227766,27.163578,0.023456506,0.00017085066,199.63636363636363,59.312619374327674,59.312619374327674,1.0
2600000,2.7439394,9.390184,29.491055,0.021077888,0.0001703067,247.22222222222223,56.630492415848295,56.630492415848295,1.0
2610000,2.919625,4.907059,21.743809,0.021722207,0.00016977702,216.15384615384616,59.51372733655444,59.51372733655444,1.0
2620000,2.8503132,7.3002415,19.125517,0.023976415,0.00016923848,287.4117647058824,59.271394088598235,59.271394088598235,1.0
2630000,2.9900165,6.097709,18.956333,0.028652392,0.00016871063,296.14285714285717,54.67674797067108,54.67674797067108,1.0
2640000,2.8150203,5.07067,12.909013,0.020757487,0.00016817966,290.9166666666667,57.114639533332955,57.114639533332955,1.0
2650000,2.7503238,7.215065,26.935436,0.024287349,0.00016765263,255.2,57.88528003384514,57.88528003384514,1.0
2660000,2.7523518,8.01584,23.517944,0.021660615,0.0001671271,230.66666666666666,60.35784097320654,60.35784097320654,1.0
2670000,2.805005,6.220976,22.051416,0.020844573,0.00016656106,143.44444444444446,60.17270801880338,60.17270801880338,1.0
2680000,2.9622965,6.048241,16.694017,0.027311811,0.00016603847,220.16666666666666,57.53049858352169,57.53049858352169,1.0
2690000,2.9669023,5.1820655,18.071077,0.028159283,0.00016550084,215.14285714285714,58.59184041221124,58.59184041221124,1.0
2700000,2.7894704,6.6386476,None,None,None,403.72727272727275,58.81249938900582,58.81249938900582,1.0
2710000,2.8547535,6.7098455,26.649702,0.021926234,0.00016497447,141.83333333333334,59.20471567798681,59.20471567798681,1.0
2720000,2.8491495,8.277853,23.321285,0.02194853,0.00016445963,299.22222222222223,59.603095622303954,59.603095622303954,1.0
2730000,2.8117476,6.7437477,24.321806,0.020991268,0.00016394487,495.5744680851064,58.06441285393455,58.06441285393455,1.0
2740000,2.6479657,8.820048,21.611605,0.020092286,0.00016339068,269.5111111111111,58.411457657594624,58.411457657594624,1.0
2750000,2.6370244,9.802173,32.267296,0.021091372,0.0001628729,161.21428571428572,59.82047931363673,59.82047931363673,1.0
2760000,2.8651602,6.6317225,28.20445,0.024745574,0.00016231465,167.4,59.18353259644161,59.18353259644161,1.0
2770000,2.9027066,8.118409,24.301504,0.0209489,0.00016175066,252.6,58.1477144168069,58.1477144168069,1.0
2780000,3.0264668,4.2805414,14.073636,0.025501885,0.00016123508,249.9090909090909,58.06543165646144,58.06543165646144,1.0
2790000,2.7200654,7.6822658,25.432478,0.021974059,0.00016067983,334.3333333333333,58.82750814942679,58.82750814942679,1.0
2800000,2.604171,8.9590845,30.557564,0.025449302,0.00016013304,210.25,58.83426926167837,58.83426926167837,1.0
2810000,2.567742,10.024101,36.782837,0.024984602,0.00015958305,132.78571428571428,60.564561778197195,60.564561778197195,1.0
2820000,2.5172257,10.127315,35.96777,0.021924375,0.00015902343,240.16666666666666,59.83539697322218,59.83539697322218,1.0
2830000,2.8721848,8.129762,None,None,None,178.0909090909091,59.94397211532729,59.94397211532729,1.0
2840000,3.0427427,6.3137493,30.528421,0.017709916,0.00015849122,127.33333333333333,60.5316116247947,60.5316116247947,1.0
2850000,3.0535579,6.3312874,17.599062,0.029638076,0.00015795944,287.0,57.618310729711084,57.618310729711084,1.0
2860000,3.0183768,5.763267,17.812069,0.025655989,0.00015738988,217.22222222222223,59.61775878909975,59.61775878909975,1.0
2870000,2.853559,6.895361,24.911186,0.025764989,0.00015686423,331.83720930232556,56.87583398659314,56.87583398659314,1.0
2880000,2.9547632,7.3752317,20.553303,0.027926233,0.00015634965,219.55555555555554,59.519889708333224,59.519889708333224,1.0
2890000,2.5343337,8.608479,26.410702,0.018381214,0.00015583388,201.08333333333334,60.283197824199824,60.283197824199824,1.0
2900000,2.725326,8.843431,33.26267,0.028404467,0.00015532006,236.07692307692307,59.28898869754854,59.28898869754854,1.0
2910000,2.755146,8.328224,28.573917,0.030063193,0.00015480608,380.625,57.93588978923435,57.93588978923435,1.0
2920000,2.5917614,7.2233706,18.55294,0.020438563,0.00015423907,286.1333333333333,57.39888557537537,57.39888557537537,1.0
2930000,2.9194455,9.848956,35.79459,0.018187042,0.00015372109,115.125,60.4046331399295,60.4046331399295,1.0
2940000,2.9690857,5.3701005,18.852201,0.020738633,0.00015317548,137.5,60.34052347918623,60.34052347918623,1.0
2950000,2.8226776,7.5772376,20.434843,0.01920588,0.00015264147,348.0,58.9387330699579,58.9387330699579,1.0
2960000,2.7015083,7.780086,22.352589,0.026539762,0.00015210168,214.26315789473685,59.80775515247263,59.80775515247263,1.0
2970000,2.8099399,7.2283235,19.49432,0.028450191,0.00015157885,183.6060606060606,58.05519046021315,58.05519046021315,1.0
2980000,2.9493022,7.592514,22.135685,0.02589909,0.00015106106,206.1818181818182,59.28504936945974,59.28504936945974,1.0
2990000,3.000822,6.4360194,19.033567,0.020470094,0.00015050144,156.96969696969697,59.93063054684899,59.93063054684899,1.0
3000000,2.959176,6.995607,None,None,None,277.7435897435897,58.56770935047825,58.56770935047825,1.0
3010000,3.0334387,6.5262785,21.709372,0.019432468,0.00014994766,323.1,59.20233954678083,59.20233954678083,1.0
3020000,2.9123428,5.8651505,22.831165,0.026772534,0.00014941469,188.1818181818182,59.22209885379729,59.22209885379729,1.0
3030000,2.573192,8.570751,24.657204,0.019328155,0.00014887091,448.17241379310343,59.4096963744915,59.4096963744915,1.0
3040000,2.4978125,9.819933,30.173166,0.031010773,0.00014834544,143.56140350877192,58.434045361405396,58.434045361405396,1.0
3050000,2.9362805,9.010583,35.21396,0.02453941,0.00014778186,417.9,58.77145630866289,58.77145630866289,1.0
3060000,2.9341688,8.385624,26.17035,0.026351284,0.00014726167,177.22222222222223,57.99492565058172,57.99492565058172,1.0
3070000,2.6916854,7.7518625,20.49422,0.025059616,0.00014668686,197.0,58.58664822401945,58.58664822401945,1.0
3080000,2.8581467,7.192637,22.761898,0.017959299,0.00014616884,251.74468085106383,57.42106362483041,57.42106362483041,1.0
3090000,2.7429612,8.913892,33.32674,0.019979296,0.00014560785,164.58536585365854,60.917155171878655,60.917155171878655,1.0
3100000,2.7823927,7.5070477,26.17398,0.022319954,0.00014504406,248.76923076923077,58.69390134113984,58.69390134113984,1.0
3110000,2.9699714,8.3319235,26.233479,0.021846095,0.00014451446,142.33333333333334,62.21583509273413,62.21583509273413,1.0
3120000,3.0792758,6.9810805,None,None,None,140.9,58.89456906111893,58.89456906111893,1.0
3130000,3.1181712,6.2344017,21.679506,0.024216808,0.00014396064,288.125,58.838070447582545,58.838070447582545,1.0
3140000,3.22318,5.6382365,17.42056,0.021291744,0.00014341569,200.0,57.39473598646388,57.39473598646388,1.0
3150000,3.0389626,5.524056,16.346594,0.023867095,0.00014289949,202.07142857142858,59.30959971786853,59.30959971786853,1.0
3160000,2.9091663,8.600608,22.566097,0.023944426,0.00014236828,131.76923076923077,59.09646336948572,59.09646336948572,1.0
3170000,2.9185863,7.7339497,20.43568,0.023299545,0.00014183467,154.7,60.272909228414804,60.272909228414804,1.0
3180000,2.9188633,7.716642,25.594275,0.025828136,0.00014129285,166.3,59.382796130508225,59.382796130508225,1.0
3190000,2.9475746,7.0547676,23.6221,0.022016602,0.00014072968,524.4545454545455,55.877103248489384,55.877103248489384,1.0
3200000,2.6235301,10.066855,23.972616,0.031811118,0.00014019008,393.7692307692308,57.39261545189462,57.39261545189462,1.0
3210000,2.5683045,10.295616,34.700233,0.024795873,0.0001396671,212.125,58.78545024656855,58.78545024656855,1.0
3220000,2.6365864,10.42583,36.162395,0.028213449,0.00013913887,147.14893617021278,59.04323284770362,59.04323284770362,1.0
3230000,2.7509964,7.8644986,26.293047,0.018835397,0.00013858808,144.07142857142858,59.128242896964366,59.128242896964366,1.0
3240000,2.754335,7.7250323,26.271826,0.021676382,0.00013802107,290.46153846153845,55.7489932252528,55.7489932252528,1.0
3250000,2.709228,10.176236,None,None,None,194.76923076923077,60.84701037017356,60.84701037017356,1.0
3260000,2.6798017,9.56127,33.571873,0.019293433,0.00013748746,167.54545454545453,59.11040191550689,59.11040191550689,1.0
3270000,2.9953325,6.9335785,27.73427,0.023636026,0.00013696607,170.4,58.31616071784502,58.31616071784502,1.0
3280000,2.8668325,8.018061,22.669655,0.025934745,0.00013643128,212.0,57.09705544074631,57.09705544074631,1.0
3290000,2.540793,9.252662,27.911406,0.026102526,0.00013591706,202.57142857142858,58.93379963242914,58.93379963242914,1.0
3300000,2.9265053,8.470855,37.30226,0.021559248,0.00013539786,126.16666666666667,59.97196625253613,59.97196625253613,1.0
3310000,2.5931973,9.616738,28.206373,0.03127318,0.00013486708,181.53333333333333,59.35913511250068,59.35913511250068,1.0
3320000,2.6707199,8.378661,30.405071,0.025826162,0.00013434266,153.11764705882354,58.131982329547796,58.131982329547796,1.0
3330000,2.46812,10.172314,36.647354,0.023653857,0.00013379629,224.6,60.76791815390156,60.76791815390156,1.0
3340000,2.7932642,8.103758,33.610256,0.019178102,0.00013323525,137.33333333333334,58.30993029644984,58.30993029644984,1.0
3350000,2.7663348,7.7473636,29.332043,0.020301528,0.00013268206,265.15384615384613,59.40060970546134,59.40060970546134,1.0
3360000,2.7888157,9.102221,30.289165,0.024439763,0.0001321253,143.90697674418604,59.744453816082874,59.744453816082874,1.0
3370000,2.745244,8.91809,33.21352,0.025404423,0.00013156986,99.83673469387755,61.32664738200505,61.32664738200505,1.0
3380000,3.0484016,7.1002536,23.603546,0.023689993,0.00013102085,164.57142857142858,60.37037612478404,60.37037612478404,1.0
3390000,2.8265803,5.4047275,None,None,None,387.76363636363635,57.252697049324134,57.252697049324134,1.0
3400000,2.8054516,7.697587,15.241381,0.025048055,0.00013049667,139.93333333333334,60.23106182124078,60.23106182124078,1.0
3410000,2.8873024,7.6624947,30.396282,0.022765297,0.00012995146,140.22222222222223,59.56417614858947,59.56417614858947,1.0
3420000,3.074888,5.7952127,30.000223,0.020231338,0.00012941567,181.125,59.35961279593903,59.35961279593903,1.0
3430000,3.0563562,5.770711,15.633173,0.023518918,0.00012888107,269.625,59.509965271689,59.509965271689,1.0
3440000,2.827954,7.460172,18.990023,0.02247016,0.00012832864,264.56756756756755,58.80204999776324,58.80204999776324,1.0
3450000,2.8587852,6.974175,23.241737,0.01884277,0.00012778684,226.41176470588235,59.152690267015714,59.152690267015714,1.0
3460000,2.6462522,8.339624,26.75355,0.022924904,0.00012724365,255.57142857142858,60.12790885000626,60.12790885000626,1.0
3470000,2.4235845,9.301794,30.395588,0.023825258,0.00012669471,341.7647058823529,58.12000142446777,58.12000142446777,1.0
3480000,2.4215693,12.411245,48.12346,0.026936896,0.00012612548,183.26666666666668,57.739250687734845,57.739250687734845,1.0
3490000,2.4032004,10.938291,36.939697,0.022778021,0.00012559006,150.88235294117646,59.387093580601686,59.387093580601686,1.0
3500000,2.5841446,9.363261,31.640663,0.021686113,0.00012507189,166.46666666666667,59.672588884696886,59.672588884696886,1.0
3510000,2.509208,10.15235,32.376392,0.027166545,0.00012455249,163.27272727272728,58.99817388169864,58.99817388169864,1.0
3520000,2.866929,7.7647753,26.746248,0.025621714,0.00012400447,142.27272727272728,57.277619482250884,57.277619482250884,1.0
3530000,2.7200627,8.333704,None,None,None,268.5,57.05094291323509,57.05094291323509,1.0
3540000,2.3596761,10.3596525,28.537306,0.021118127,0.00012347226,172.53333333333333,58.34881696962475,58.34881696962475,1.0
3550000,2.7330506,10.959843,33.618435,0.024943735,0.00012291323,132.57142857142858,59.34022376594476,59.34022376594476,1.0
3560000,2.9034984,6.188612,30.00094,0.02653449,0.00012237809,223.63636363636363,59.4654971690732,59.4654971690732,1.0
3570000,2.8186364,8.163269,25.073023,0.02278562,0.00012181669,222.0,57.341466780263,57.341466780263,1.0
3580000,2.428712,8.4669895,22.484459,0.016522953,0.00012127488,161.38888888888889,58.74917309550459,58.74917309550459,1.0
3590000,2.1683247,12.116041,45.161175,0.023094267,0.00012075808,165.61111111111111,59.608254454632466,59.608254454632466,1.0
3600000,2.4203079,9.726272,39.963955,0.026008185,0.000120223056,131.4375,59.049601363178226,59.049601363178226,1.0
3610000,2.3653936,10.637091,35.373882,0.02825216,0.000119667886,124.26666666666667,60.20068874493336,60.20068874493336,1.0
3620000,2.402662,10.055726,40.908707,0.019586904,0.000119124685,240.7058823529412,60.76691263124902,60.76691263124902,1.0
3630000,2.5631795,9.891383,33.467533,0.026678082,0.00011858849,171.1,59.39336514647314,59.39336514647314,1.0
3640000,2.39139,9.686915,29.099415,0.02258458,0.00011801988,165.94117647058823,57.7811150259804,57.7811150259804,1.0
3650000,2.4707096,9.617743,None,None,None,192.69230769230768,57.74195541009949,57.74195541009949,1.0
3660000,2.4569166,8.830103,32.142086,0.02406146,0.00011746866,206.2,58.08312025051055,58.08312025051055,1.0
3670000,2.4952056,10.430086,35.52582,0.017226296,0.00011693227,142.92857142857142,58.90420329016134,58.90420329016134,1.0
3680000,2.4402275,9.215423,32.618168,0.021987863,0.000116412484,162.66666666666666,60.586227402141475,60.586227402141475,1.0
3690000,2.3191037,10.9016905,33.87672,0.022162301,0.00011589328,162.9375,59.7851948424529,59.7851948424529,1.0
3700000,2.3849044,10.110246,34.609737,0.026772857,0.00011534946,179.375,59.82836090081067,59.82836090081067,1.0
3710000,2.2910936,11.031352,34.32069,0.018428955,0.00011479786,178.30769230769232,58.56270299243209,58.56270299243209,1.0
3720000,2.2268426,9.772162,30.069956,0.02511666,0.000114266906,156.61111111111111,59.51872943534545,59.51872943534545,1.0
3730000,2.3531432,11.710683,35.291664,0.027488768,0.00011372427,137.15,59.295460382374586,59.295460382374586,1.0
3740000,2.2327971,9.547274,34.90903,0.019990355,0.000113198075,172.8421052631579,58.7813555944449,58.7813555944449,1.0
3750000,2.2230935,12.931544,44.531593,0.02387433,0.00011267368,118.5,60.4099864578124,60.4099864578124,1.0
3760000,2.6255882,8.925163,33.16012,0.025918841,0.00011216087,182.33333333333334,59.757570633092776,59.757570633092776,1.0
3770000,2.234855,10.877305,40.01032,0.026644113,0.000111648085,152.16666666666666,59.88655809555143,59.88655809555143,1.0
3780000,2.6598628,10.508836,36.862507,0.029720437,0.00011113587,122.18181818181819,61.27216608635111,61.27216608635111,1.0
3790000,2.5379672,7.9242635,25.452019,0.017943975,0.000110616056,181.06666666666666,59.34818200608216,59.34818200608216,1.0
3800000,2.5655646,9.278527,38.738537,0.025146332,0.000110091256,201.85714285714286,58.8754255159564,58.8754255159564,1.0
3810000,2.3667536,10.51227,27.96534,0.024675867,0.00010954749,195.52941176470588,58.481508652043495,58.481508652043495,1.0
3820000,2.0799968,12.407253,None,None,None,149.83870967741936,58.979218588202215,58.979218588202215,1.0
3830000,2.4974189,9.665926,46.06902,0.021679895,0.000108999266,157.5,59.91597352755655,59.91597352755655,1.0
3840000,2.4121933,11.040139,34.16132,0.023659093,0.00010844026,137.47058823529412,60.0691385641303,60.0691385641303,1.0
3850000,2.487057,9.953063,36.89665,0.023786617,0.000107888285,186.66666666666666,59.800109456393066,59.800109456393066,1.0
3860000,2.492189,9.611244,34.98782,0.025532212,0.000107354266,153.14285714285714,60.55308862862876,60.55308862862876,1.0
3870000,2.3358817,10.37416,32.558865,0.018972535,0.00010679827,153.11764705882354,60.37917529411303,60.37917529411303,1.0
3880000,2.2367518,11.3676195,37.589573,0.03294484,0.000106262676,171.6875,58.630575440579214,58.630575440579214,1.0
3890000,2.1877928,11.624535,39.491543,0.022960486,0.0001057435,132.82857142857142,59.24453784649571,59.24453784649571,1.0
3900000,2.2985456,10.940285,39.74257,0.027124938,0.00010520087,166.55555555555554,60.807796268641354,60.807796268641354,1.0
3910000,2.1762626,11.201806,33.715736,0.02804539,0.00010466626,149.05882352941177,58.266067847760176,58.266067847760176,1.0
3920000,2.1286383,10.84738,38.53578,0.02700931,0.00010411089,138.88,60.3760252066115,60.3760252066115,1.0
3930000,2.2372534,12.263976,42.966854,0.022140086,0.000103577484,119.08333333333333,59.64929193657978,59.64929193657978,1.0
3940000,2.4053962,9.769221,24.532177,0.02447061,0.00010304367,159.47058823529412,58.937074070506185,58.937074070506185,1.0
3950000,2.2050686,11.458031,43.31965,0.025976952,0.00010250207,175.88524590163934,58.07829184326864,58.07829184326864,1.0
3960000,1.9706962,12.789055,None,None,None,161.35443037974684,59.603527020904586,59.603527020904586,1.0
3970000,2.1798077,11.752397,46.11462,0.021917794,0.00010198827,137.1764705882353,58.9695054472945,58.9695054472945,1.0
3980000,2.31968,11.4823065,36.532692,0.020438828,0.00010146766,176.55172413793105,60.21694283033187,60.21694283033187,1.0
3990000,2.2085164,10.640603,39.416702,0.025522392,0.000100951256,159.45454545454547,60.33904267323669,60.33904267323669,1.0
4000000,2.3524263,9.958231,35.99675,0.025357993,0.000100431884,128.46666666666667,59.601098061231426,59.601098061231426,1.0
4010000,2.4586513,9.132035,32.396538,0.026263079,9.9919285e-05,199.07692307692307,58.7111569901902,58.7111569901902,1.0
4020000,2.1265173,11.481249,28.909725,0.026290568,9.9381046e-05,171.7058823529412,61.306855572775625,61.306855572775625,1.0
4030000,2.235227,11.863393,37.88647,0.023229636,9.882209e-05,172.46666666666667,60.26455060963441,60.26455060963441,1.0
4040000,2.4732463,8.679279,39.721092,0.022624228,9.8261284e-05,139.5,59.499379355739805,59.499379355739805,1.0
4050000,2.4162729,9.522409,28.477839,0.019239433,9.7701646e-05,185.25,58.81707427891524,58.81707427891524,1.0
4060000,2.4659572,9.751041,35.94189,0.020274006,9.716006e-05,137.0,60.09052049716702,60.09052049716702,1.0
4070000,2.2039032,9.645836,27.352266,0.029647226,9.664569e-05,201.5,58.229154890053906,58.229154890053906,1.0
4080000,1.9575014,12.118586,38.704475,0.02339778,9.612746e-05,196.35,58.72510231351494,58.72510231351494,1.0
4090000,2.3993182,8.68727,35.733955,0.021878827,9.55937e-05,158.6153846153846,58.491317428155945,58.491317428155945,1.0
4100000,2.4717593,10.026347,28.543152,0.02093699,9.507107e-05,151.33333333333334,59.866747685915065,59.866747685915065,1.0
4110000,2.5273938,8.105342,27.897127,0.022608273,9.4545496e-05,149.92857142857142,58.9582278280033,58.9582278280033,1.0
4120000,2.4134824,9.201003,25.02346,0.027382404,9.400189e-05,183.41666666666666,59.31471142538444,59.31471142538444,1.0
4130000,2.341784,10.134481,None,None,None,149.0,58.9510930999495,58.9510930999495,1.0
4140000,2.4258764,8.919765,30.411589,0.018974401,9.348107e-05,267.15384615384613,58.10291181185032,58.10291181185032,1.0
4150000,1.9448422,12.3252535,31.115854,0.02391423,9.2919065e-05,206.61111111111111,58.17383405928122,58.17383405928122,1.0
4160000,2.1178977,11.642496,55.484566,0.025139539,9.239006e-05,195.5,60.18297849031806,60.18297849031806,1.0
4170000,2.1337354,11.146281,30.817163,0.027380178,9.186386e-05,142.94117647058823,60.732886967515306,60.732886967515306,1.0
4180000,2.0883334,11.353948,38.50275,0.02099095,9.131626e-05,119.83333333333333,60.061957057630806,60.061957057630806,1.0
4190000,1.9560932,11.9270525,33.895916,0.021521786,9.0799076e-05,177.22222222222223,58.3984488269513,58.3984488269513,1.0
4200000,2.223426,11.573433,37.343296,0.024593743,9.02565e-05,136.0,58.49323606857797,58.49323606857797,1.0
4210000,2.0677476,10.768996,35.484146,0.018313771,8.971346e-05,175.6875,59.05421689042808,59.05421689042808,1.0
4220000,2.321188,10.194181,34.26717,0.0282022,8.9198664e-05,154.63636363636363,58.39085147784984,58.39085147784984,1.0
4230000,2.1545534,10.35568,29.107758,0.022401394,8.863348e-05,212.8235294117647,58.89612914641787,58.89612914641787,1.0
4240000,2.1700885,11.456994,36.284786,0.027680457,8.806428e-05,157.58333333333334,59.84975253369547,59.84975253369547,1.0
4250000,2.125821,10.143783,37.75524,0.026527455,8.7531065e-05,143.41176470588235,60.54179143346482,60.54179143346482,1.0
4260000,2.0139844,11.521764,36.33148,0.021139495,8.70071e-05,143.11764705882354,58.91698770019381,58.91698770019381,1.0
4270000,2.0939844,11.738063,None,None,None,117.66666666666667,59.158975728887,59.158975728887,1.0
4280000,2.15681,10.848786,34.004578,0.023613416,8.6437074e-05,212.76923076923077,59.99466448753032,59.99466448753032,1.0
4290000,2.2169077,9.565238,34.70607,0.032276943,8.5884276e-05,146.0909090909091,59.64948198220302,59.64948198220302,1.0
4300000,2.1342652,10.672009,31.461266,0.021883586,8.5350875e-05,106.14285714285714,59.206351220357014,59.206351220357014,1.0
4310000,2.2110422,8.437462,30.758593,0.023526302,8.480087e-05,163.16666666666666,59.69302959981077,59.69302959981077,1.0
4320000,2.2001238,9.752924,33.09311,0.021705199,8.4270694e-05,117.3,60.64926691072866,60.64926691072866,1.0
4330000,2.25047,10.465883,25.9002,0.028162802,8.373909e-05,192.91666666666666,60.30768586608412,60.30768586608412,1.0
4340000,2.0866497,10.107533,28.710003,0.025170444,8.3188905e-05,172.88524590163934,59.717978580382805,59.717978580382805,1.0
4350000,2.1807761,10.780811,35.928642,0.024095329,8.2670485e-05,240.12698412698413,59.29351957920672,59.29351957920672,1.0
4360000,2.2194312,10.331037,39.64344,0.01846945,8.212609e-05,131.10344827586206,60.713595853751755,60.713595853751755,1.0
4370000,2.2310271,9.803957,33.9526,0.025249457,8.1571074e-05,167.27272727272728,59.4051494083189,59.4051494083189,1.0
