Steps,Policy/Extrinsic Value Estimate,Losses/Value Loss,Losses/Policy Loss,Policy/Learning Rate,Policy/Entropy,Environment/Episode Length,Environment/Cumulative Reward,Policy/Extrinsic Reward,Is Training
130000,-1.8109869,0.024356803,0.025883857,0.00028799367,4.428411,999.5,-34.23756379522274,-34.23756379522274,1.0
140000,-1.9991999,0.050871816,0.027579136,0.00028693763,4.4287386,None,None,None,1.0
150000,-2.182336,0.035038542,0.028026344,0.0002858368,4.4363236,None,None,None,1.0
160000,-2.3591566,0.022540327,0.023005567,0.0002847616,4.4315553,None,None,None,1.0
170000,-2.5316136,0.011990237,0.023235826,0.0002836608,4.4260435,None,None,None,1.0
180000,-2.7535396,0.013852681,0.021954274,0.00028255998,4.4222927,None,None,None,1.0
190000,-2.8386145,0.016987659,0.022998992,0.00028148483,4.412973,None,None,None,1.0
200000,-3.036227,0.011373523,0.027091805,0.00028038403,4.4009767,None,None,None,1.0
210000,-3.0891554,0.01001126,0.025050515,0.0002792832,4.389864,None,None,None,1.0
220000,-3.2022858,0.006039942,0.027951663,0.00027820803,4.369976,None,None,None,1.0
230000,-3.3339827,0.007384537,0.02518096,0.00027710723,4.3651524,None,None,None,1.0
240000,-3.3911006,0.008302014,0.015471405,0.00027600644,4.3491,None,None,None,1.0
250000,-3.50713,None,None,None,4.3274302,None,None,None,1.0
260000,-3.192511,0.0063866274,0.022283709,0.0002749312,4.3268127,1999.0,-68.52729007229209,-68.52729007229209,1.0
270000,-2.565367,0.034375507,0.02249339,0.000273856,4.335495,None,None,None,1.0
280000,-2.7704277,0.016970677,0.0359991,0.0002727808,4.335165,None,None,None,1.0
290000,-2.9303198,0.010690297,0.017370205,0.00027167998,4.321632,None,None,None,1.0
300000,-3.1032257,0.011715287,0.02425174,0.00027057916,4.31968,None,None,None,1.0
310000,-3.2266755,0.014878023,0.02259176,0.0002695041,4.320467,None,None,None,1.0
320000,-3.366283,0.006590418,0.027305866,0.0002684033,4.317581,None,None,None,1.0
330000,-3.4229581,0.00894997,0.022669464,0.00026730247,4.312246,None,None,None,1.0
340000,-3.5341804,0.0077856476,0.022138147,0.00026622726,4.3004045,None,None,None,1.0
350000,-3.6191938,0.013144497,0.030215742,0.00026512647,4.2728615,None,None,None,1.0
360000,-3.6974683,0.01443616,0.02453622,0.00026402564,4.245473,None,None,None,1.0
370000,-3.8309069,None,None,None,4.2009006,None,None,None,1.0
380000,-3.8973317,0.009669702,0.025583586,0.00026295046,4.1863356,None,None,None,1.0
390000,-3.250021,0.016202217,0.02450871,0.00026184967,4.1920223,1999.0,-66.89979543862864,-66.89979543862864,1.0
400000,-2.6287901,0.039618958,0.024685213,0.00026080007,4.185893,None,None,None,1.0
410000,-2.8661966,0.021775324,0.026212776,0.00025969924,4.195762,None,None,None,1.0
420000,-3.1139696,0.02556491,0.026193297,0.00025859842,4.1886783,None,None,None,1.0
430000,-3.196765,0.008563684,0.026640406,0.00025752324,4.181426,None,None,None,1.0
440000,-3.3199677,0.009757226,0.032241993,0.0002564224,4.1802797,None,None,None,1.0
450000,-3.3841894,0.01404718,0.02526378,0.00025532162,4.1611233,None,None,None,1.0
460000,-3.4837978,0.01085164,0.028719185,0.00025424644,4.121234,None,None,None,1.0
470000,-3.475337,0.011816638,0.022053724,0.0002531456,4.083421,None,None,None,1.0
480000,-3.506026,0.0111029325,0.028946739,0.00025204482,4.083448,None,None,None,1.0
490000,-3.5740228,None,None,None,4.059531,None,None,None,1.0
500000,-3.6220806,0.01182868,0.02285395,0.000250944,4.009988,None,None,None,1.0
510000,-3.6894908,0.009427181,0.021828678,0.00024986878,3.9857047,None,None,None,1.0
520000,-2.8502042,0.010368097,0.026524955,0.00024883836,4.0386267,1999.0,-63.887859142618254,-63.887859142618254,1.0
530000,-2.579261,0.026938431,0.032659657,0.0002477184,4.0602865,None,None,None,1.0
540000,-2.7983959,0.021020722,0.026370374,0.0002466176,4.0699816,None,None,None,1.0
550000,-2.9336379,0.017966416,0.024959225,0.00024554238,4.0757556,None,None,None,1.0
560000,-3.025196,0.008583664,0.021924533,0.0002444416,4.050582,None,None,None,1.0
570000,-3.1207724,0.01399978,0.029256638,0.00024334081,4.0007997,None,None,None,1.0
580000,-3.2341218,0.016290225,0.019532662,0.00024226568,3.9968238,None,None,None,1.0
590000,-3.3394532,0.01321217,0.030387482,0.00024116489,3.9964235,None,None,None,1.0
600000,-3.3872075,0.018005393,0.023375254,0.00024006408,4.0198865,None,None,None,1.0
610000,-3.5709865,None,None,None,4.072076,None,None,None,1.0
620000,-3.7239811,0.016059784,0.028321467,0.00023898887,4.103887,None,None,None,1.0
630000,-3.7284987,0.008391137,0.023001906,0.00023788806,4.0779705,1815.0,-58.97417049109936,-58.97417049109936,1.0
640000,-3.6490464,0.07621205,0.031921428,0.00023677763,4.0705795,1999.0,-64.1460311661164,-64.1460311661164,1.0
650000,-2.46304,0.017090153,0.023460751,0.00023573445,3.9642262,None,None,None,1.0
660000,-2.7205331,0.018080438,0.022821503,0.00023463366,3.9404874,None,None,None,1.0
670000,-3.0434482,0.015921956,0.02488026,0.00023355844,3.9430597,None,None,None,1.0
680000,-3.131769,0.0075299325,0.022116596,0.00023245763,3.928694,None,None,None,1.0
690000,-3.2257702,0.021802532,0.016970215,0.00023135684,3.886544,None,None,None,1.0
700000,-3.3921177,0.022797076,0.022374725,0.00023028164,3.8907137,None,None,None,1.0
710000,-3.5209382,0.015638217,0.02239353,0.00022918082,3.9574835,None,None,None,1.0
720000,-3.6506941,0.07056701,0.021320214,0.00022806003,4.0197706,1265.0,-35.30648622661829,-35.30648622661829,1.0
730000,-3.6611931,None,None,None,4.0250697,1379.0,-46.81583305448294,-46.81583305448294,1.0
740000,-3.5847094,0.070278,0.020127285,0.00022699601,4.0137076,None,None,None,1.0
750000,-3.5984428,0.010533702,0.023575425,0.00022586965,3.953973,1655.0,-45.27779594808817,-45.27779594808817,1.0
760000,-3.6326396,0.07697583,0.033323366,0.00022474643,3.925618,1999.0,-62.84109465032816,-62.84109465032816,1.0
770000,-3.580129,0.012381775,0.026602725,0.0002237161,3.9214962,1999.0,-65.97077507153153,-65.97077507153153,1.0
780000,-2.634513,0.019226788,0.028619766,0.00022261527,3.8776965,None,None,None,1.0
790000,-2.917091,0.018669702,0.022898959,0.00022156567,3.8255372,None,None,None,1.0
800000,-3.126979,0.026638182,0.026236944,0.00022043925,3.8170054,None,None,None,1.0
810000,-3.3607037,0.016873872,0.026204841,0.00021933847,3.7826052,None,None,None,1.0
820000,-3.4411485,0.012622721,0.023300437,0.00021826327,3.8448071,None,None,None,1.0
830000,-3.5743237,0.01228678,0.018769857,0.00021716248,3.8032496,None,None,None,1.0
840000,-3.6651235,0.016806899,0.026289426,0.00021606166,3.7907476,None,None,None,1.0
850000,-3.7472754,0.013708594,0.021033108,0.00021503124,3.8076434,1999.0,-59.027187302708626,-59.027187302708626,1.0
860000,-3.6267593,0.01699536,0.019906912,0.00021400083,3.771737,1999.0,-65.10327243059874,-65.10327243059874,1.0
870000,-3.6558862,None,None,None,3.7748585,1485.0,-43.59495525807142,-43.59495525807142,1.0
880000,-3.5051308,0.053251963,0.019756733,0.00021297121,3.7509313,1999.0,-64.4888096600771,-64.4888096600771,1.0
890000,-3.711471,0.01525573,0.021406066,0.00021194089,3.7935243,1999.0,-63.48905657231808,-63.48905657231808,1.0
900000,-3.3264236,0.016192587,0.02837265,0.00021091047,3.839055,1999.0,-66.4021856053309,-66.4021856053309,1.0
910000,-2.8423486,0.03169432,0.026512746,0.0002097905,3.7590337,None,None,None,1.0
920000,-3.1214209,0.02922656,0.022281948,0.00020871528,3.8154945,None,None,None,1.0
930000,-3.356098,0.03567164,0.021683628,0.00020761449,3.9159527,None,None,None,1.0
940000,-3.5240276,0.0155297695,0.018103035,0.0002065137,3.9827576,None,None,None,1.0
950000,-3.6225774,0.015246181,0.027785845,0.00020543848,3.9640794,None,None,None,1.0
960000,-3.7340636,0.010875867,0.018575719,0.00020433769,3.9526713,None,None,None,1.0
970000,-3.7602077,0.012050915,0.025105266,0.00020323688,3.8489757,None,None,None,1.0
980000,-3.7447495,0.009522172,0.02518936,0.00020220646,3.803174,1999.0,-71.54292497038841,-71.54292497038841,1.0
990000,-3.6757343,0.051194064,0.031254407,0.00020105926,3.761215,1920.3333333333333,-54.174059921875596,-54.174059921875596,1.0
1000000,-3.4826055,None,None,None,3.718544,None,-70.15798188000917,-70.15798188000917,1.0
1010000,-3.6026006,0.021355866,0.022264004,0.00019997769,3.716105,1844.0,-60.9116011345759,-60.9116011345759,1.0
1020000,-3.5046203,0.08435933,0.021230197,0.00019891128,3.8099365,None,-64.25520957261324,-64.25520957261324,1.0
1030000,-3.1744256,0.018217415,0.02272769,0.00019778486,3.846425,1999.0,-67.32558568120002,-67.32558568120002,1.0
1040000,-2.8368163,0.040573556,0.021140374,0.00019674803,3.8123915,None,None,None,1.0
1050000,-3.1351855,0.020343805,0.028104585,0.00019564721,3.7719414,None,None,None,1.0
1060000,-3.1637142,0.0108787175,0.023273055,0.00019454643,3.7287457,None,None,None,1.0
1070000,-3.2572248,0.00879111,0.02455411,0.00019349683,3.7707038,None,None,None,1.0
1080000,-3.2727933,0.011324287,0.025383465,0.00019237044,3.6930125,1369.0,-42.99979052692652,-42.99979052692652,1.0
1090000,-3.299292,0.062080692,0.019978048,0.00019125924,3.6413546,None,None,None,1.0
1100000,-3.3023431,0.0091239605,0.020716827,0.00019020964,3.5879428,None,None,None,1.0
1110000,-3.3569047,0.011883344,0.019510284,0.00018907686,3.5258372,1999.0,-50.92745041102171,-50.92745041102171,1.0
1120000,-3.2193458,None,None,None,3.4898565,1999.0,-62.43174137547612,-62.43174137547612,1.0
1130000,-3.3056343,0.019622223,0.01641732,0.00018798886,3.4137082,1999.0,None,None,1.0
1140000,-3.3225572,0.01868124,0.033773508,0.00018693283,3.46505,1999.0,-68.63741235807538,-68.63741235807538,1.0
1150000,-3.258709,0.0170893,0.026580678,0.00018580006,3.3859525,1999.0,None,None,1.0
1160000,-2.829122,0.016019281,0.019193554,0.00018476325,3.7532475,1999.0,-59.99328500106931,-59.99328500106931,1.0
1170000,-2.9260561,0.036903076,0.027679944,0.00018366244,3.6704202,None,None,None,1.0
1180000,-3.1198237,0.024728589,0.026151607,0.00018256163,3.6435742,None,None,None,1.0
1190000,-3.3662481,0.012786103,0.02476768,0.00018151203,3.6002707,None,None,None,1.0
1200000,-3.4255643,0.011824211,0.023303442,0.00018038566,3.5383568,None,None,None,1.0
1210000,-3.4448552,0.052745417,0.029279606,0.0001792785,3.5493972,1447.0,-46.009615395218134,-46.009615395218134,1.0
1220000,-3.3510149,0.014202933,0.026951818,0.0001782289,3.4828131,None,None,None,1.0
1230000,-3.4107654,0.06533963,0.02231126,0.00017709367,3.3836126,1874.0,-59.1189471334219,-59.1189471334219,1.0
1240000,-3.4093945,0.015229617,0.022662368,0.00017600562,3.3972814,1999.0,-72.59396850317717,-72.59396850317717,1.0
1250000,-3.313611,None,None,None,3.423954,None,None,None,1.0
1260000,-3.3009048,0.023136556,0.023490991,0.00017495602,3.4385118,1825.5,-56.79440498352051,-56.79440498352051,1.0
1270000,-3.2396832,0.059543375,0.021036498,0.00017393005,3.427634,1999.0,-58.88341787457466,-58.88341787457466,1.0
1280000,-3.170479,0.012875347,0.027033938,0.00017289963,3.4593008,1999.0,-63.10790049470961,-63.10790049470961,1.0
1290000,-2.6720839,0.01954933,0.021182436,0.00017179885,3.5377948,None,None,None,1.0
1300000,-2.841408,0.021285206,0.018926065,0.00017069803,3.4892905,None,None,None,1.0
1310000,-3.071228,0.031954836,0.018779237,0.00016962284,3.3484108,None,None,None,1.0
1320000,-3.1675267,0.022092514,0.023695802,0.00016852205,3.375081,None,None,None,1.0
1330000,-3.308966,0.0157859,0.02618191,0.00016742123,3.3512676,None,None,None,1.0
1340000,-3.209614,0.060578633,0.028184304,0.0001663453,3.4910479,1621.0,-49.798964942495026,-49.798964942495026,1.0
1350000,-3.2009866,0.025379974,0.025766889,0.00016527009,3.4870374,None,None,None,1.0
1360000,-3.3461454,0.02159642,0.028372884,0.00016416286,3.5825288,1999.0,-60.57031832262874,-60.57031832262874,1.0
1370000,-3.4524863,0.021719906,0.020755704,0.00016304929,3.6374898,1999.0,-61.34185603260994,-61.34185603260994,1.0
1380000,-3.3574295,None,None,None,3.6571891,1526.3333333333333,-44.55496013661226,-44.55496013661226,1.0
1390000,-3.2107174,0.15351272,0.02255473,0.00016198446,3.6342602,1984.0,-67.01419933140278,-67.01419933140278,1.0
1400000,-3.1898143,0.07705524,0.02639323,0.00016095965,3.6109905,1999.0,-53.55960230529308,-53.55960230529308,1.0
1410000,-3.1519332,0.017287621,0.020995412,0.00015987811,3.5883412,1624.6666666666667,-52.07202654952804,-52.07202654952804,1.0
1420000,-2.99797,0.121119104,0.020900458,0.00015874127,3.3793988,None,None,None,1.0
1430000,-3.2429142,0.03234718,0.0238238,0.00015758927,3.339588,None,None,None,1.0
1440000,-3.3318408,0.015424786,0.024622815,0.00015648844,3.4231758,892.0,None,None,1.0
1450000,-3.2403994,0.107812665,0.02611296,0.00015543083,3.470484,1686.0,-37.89685698226094,-37.89685698226094,1.0
1460000,-3.2435515,0.016787088,0.025915848,0.00015430448,3.4760945,1949.0,-59.779052063822746,-59.779052063822746,1.0
1470000,-3.1944358,0.1158422,0.023491096,0.00015325764,3.464882,922.0,-29.211723379790783,-29.211723379790783,1.0
1480000,-3.239241,0.017662082,0.018586373,0.00015218245,3.4327605,None,None,None,1.0
1490000,-3.2643192,0.010262626,0.030044805,0.00015110087,3.3216891,1999.0,-72.82289659976959,-72.82289659976959,1.0
1500000,-3.1846106,None,None,None,3.3378885,1264.0,-39.82229245454073,-39.82229245454073,1.0
1510000,-3.193463,0.047117285,0.026975213,0.00014996086,3.3313334,1999.0,-57.1258657053113,-57.1258657053113,1.0
1520000,-3.0068622,0.024909781,0.022397146,0.00014881526,3.3386786,1875.5,-47.935228664427996,-47.935228664427996,1.0
1530000,-3.0441365,0.05212023,0.038080238,0.00014769165,3.27803,1999.0,-66.1242701485753,-66.1242701485753,1.0
1540000,-2.9730322,0.015531601,0.02051322,0.00014661644,3.2914708,1999.0,-59.53056684136391,-59.53056684136391,1.0
1550000,-3.0031605,0.022238934,0.025962694,0.00014554129,3.2323935,None,None,None,1.0
1560000,-3.0117047,0.019866968,0.024051422,0.00014444049,3.15342,1003.0,-26.754065841436386,-26.754065841436386,1.0
1570000,-3.0267901,0.047199912,0.02350895,0.00014339885,3.0557227,1999.0,-53.69708809256554,-53.69708809256554,1.0
1580000,-2.9809847,0.04811208,0.028169576,0.00014229605,3.061576,1145.5,-34.02516728639603,-34.02516728639603,1.0
1590000,-3.0823495,0.02275203,0.02292348,0.0001412209,2.9706483,1966.0,-53.311721205711365,-53.311721205711365,1.0
1600000,-3.0623925,0.075336136,0.029065026,0.00014017485,2.9693038,1479.0,-41.24336435645819,-41.24336435645819,1.0
1610000,-3.0737276,0.015620649,0.021944584,0.00013909963,2.8978183,1999.0,-59.3237297013402,-59.3237297013402,1.0
1620000,-3.128742,0.01937727,0.029328974,0.00013801808,2.932398,None,None,None,1.0
1630000,-3.1458635,None,None,None,3.029244,1394.0,-37.74643265316263,-37.74643265316263,1.0
1640000,-3.0946503,0.056973584,0.028316913,0.00013690208,3.2600257,1999.0,-59.5781896909078,-59.5781896909078,1.0
1650000,-3.0609412,0.027141962,0.019273082,0.00013585886,3.3271334,1999.0,-60.79667431116104,-60.79667431116104,1.0
1660000,-3.0852158,0.029361816,0.019785726,0.00013482205,3.1976757,None,-70.79537978768349,-70.79537978768349,1.0
1670000,-3.1114712,0.024687557,0.025618298,0.00013375965,3.286762,1699.6666666666667,-51.74209187800685,-51.74209187800685,1.0
1680000,-2.9318945,0.114020735,0.022085497,0.00013271166,3.1303663,None,None,None,1.0
1690000,-3.0910373,0.026091225,0.029738175,0.00013158527,3.180822,1039.6666666666667,-31.548817080756027,-31.548817080756027,1.0
1700000,-3.054543,0.1752196,0.019940147,0.00013051563,3.1939797,1705.5,-55.78357960656285,-55.78357960656285,1.0
1710000,-2.8719962,0.089528166,0.022666402,0.00012948325,3.299569,639.0,-14.94268025457859,-14.94268025457859,1.0
1720000,-2.9907916,0.06748291,0.022085844,0.0001283725,3.1640062,792.0,-21.116502106189728,-21.116502106189728,1.0
1730000,-3.1019864,0.0275622,0.023082357,0.00012734164,3.149226,1287.5,-39.030652625951916,-39.030652625951916,1.0
1740000,-3.0158155,0.040423512,0.0261865,0.00012631567,3.1911664,1217.5,-34.697070116060786,-34.697070116060786,1.0
1750000,-3.0117376,0.016503235,0.027896293,0.00012516367,3.067561,None,None,None,1.0
1760000,-3.0771704,0.023699945,0.02313121,0.00012408204,3.0326996,1999.0,-54.5848715826869,-54.5848715826869,1.0
1770000,-3.0113492,0.019845366,0.02360108,0.00012301971,3.171281,1999.0,-74.08177582919598,-74.08177582919598,1.0
1780000,-3.054481,None,None,None,3.186885,1249.0,-24.24045543372631,-24.24045543372631,1.0
1790000,-2.994247,0.052628506,0.01914773,0.00012198208,3.2788265,1754.0,-47.89214786887169,-47.89214786887169,1.0
1800000,-2.9567873,0.0633132,0.018410092,0.00012088525,3.291663,1647.0,-47.693902862879135,-47.693902862879135,1.0
1810000,-2.8782792,0.14317474,0.028365014,0.00011973968,3.2302213,1087.5,-21.701402518665418,-21.701402518665418,1.0
1820000,-3.08228,0.09318246,0.02262832,0.00011861288,3.199253,None,None,None,1.0
1830000,-3.1684763,0.020094035,0.025074456,0.00011753765,3.1944358,1999.0,None,None,1.0
1840000,-3.2015812,0.026085878,0.020717425,0.00011645608,3.2094135,None,-61.887274011969566,-61.887274011969566,1.0
1850000,-3.2291808,0.013111636,0.019700332,0.00011535526,3.1640625,None,None,None,1.0
1860000,-3.1713269,0.013679625,0.02615777,0.00011424808,3.231242,1611.0,-42.48123164474964,-42.48123164474964,1.0
1870000,-3.119346,0.03962535,0.023749238,0.00011315847,3.287464,1999.0,-58.369016740471125,-58.369016740471125,1.0
1880000,-3.122839,0.016590679,0.020004613,0.00011205767,3.180866,None,None,None,1.0
1890000,-3.1215138,0.01747095,0.024077673,0.00011100169,3.1479053,1999.0,-54.614930897951126,-54.614930897951126,1.0
1900000,-3.1409144,None,None,None,3.1739829,1819.0,-64.46356866136193,-64.46356866136193,1.0
1910000,-3.0877903,0.0636299,0.021451343,0.00010987846,3.3835208,1999.0,-68.17335288226604,-68.17335288226604,1.0
1920000,-3.0064652,0.016595993,0.024775885,0.00010884808,3.338535,1999.0,-52.50429192557931,-52.50429192557931,1.0
1930000,-2.916907,0.024367688,0.021521566,0.00010774727,3.2408068,1999.0,-59.98046959191561,-59.98046959191561,1.0
1940000,-3.0100417,0.036671568,0.024418384,0.00010663366,3.096094,1999.0,-71.22442007809877,-71.22442007809877,1.0
1950000,-3.0361862,0.032556076,0.023103774,0.00010552649,2.9533978,None,None,None,1.0
1960000,-3.1283371,0.014218783,0.024490966,0.00010445128,2.9375288,1999.0,-65.64076121896505,-65.64076121896505,1.0
1970000,-3.063551,0.020592995,0.021949245,0.00010336966,3.0303645,None,None,None,1.0
1980000,-3.282052,0.021633456,0.022351677,0.00010224328,3.0746176,1999.0,None,None,1.0
1990000,-3.3180034,0.060773958,0.024167413,0.00010111487,3.1102433,1744.6666666666667,-52.00593919493258,-52.00593919493258,1.0
2000000,-3.0316758,None,None,None,3.0607953,1555.5,-37.64870461821556,-37.64870461821556,1.0
2010000,-3.199463,0.07676118,0.025665782,9.997207e-05,2.8891282,1999.0,-78.02601569890976,-78.02601569890976,1.0
2020000,-3.1598055,0.019346425,0.02387045,9.886485e-05,2.886314,None,None,None,1.0
2030000,-3.207247,0.018275382,0.027301775,9.781525e-05,2.8877745,1999.0,-59.011912275105715,-59.011912275105715,1.0
2040000,-3.0751147,0.060638998,0.027055224,9.674648e-05,2.9282186,1839.0,-53.577655144035816,-53.577655144035816,1.0
2050000,-3.0329123,0.059148036,0.026658714,9.569408e-05,2.891854,1427.25,-48.55598324537277,-48.55598324537277,1.0
2060000,-2.9397163,0.1059258,0.0213184,9.4653304e-05,2.8284779,1999.0,-64.6569638736546,-64.6569638736546,1.0
2070000,-3.1066625,0.02635147,0.028067565,9.357166e-05,2.9385703,1999.0,-71.67984942346811,-71.67984942346811,1.0
2080000,-3.1320567,0.02155917,0.02629068,9.2470866e-05,2.95676,None,None,None,1.0
2090000,-3.2164733,0.021301275,0.019047676,9.137011e-05,3.1501524,1355.5,-34.38179353810847,-34.38179353810847,1.0
2100000,-3.0409935,0.0336231,0.029992515,9.023368e-05,3.2507157,1689.0,None,None,1.0
2110000,-3.1679568,0.05663665,0.024368564,8.914808e-05,3.218317,1782.5,-51.77054100794097,-51.77054100794097,1.0
2120000,-3.0294664,0.12314703,0.020724056,8.81017e-05,3.1340034,1349.25,-32.516268476843834,-32.516268476843834,1.0
2130000,-2.965774,0.025187422,0.019835738,8.702007e-05,3.0366206,None,-52.00686461478472,-52.00686461478472,1.0
2140000,-3.1276271,None,None,None,3.0385697,335.0,None,None,1.0
2150000,-3.202839,0.023055613,0.021480953,8.597046e-05,3.1963158,None,-5.503504320979118,-5.503504320979118,1.0
2160000,-3.2823358,0.05252069,0.020125473,8.491448e-05,3.3489392,1999.0,-61.14117997139692,-61.14117997139692,1.0
2170000,-3.2022908,0.026363937,0.022640822,8.384566e-05,3.37455,1999.0,-58.040504947304726,-58.040504947304726,1.0
2180000,-3.1816425,0.014705936,0.025553139,8.2783255e-05,3.2348716,1999.0,-66.73229494442542,-66.73229494442542,1.0
2190000,-3.164071,0.035198312,0.025480466,8.166969e-05,3.0687754,1999.0,None,None,1.0
2200000,-3.2530744,0.020216973,0.019551668,8.0562466e-05,2.983213,None,-66.44404070079327,-66.44404070079327,1.0
2210000,-3.358271,0.02354363,0.026279094,7.941048e-05,3.0879047,486.0,None,None,1.0
2220000,-3.3434243,0.07263426,0.027121937,7.838367e-05,3.310039,1469.0,-49.51488354988396,-49.51488354988396,1.0
2230000,-3.1994166,0.17061424,0.02278637,7.7307675e-05,3.2350464,1769.0,-24.221193658187985,-24.221193658187985,1.0
2240000,-3.3477552,0.017307987,0.0285928,7.6232485e-05,3.0965612,None,None,None,1.0
2250000,-3.4087477,0.035712536,0.025704976,7.517008e-05,3.2104156,1999.0,-66.86212125917275,-66.86212125917275,1.0
2260000,-3.2747486,0.057993498,0.02389169,7.4075695e-05,3.2204928,479.0,-8.752680741250515,-8.752680741250515,1.0
2270000,-3.2999208,0.04870771,0.025527721,7.3037685e-05,3.1464984,1200.5,-48.47397859767079,-48.47397859767079,1.0
2280000,-3.1770647,None,None,None,3.2320745,835.0,-17.07416114397347,-17.07416114397347,1.0
2290000,-3.1571975,0.044675346,0.025673531,7.190968e-05,3.2630484,1471.6,-44.969904837012294,-44.969904837012294,1.0
2300000,-2.987554,0.11260321,0.023593029,7.0858885e-05,3.1651049,1999.0,-64.77066223695874,-64.77066223695874,1.0
2310000,-3.0121353,0.044174217,0.022229385,6.976448e-05,3.027898,1999.0,-80.9526283070445,-80.9526283070445,1.0
2320000,-3.1808312,0.0404898,0.022614665,6.866369e-05,3.0355473,1101.5,-30.031001145020127,-30.031001145020127,1.0
2330000,-3.0402787,0.15395002,0.020789035,6.756528e-05,2.9580145,None,None,None,1.0
2340000,-3.2532535,0.07359183,0.031780038,6.647289e-05,2.8942513,1002.0,-21.530640058219433,-21.530640058219433,1.0
2350000,-3.216929,0.056882378,0.028094126,6.543529e-05,2.9189403,1953.0,-55.9386990275234,-55.9386990275234,1.0
2360000,-3.2775385,0.06257923,0.025041975,6.439289e-05,3.013715,690.5,-14.673949122428894,-14.673949122428894,1.0
2370000,-3.121355,0.13912956,0.027646631,6.334487e-05,3.0957682,921.0,-26.844066124409437,-26.844066124409437,1.0
2380000,-3.0788267,0.059451398,0.021231353,6.23037e-05,3.0376506,1670.0,-48.0884083857139,-48.0884083857139,1.0
2390000,-2.9682238,0.07020454,0.024677707,6.125848e-05,3.0955493,None,None,None,1.0
2400000,-3.1639023,0.01857959,0.026897749,6.0176902e-05,3.0543718,1999.0,-65.20105472952127,-65.20105472952127,1.0
2410000,-2.9461892,0.122911744,0.026836177,5.9107686e-05,2.9661431,1023.3333333333334,-12.763829190284014,-12.763829190284014,1.0
2420000,-3.005415,None,None,None,2.954331,1999.0,-62.739860420425735,-62.739860420425735,1.0
2430000,-2.9536266,0.029491562,0.024977753,5.798768e-05,2.9382627,1182.5,-24.220466026881088,-24.220466026881088,1.0
2440000,-2.9255948,0.0968561,0.030909313,5.693887e-05,2.8999684,379.0,-33.126818805933,-33.126818805933,1.0
2450000,-3.0154197,0.07286773,0.02464831,5.5839682e-05,2.9064574,1999.0,-60.88579820841551,-60.88579820841551,1.0
2460000,-3.047686,0.06262655,0.02720674,5.47529e-05,2.9632292,1092.0,-12.506337836384773,-12.506337836384773,1.0
2470000,-2.9419713,0.16847128,0.027508361,5.3694897e-05,2.9146633,838.0,-29.511091724038124,-29.511091724038124,1.0
2480000,-3.1207163,0.05664393,0.022709137,5.2614494e-05,2.9594839,1999.0,-57.62794283032417,-57.62794283032417,1.0
2490000,-3.1694725,0.0740337,0.027030522,5.1513678e-05,3.066072,908.0,-23.31015194704135,-23.31015194704135,1.0
2500000,-3.1447492,0.099628024,0.025185682,5.041647e-05,3.040059,1962.5,-61.12319456040859,-61.12319456040859,1.0
2510000,-3.1160803,0.072512634,0.02708916,4.927568e-05,3.3186896,1645.5,-41.17068083956838,-41.17068083956838,1.0
2520000,-3.1313999,0.054341845,0.024106804,4.8217273e-05,3.169622,878.5,-28.478041630238295,-28.478041630238295,1.0
2530000,-2.9854455,0.13478573,0.027393665,4.709408e-05,3.0798745,None,None,None,1.0
2540000,-3.0913787,0.09578273,0.026423087,4.601969e-05,3.0739305,606.0,-14.42310688085854,-14.42310688085854,1.0
2550000,-3.177385,None,None,None,3.008114,1262.0,-10.122919104993343,-10.122919104993343,1.0
2560000,-3.0425851,0.06676263,0.02071268,4.4964494e-05,2.98518,509.0,-39.7749580219388,-39.7749580219388,1.0
2570000,-3.1192691,0.05364721,0.024727868,4.3909284e-05,3.0339963,878.0,-28.489569899936516,-28.489569899936516,1.0
2580000,-3.012965,0.10277405,0.020990422,4.2880078e-05,3.0972853,1182.0,-32.019294019788504,-32.019294019788504,1.0
2590000,-3.0752065,0.05292798,0.02618298,4.1805688e-05,2.9900825,1610.0,-52.96761681698263,-52.96761681698263,1.0
2600000,-2.896081,0.120499834,0.021924207,4.0713698e-05,2.938281,445.0,-6.86768764257431,-6.86768764257431,1.0
2610000,-3.0937812,0.03846461,0.023095647,3.963849e-05,2.961441,726.0,-17.317767971617286,-17.317767971617286,1.0
2620000,-2.937692,0.1390909,0.02257523,3.8508493e-05,3.0224173,1219.6666666666667,-35.9597431517177,-35.9597431517177,1.0
2630000,-2.883397,0.09456939,0.029630108,3.748409e-05,2.995413,417.0,-9.678847784176469,-9.678847784176469,1.0
2640000,-3.0113342,0.14626358,0.027403172,3.6369678e-05,2.9185245,1102.0,-30.978336967527866,-30.978336967527866,1.0
2650000,-2.9597266,0.021588314,0.032468695,3.5313697e-05,2.7987757,1999.0,-60.67192756012082,-60.67192756012082,1.0
2660000,-2.939691,0.029520405,0.022624156,3.42833e-05,2.7706358,None,None,None,1.0
2670000,-3.0506117,0.017975025,0.024334043,3.3208093e-05,2.8472023,None,None,None,1.0
2680000,-3.1842682,0.017121743,0.02111017,3.2056083e-05,2.9449563,None,None,None,1.0
2690000,-3.2005785,0.015805654,0.023449387,3.1006504e-05,3.0027378,1999.0,None,None,1.0
2700000,-3.1688583,None,None,None,2.9225068,957.0,-37.504910215735435,-37.504910215735435,1.0
2710000,-3.1167111,0.08424214,0.022043517,2.9875286e-05,2.9017665,1732.3333333333333,-41.534938272088766,-41.534938272088766,1.0
2720000,-3.1393554,0.059714932,0.031433903,2.876809e-05,2.8484764,1999.0,-67.55051378533244,-67.55051378533244,1.0
2730000,-3.1000671,0.029233404,0.03315243,2.7712087e-05,2.7735457,1199.0,-33.16684264689684,-33.16684264689684,1.0
2740000,-3.001324,0.06446362,0.019597853,2.6617687e-05,2.842363,1456.1666666666667,-35.20810153707862,-35.20810153707862,1.0
2750000,-2.8840683,0.1297321,0.025518391,2.5573296e-05,3.0477493,1368.0,-51.43787116259337,-51.43787116259337,1.0
2760000,-2.8541162,0.11019035,0.020661986,2.4505296e-05,3.052116,1142.5,-36.42983851954341,-36.42983851954341,1.0
2770000,-2.8492627,0.08234064,0.02783923,2.3456885e-05,2.9607966,924.6666666666666,-25.088141910731792,-25.088141910731792,1.0
2780000,-2.899824,0.110570215,0.025451178,2.2347298e-05,2.9430683,569.0,-13.525802467018366,-13.525802467018366,1.0
2790000,-2.9282503,0.12900436,0.01932252,2.1281692e-05,3.0191696,749.0,-20.747296445071697,-20.747296445071697,1.0
2800000,-2.9603457,0.10001576,0.02331382,2.0152891e-05,3.0411258,813.3333333333334,-8.597818706184626,-8.597818706184626,1.0
2810000,-3.039575,0.055772416,0.019346813,1.905009e-05,2.9158463,1873.0,-53.25398410111666,-53.25398410111666,1.0
2820000,-3.046817,0.09800676,0.026276017,1.8006891e-05,2.8125827,1949.0,-59.25876443460584,-59.25876443460584,1.0
2830000,-2.966205,None,None,None,2.7422183,1999.0,-59.068432826548815,-59.068432826548815,1.0
2840000,-2.9886408,0.029218215,0.028133359,1.6918897e-05,2.7270436,None,None,None,1.0
2850000,-3.0162513,0.043367002,0.023133202,1.5845299e-05,2.6838174,379.0,-5.135224178433418,-5.135224178433418,1.0
2860000,-3.1440861,0.02112651,0.019810569,1.4744502e-05,2.649959,None,None,None,1.0
2870000,-3.1711268,0.019757394,0.028407369,1.3618101e-05,2.7520037,1999.0,-62.22442923858762,-62.22442923858762,1.0
2880000,-3.0609486,0.022142807,0.021419786,1.25749e-05,2.7910562,None,-62.04836645722389,-62.04836645722389,1.0
2890000,-3.0621645,0.035179228,0.02436003,1.1442097e-05,2.7130718,1427.6666666666667,-37.07120469585061,-37.07120469585061,1.0
2900000,-3.0067837,0.07874502,0.024383334,1.0366105e-05,2.7193677,1467.6666666666667,-45.44630086608231,-45.44630086608231,1.0
2910000,-2.8937376,0.067819424,0.024155008,9.341302e-06,2.744558,1600.0,-45.47922224551439,-45.47922224551439,1.0
2920000,-2.8803368,0.0812773,0.0223316,8.226094e-06,2.855232,1999.0,-62.5439426638186,-62.5439426638186,1.0
2930000,-2.9432604,0.04396009,0.022876855,7.193301e-06,2.8008852,1226.0,-37.68755797483027,-37.68755797483027,1.0
2940000,-2.932003,0.026398327,0.022073131,6.1053083e-06,2.6147075,1999.0,-55.723641477525234,-55.723641477525234,1.0
2950000,-3.067297,0.019391963,0.023722077,5.0301e-06,2.5997875,1999.0,-58.20691020786762,-58.20691020786762,1.0
2960000,-3.0449214,None,None,None,2.6553721,1517.5,-44.924677569419146,-44.924677569419146,1.0
2970000,-2.9851036,0.05311106,0.020715853,3.911295e-06,2.6888764,None,None,None,1.0
2980000,-3.1175175,0.022079416,0.024714647,2.8616944e-06,2.6293983,1716.0,-49.27256555855274,-49.27256555855274,1.0
